category,country,status,objective,campaign_id,campaign_name,brand_name,primary_KPI,currency,ad_group_id,start_date,end_date,media_platform,channel,ad_placement,ad_format,sem_keyword_type,age_groups,genders,retargeting,interest,audience_type,billing_type,billing_unit_cost, budget , actual_spend , impressions , clicks , ctr , views , vtr , opens , sessions , conversions , conversion_rate , revenue , roas 
Apparel,DE,completed,conversion,ADIDAS_BF_001,Black Friday Mega Sale,Adidas,roas,EUR,ADIDAS_BF_SEM_BR_1,2024-11-10,2024-12-06,Google,SEM,Search,text,brand,"18-24,25-34,35-44",all,FALSE,"running,fashion",prospecting,cpc,0.72," 81,557 "," 81,557 "," 2,831,850 "," 113,274 ", 0.0400 ,, - ,," 79,292 "," 3,715 ", 0.047 ," 330,538 ", 4.1 
Apparel,DE,completed,conversion,ADIDAS_BF_001,Black Friday Mega Sale,Adidas,roas,EUR,ADIDAS_BF_SEM_GEN_1,2024-11-10,2024-12-06,Google,SEM,Search,text,generic,"18-24,25-34,35-44",all,FALSE,sportswear,prospecting,cpc,1.04," 8,443 "," 8,443 "," 162,860 "," 8,118 ", 0.0498 ,, - ,," 5,683 ", 392 , 0.069 ," 35,357 ", 4.2 
Apparel,DE,completed,conversion,ADIDAS_BF_001,Black Friday Mega Sale,Adidas,roas,EUR,ADIDAS_BF_META_PR_1,2024-11-10,2024-12-06,Instagram,SOCIAL,IG/FB Feed+Stories,image,,"18-24,25-34,35-44",all,TRUE,"running,fashion,lifestyle",prospecting,cpc,0.46," 97,861 "," 97,861 "," 4,625,750 "," 212,741 ", 0.0460 ,, - ,," 136,781 "," 7,877 ", 0.058 ," 925,741 ", 9.5 
Apparel,DE,completed,conversion,ADIDAS_BF_001,Black Friday Mega Sale,Adidas,roas,EUR,ADIDAS_BF_META_RT_1,2024-11-10,2024-12-06,Instagram,SOCIAL,IG/FB Feed+Stories,carousel,,"25-34,35-44",all,TRUE,high_intent,retargeting,cpc,0.63," 37,139 "," 37,139 "," 764,360 "," 58,951 ", 0.0771 ,, - ,," 39,851 "," 2,713 ", 0.068 ," 237,395 ", 6.4 
Apparel,DE,completed,conversion,ADIDAS_BF_001,Black Friday Mega Sale,Adidas,roas,EUR,ADIDAS_BF_YT_1,2024-11-10,2024-12-06,Youtube,DISPLAY,In-stream Click-to-Landing,video,,"18-24,25-34,35-44",all,FALSE,"running,community",prospecting,cpc,0.55," 69,338 "," 69,338 "," 2,290,036 "," 126,069 ", 0.0551 ," 575,775 ", 0.2514 ,," 88,248 "," 5,149 ", 0.058 ," 435,797 ", 6.3 
Apparel,DE,completed,conversion,ADIDAS_BF_001,Black Friday Mega Sale,Adidas,roas,EUR,ADIDAS_BF_CRITEO_RT_1,2024-11-10,2024-12-06,Criteo,DISPLAY,Dynamic Retargeting,native,,"25-34,35-44",all,TRUE,high_purchase_intent,retargeting,cpc,0.68," 35,662 "," 35,662 "," 1,474,432 "," 52,444 ", 0.0356 ,, - ,," 39,176 "," 2,502 ", 0.064 ," 197,559 ", 5.5 
Apparel,DE,completed,conversion,ADIDAS_BF_001,Black Friday Mega Sale,Adidas,roas,EUR,ADIDAS_BF_AFF_1,2024-11-10,2024-12-06,Awin,AFFILIATE,Publisher Mixed,native,,25-45,all,TRUE,,prospecting,cpa,8," 50,000 "," 50,000 ",,,,,,," 62,500 "," 3,486 ", 0.056 ," 394,451 ", 7.9 
Apparel,DE,completed,conversion,ADIDAS_BF_001,Black Friday Mega Sale,Adidas,roas,EUR,ADIDAS_BF_EMAIL_1,2024-11-10,2024-12-06,Salesforce Marketing Cloud,EMAIL,Inbox,html,,25-45,all,FALSE,,retargeting,flat," 20,000 "," 20,000 "," 20,000 ",,,,,," 35,000 "," 22,012 "," 1,704 ", 0.077 ," 141,585 ", 7.1 
Apparel,DE,completed,consideration,ADIDAS_LRC_001,Adidas Local Run Challenge,Adidas,sessions,EUR,ADIDAS_LRC_SEM_BR_1,2024-05-20,2024-06-30,Google,SEM,Search,text,brand,18-44,all,FALSE,"running,athleisure",prospecting,cpc,0.76," 4,000 "," 4,000 "," 134,274 "," 5,263 ", 0.0392 ,, - ,," 4,042 ", 113 , 0.028 ," 7,410 ", 1.9 
Apparel,DE,completed,consideration,ADIDAS_LRC_001,Adidas Local Run Challenge,Adidas,sessions,EUR,ADIDAS_LRC_META_PR_1,2024-05-20,2024-06-15,Instagram,Social,IG/FB Feed+Stories,video,,18-34,all,FALSE,"running,community",prospecting,cpc,0.42," 7,000 "," 7,000 "," 1,055,506 "," 16,667 ", 0.0158 ," 105,551 ", 0.1000 ,," 9,347 ", 296 , 0.032 ," 19,373 ", 2.8 
Apparel,DE,completed,consideration,ADIDAS_LRC_001,Adidas Local Run Challenge,Adidas,sessions,EUR,ADIDAS_LRC_META_RT_1,2024-05-20,2024-06-30,Instagram,Social,IG/FB Feed+Stories,image,,25-44,all,TRUE,,retargeting,cpc,0.6," 3,000 "," 3,000 "," 306,748 "," 5,000 ", 0.0163 ,, - ,," 3,300 ", 81 , 0.025 ," 5,868 ", 2.0 
Apparel,DE,completed,consideration,ADIDAS_LRC_001,Adidas Local Run Challenge,Adidas,sessions,EUR,ADIDAS_LRC_TT_SPARK_1,2024-05-25,2024-06-10,TikTok,Social,Feed+Spark,video,,18-30,all,FALSE,"fitness,ugc,sport",prospecting,cpc,0.33," 5,000 "," 5,000 "," 1,907,672 "," 15,152 ", 0.0079 ," 190,767 ", 0.1000 ,," 8,807 ", 275 , 0.031 ," 20,061 ", 4.0 
Apparel,DE,completed,consideration,ADIDAS_LRC_001,Adidas Local Run Challenge,Adidas,sessions,EUR,ADIDAS_LRC_DISPLAY_YT_1,2024-05-28,2024-06-30,Youtube,Display,YouTube In-Stream,video,,18-44,all,FALSE,,prospecting,cpc,0.38," 7,000 "," 7,000 "," 1,089,940 "," 18,421 ", 0.0169 ," 148,132 ", 0.1359 ,," 10,280 ", 302 , 0.029 ," 17,231 ", 2.5 
Apparel,DE,completed,consideration,ADIDAS_LRC_001,Adidas Local Run Challenge,Adidas,sessions,EUR,ADIDAS_LRC_EMAIL_1,2024-05-20,2024-06-30,Salesforce Marketing Cloud,EMAIL,Inbox,html,,25-54,all,FALSE,,retargeting,flat," 2,000 "," 2,000 "," 2,000 ",,,,,," 5,200 "," 1,800 ", 42 , 0.023 ," 3,321 ", 1.7 
Apparel,DE,completed,consideration,ADIDAS_LRC_001,Adidas Local Run Challenge,Adidas,sessions,EUR,ADIDAS_LRC_AFF_1,2024-05-20,2024-06-30,Awin,Affiliate,Publisher Mixed,native,,25-45,all,TRUE,,prospecting,cpa,8," 2,000 "," 2,000 ",,,,,,," 14,250 ", 376 , 0.026 ," 29,213 ", 14.6 
Apparel,DE,completed,conversion,ADIDAS_OCR_2024_001,Adidas Owners Club Refresh,Adidas,roas,EUR,ADIDAS_OCR_SEM_BR_1,2024-03-01,2024-04-15,Google,SEM,Search,text,brand,25-54,all,FALSE,"lifestyle,running",prospecting,cpc,0.79," 5,000 "," 5,000 "," 118,300 "," 6,329 ", 0.0535 ,, - ,," 5,536 ", 326 , 0.059 ," 31,175 ", 6.2 
Apparel,DE,completed,conversion,ADIDAS_OCR_2024_001,Adidas Owners Club Refresh,Adidas,roas,EUR,ADIDAS_OCR_META_RT_1,2024-03-01,2024-04-15,Instagram,Social,IG/FB Feed+Stories,image,,25-54,all,TRUE,"running,athleisure",retargeting,cpc,0.61," 5,000 "," 5,000 "," 455,000 "," 8,200 ", 0.0180 ,, - ,," 96,500 "," 4,816 ", 0.050 ," 563,571 ", 112.7 
Apparel,DE,completed,conversion,ADIDAS_OCR_ROAS_001,Adidas Owners Club Refresh,Adidas,roas,EUR,ADIDAS_OCR_DISPLAY_RT_1,2024-03-05,2024-04-15,Google Display Network,display,Responsive Display,image,,25-54,all,TRUE,home_fitness,retargeting,cpc,0.41," 5,000 "," 5,000 "," 597,794 "," 12,195 ", 0.0204 ,, - ,   ," 8,779 ", 378 , 0.043 ," 49,602 ", 9.9 
Apparel,DE,completed,conversion,ADIDAS_OCR_2024_001,Adidas Owners Club Refresh,Adidas,roas,EUR,ADIDAS_OCR_EMAIL_1,2024-03-01,2024-04-15,Salesforce Marketing Cloud,EMAIL,Inbox,html,,25-64,all,FALSE,,retargeting,flat," 10,000 "," 10,000 "," 10,000 ",,,,,," 26,500 "," 15,200 ", 795 , 0.052 ," 111,290 ", 11.1 
Apparel,DE,completed,awareness,ADIDAS_UL_001,Adidas Ultraboost Light Launch,Adidas,sessions,EUR,ADIDAS_UL_SEM_BR_1,2024-02-01,2024-03-31,Google,SEM,Search,text,brand,"18-24,25-34,35-44",all,FALSE,"running,lifestyle",prospecting,cpc,0.79," 20,000 "," 20,000 "," 488,000 "," 25,316 ", 0.0519 ,, - ,," 25,316 ", 455 , 0.018 ," 49,601 ", 2.5 
Apparel,DE,completed,awareness,ADIDAS_UL_001,Adidas Ultraboost Light Launch,Adidas,sessions,EUR,ADIDAS_UL_META_PR_1,2024-02-01,2024-03-31,Instagram,SOCIAL,IG/FB Feed+Stories,video,,"18-24,25-34,35-44",all,TRUE,"running,fashion,street",prospecting,cpc,0.44," 65,000 "," 65,000 "," 17,120,000 "," 295,455 ", 0.0173 ," 4,070,000 ", 0.2377 ,," 184,181 "," 3,294 ", 0.018 ," 447,203 ", 6.9 
Apparel,DE,completed,awareness,ADIDAS_UL_001,Adidas Ultraboost Light Launch,Adidas,sessions,EUR,ADIDAS_UL_TT_1,2024-02-01,2024-03-31,TikTok,SOCIAL,Feed+Spark,video,,"18-24,25-34",all,FALSE,"fashion,fitness,urban",prospecting,cpc,0.33," 20,000 "," 20,000 "," 10,300,000 "," 60,606 ", 0.0059 ," 2,780,000 ", 0.2699 ,," 60,606 "," 1,298 ", 0.021 ," 171,383 ", 8.6 
Apparel,DE,completed,awareness,ADIDAS_UL_001,Adidas Ultraboost Light Launch,Adidas,sessions,EUR,ADIDAS_UL_YT_1,2024-02-01,2024-03-31,Youtube,DISPLAY,In-stream,video,,"18-24,25-34,35-44",all,FALSE,"running,community",prospecting,cpc,0.51," 40,000 "," 40,000 "," 7,002,801 "," 78,431 ", 0.0112 ," 2,145,658 ", 0.3064 ,," 78,431 "," 1,446 ", 0.018 ," 153,036 ", 3.8 
Apparel,DE,completed,consideration,ADIDAS_INF_001,Influencer Partnership Drive,Adidas,clicks,EUR,ADIDAS_INF_IG_POST_1,2024-05-10,2024-06-15,Instagram,SOCIAL,Influencer,video,,18-34,female,FALSE,bodypositive,prospecting,flat," 18,000 "," 18,000 "," 18,000 "," 634,921 "," 60,000 ", 0.0220 ," 285,714 ", 0.4500 ,," 41,188 "," 11,099 ", 0.027 ," 942,684 ", 52.4 
Apparel,DE,completed,consideration,ADIDAS_INF_001,Influencer Partnership Drive,Adidas,clicks,EUR,ADIDAS_INF_TT_POST_1,2024-05-10,2024-06-15,TikTok,SOCIAL,Influencer,video,,18-30,female,FALSE,"fitness,streetwear",prospecting,flat," 12,000 "," 12,000 "," 12,000 "," 1,219,512 "," 97,561 ", 0.0130 ," 512,195 ", 0.4200 ,," 60,199 "," 20,680 ", 0.018 ," 2,457,148 ", 204.8 
Apparel,DE,completed,consideration,ADIDAS_INF_001,Influencer Partnership Drive,Adidas,clicks,EUR,ADIDAS_INF_MAG_ART_1,2024-05-10,2024-06-15,Online Magazine,CONTENT,Influencer,video,,20-40,female,FALSE,fashion_lifestyle,prospecting,flat," 5,000 "," 5,000 "," 5,000 "," 127,421 "," 15,291 ", - ," 45,872 ", 0.3600 ,," 9,197 "," 3,098 ", 0.031 ," 365,631 ", 73.1 
Apparel,DE,completed,conversion,ADIDAS_SS_ROAS_001,Summer Sale Campaign,Adidas,roas,EUR,ADIDAS_SS_SEM_BR_1,2024-06-01,2024-06-30,Google,SEM,Search,text,brand,25-44,all,FALSE,"running,athleisure",prospecting,cpc,0.82," 10,000 "," 10,000 "," 210,000 "," 12,195 ", 0.0581 , - ,,," 12,195 ", 729 , 0.060 ," 75,449 ", 7.5 
Apparel,DE,completed,conversion,ADIDAS_SS_ROAS_001,Summer Sale Campaign,Adidas,roas,EUR,ADIDAS_SS_SEM_GEN_1,2024-06-01,2024-06-15,Google,SEM,Search,text,generic,18-34,all,FALSE,"fitness,streetwear",prospecting,cpc,1.13," 4,000 "," 4,000 "," 74,800 "," 3,539 ", 0.0473 , - ,,," 3,539 ", 216 , 0.061 ," 17,788 ", 4.4 
Apparel,DE,completed,conversion,ADIDAS_SS_ROAS_001,Summer Sale Campaign,Adidas,roas,EUR,ADIDAS_SS_META_RT_1,2024-06-01,2024-06-30,Instagram,social,IG/FB Feed+Stories,image,,25-44,all,TRUE,,retargeting,cpc,0.64," 8,000 "," 8,000 "," 618,000 "," 12,500 ", 0.0202 ,, - ,," 12,500 ", 694 , 0.056 ," 69,012 ", 8.6 
Apparel,DE,completed,conversion,ADIDAS_SS_ROAS_001,Summer Sale Campaign,Adidas,roas,EUR,ADIDAS_SS_META_PR_1,2024-06-01,2024-06-12,Instagram,social,IG/FB Feed+Stories,image,,18-34,all,FALSE,"fashion,female_style",prospecting,cpc,0.46," 3,000 "," 3,000 "," 494,000 "," 6,522 ", 0.0132 ,, - ,," 6,522 ", 360 , 0.055 ," 29,017 ", 9.7 
Apparel,DE,completed,conversion,ADIDAS_SS_ROAS_001,Summer Sale Campaign,Adidas,roas,EUR,ADIDAS_SS_AFF_1,2024-06-01,2024-06-30,Awin,AFFILIATE,Publisher Network,text,,25-54,all,FALSE,deal_seekers,prospecting,cpa,3.1," 2,000 "," 2,000 ",,,,,,," 17,480 ", 864 , 0.049 ," 83,929 ", 42.0 
Apparel,DE,completed,conversion,ADIDAS_SS_ROAS_001,Summer Sale Campaign,Adidas,roas,EUR,ADIDAS_SS_EMAIL_1,2024-06-01,2024-06-30,Salesforce Marketing Cloud,EMAIL,Inbox,html,,25-54,all,FALSE,,retargeting,flat," 2,000 "," 3,000 "," 3,000 ",,,,,," 1,880 "," 1,429 ", 74 , 0.052 ," 8,386 ", 2.8 
Home Appliances,DE,completed,awareness,DY_V15_2024_001,Dyson V15 Smart Home Launch,Dyson,sessions,EUR,DY_V15_SEM_BR_1,2024-03-01,2024-04-15,Google,SEM,Search,text,brand,25-54,all,FALSE,smart_vacuum_upper,prospecting,cpc,1.35," 15,000 "," 15,000 "," 179,500 "," 11,111 ",6.2%, - ,,," 8,227 ", 87 ,1.1%," 46,164 ", 3.1 
Home Appliances,DE,completed,awareness,DY_V15_2024_001,Dyson V15 Smart Home Launch,Dyson,sessions,EUR,DY_V15_SEM_GEN_1,2024-03-01,2024-04-10,Google,SEM,Search,text,generic,25-54,all,FALSE,auto_cleaning_tech,prospecting,cpc,2.45," 10,000 "," 10,000 "," 105,500 "," 4,082 ",3.9%, - ,,," 3,271 ", 31 ,0.9%," 16,786 ", 1.7 
Home Appliances,DE,completed,awareness,DY_V15_2024_001,Dyson V15 Smart Home Launch,Dyson,sessions,EUR,DY_V15_META_PR_1,2024-03-01,2024-03-25,Instagram,SOCIAL,Feed+Reels,video,,25-44,all,FALSE,home_lifestyle_inspo,prospecting,cpc,0.72," 58,000 "," 58,000 "," 6,394,000 "," 80,556 ",1.3%," 2,568,000 ",40.2%,," 40,842 ", 442 ,1.1%," 211,345 ", 3.6 
Home Appliances,DE,completed,awareness,DY_V15_2024_001,Dyson V15 Smart Home Launch,Dyson,sessions,EUR,DY_V15_META_RT_1,2024-03-15,2024-04-15,Instagram,SOCIAL,IG/FB Feed+Stories,video,,25-54,all,TRUE,,retargeting,cpc,0.85," 22,000 "," 22,000 "," 2,053,000 "," 25,882 ",1.3%," 205,300 ",10.0%,," 18,635 ", 201 ,1.1%," 91,544 ", 4.2 
Home Appliances,DE,completed,awareness,DY_V15_2024_001,Dyson V15 Smart Home Launch,Dyson,sessions,EUR,DY_V15_YT_1,2024-03-05,2024-04-10,Youtube,DISPLAY,In-Stream,video,,25-54,all,FALSE,premium_home_care,prospecting,cpv,0.04," 29,000 "," 29,000 "," 3,111,000 "," 25,639 ",0.8%," 725,000 ",23.3%,," 17,907 ", 148 ,0.8%," 89,462 ", 3.1 
Home Appliances,DE,completed,awareness,DY_V15_2024_001,Dyson V15 Smart Home Launch,Dyson,sessions,EUR,DY_V15_GDN_RT_1,2024-03-10,2024-04-15,Google Display Network,DISPLAY,Responsive Display,image,,25-54,all,TRUE,home_cleaning,retargeting,cpc,0.31," 11,000 "," 11,000 "," 2,335,000 "," 35,484 ",1.5%, - ,,," 18,275 ", 158 ,0.9%," 93,818 ", 8.5 
Home Appliances,DE,completed,awareness,DY_V15_2024_001,Dyson V15 Smart Home Launch,Dyson,sessions,EUR,DY_V15_EMAIL_1,2024-03-01,2024-04-15,Salesforce Marketing Cloud,EMAIL,Inbox,html,,25-64,all,TRUE,,retargeting,flat," 2,000 "," 5,000 "," 5,000 ",,,,,," 46,250 "," 17,250 ", 188 ,1.1%," 99,614 ", 19.9 
Home Appliances,DE,completed,conversion,DY_B2S_2024_001,Back-to-School Home Essentials,Dyson,roas,EUR,DY_B2S_SEM_BR_1,2024-08-10,2024-09-30,Google,SEM,Search,text,brand,25-54,all,FALSE,back_to_school,prospecting,cpc,1.35," 5,000 "," 5,000 "," 231,481 "," 3,704 ",1.6%, - ,,," 3,704 ", 60 ,1.6%," 28,742 ", 5.7 
Home Appliances,DE,completed,conversion,DY_B2S_2024_001,Back-to-School Home Essentials,Dyson,roas,EUR,DY_B2S_SEM_GEN_1,2024-08-10,2024-09-10,Google,SEM,Search,text,generic,25-44,female,FALSE,home_cleaning,prospecting,cpc,2.4," 2,000 "," 2,000 "," 51,000 ", 833 ,1.6%, - ,,, 833 , 14 ,1.7%," 6,292 ", 3.1 
Home Appliances,DE,completed,conversion,DY_B2S_2024_001,Back-to-School Home Essentials,Dyson,roas,EUR,DY_B2S_META_PR_1,2024-08-10,2024-08-25,Instagram,SOCIAL,Feed+Reels,video,,25-44,female,FALSE,home_lifestyle,prospecting,cpc,0.63," 7,000 "," 7,000 "," 2,041,667 "," 11,111 ",0.5%," 805,000 ",39.4%,," 11,111 ", 177 ,1.6%," 67,533 ", 9.6 
Home Appliances,DE,completed,conversion,DY_B2S_2024_001,Back-to-School Home Essentials,Dyson,roas,EUR,DY_B2S_META_RT_1,2024-08-20,2024-09-30,Instagram,SOCIAL,IG/FB Feed+Stories,video,,25-54,female,TRUE,,retargeting,cpc,0.78," 3,000 "," 3,000 "," 864,000 "," 3,846 ",0.4%," 372,000 ",43.1%,," 3,846 ", 68 ,1.8%," 25,168 ", 8.4 
Home Appliances,DE,completed,conversion,DY_B2S_2024_001,Back-to-School Home Essentials,Dyson,roas,EUR,DY_B2S_GDN_RT_1,2024-08-20,2024-09-30,Google Display Network,DISPLAY,Responsive Display,image,,25-54,female,TRUE,home_storage,retargeting,cpc,0.33," 7,000 "," 7,000 "," 3,295,455 "," 21,212 ",0.6%, - ,,," 21,212 ", 305 ,1.4%," 131,456 ", 18.8 
Home Appliances,DE,completed,conversion,DY_B2S_2024_001,Back-to-School Home Essentials,Dyson,roas,EUR,DY_B2S_EMAIL_1,2024-08-10,2024-09-30,Salesforce Marketing Cloud,EMAIL,Inbox,html,,25-64,female,TRUE,,retargeting,flat," 2,000 "," 2,000 "," 2,000 ",,,,,," 9,200 "," 2,400 ", 36 ,1.5%," 13,800 ", 6.9 
Home Appliances,DE,completed,conversion,DY_B2S_2024_001,Back-to-School Home Essentials,Dyson,roas,EUR,DY_B2S_AWIN_1,2024-08-10,2024-09-30,Awin,AFFILIATE,Review+Deal,image,,25-54,all,FALSE,home_care,prospecting,cpa,28," 4,000 "," 4,000 ",,,,,,," 5,200 ", 85 ,1.6%," 41,061 ", 10.3 
Home Appliances,DE,completed,conversion,DY_HOL_2024_001,Holiday Cleaning Event,Dyson,roas,EUR,DY_HOL_SEM_BR_1,2024-11-01,2024-12-20,Google,SEM,Search,text,brand,25-64,all,FALSE,holiday_cleaning,prospecting,cpc,1.45," 3,733 "," 3,733 "," 218,666 "," 15,466 ",7.1%,,0.0%,," 12,106 ", 581 ,4.8%," 271,974 ", 72.9 
Home Appliances,DE,completed,conversion,DY_HOL_2024_001,Holiday Cleaning Event,Dyson,roas,EUR,DY_HOL_SEM_GEN_1,2024-11-01,2024-11-30,Google,SEM,Search,text,generic,25-54,female,FALSE,vacuum_cleaner,prospecting,cpc,2.55," 4,267 "," 4,267 "," 125,550 "," 4,878 ",3.9%,,0.0%,," 5,122 ", 187 ,3.7%," 87,466 ", 20.5 
Home Appliances,DE,completed,conversion,DY_HOL_2024_001,Holiday Cleaning Event,Dyson,roas,EUR,DY_HOL_META_PR_1,2024-11-01,2024-11-15,Instagram,SOCIAL,Feed+Reels,video,,25-44,female,FALSE,home_cleaning,prospecting,cpc,0.71," 3,200 "," 3,200 "," 1,312,000 "," 15,360 ",1.2%," 496,000 ",37.8%,," 8,960 ", 347 ,3.9%," 136,013 ", 42.5 
Home Appliances,DE,completed,conversion,DY_HOL_2024_001,Holiday Cleaning Event,Dyson,roas,EUR,DY_HOL_META_RT_1,2024-11-10,2024-12-20,Instagram,SOCIAL,IG/FB Feed+Stories,video,,25-64,female,TRUE,,retargeting,cpc,0.84," 4,800 "," 4,800 "," 1,312,000 "," 20,320 ",1.5%," 560,000 ",42.7%,," 16,320 ", 558 ,3.4%," 193,183 ", 40.2 
Home Appliances,DE,completed,conversion,DY_HOL_2024_001,Holiday Cleaning Event,Dyson,roas,EUR,DY_HOL_GDN_RT_1,2024-11-15,2024-12-20,Google Display Network,DISPLAY,Responsive Display,image,,25-64,female,TRUE,home_care,retargeting,cpc,0.34," 8,000 "," 8,000 "," 2,200,000 "," 30,000 ",1.4%,,0.0%,," 16,533 ", 741 ,4.5%," 349,225 ", 43.7 
Home Appliances,DE,completed,conversion,DY_HOL_2024_001,Holiday Cleaning Event,Dyson,roas,EUR,DY_HOL_EMAIL_1,2024-11-01,2024-12-20,Salesforce Marketing Cloud,EMAIL,Inbox,html,,25-64,female,TRUE,,retargeting,flat," 2,000 "," 2,000 "," 2,000 ",,,,,," 12,800 "," 3,900 ", 160 ,4.1%," 75,740 ", 37.9 
Home Appliances,DE,completed,conversion,DY_HOL_2024_001,Holiday Cleaning Event,Dyson,roas,EUR,DY_HOL_AWIN_1,2024-11-01,2024-12-20,Awin,AFFILIATE,Review+Deal,image,,25-64,female,FALSE,gift_deals,prospecting,cpa,29," 4,000 "," 4,000 ",,,,,,," 7,100 ", 245 ,3.5%," 113,248 ", 28.3 
Home Appliances,DE,completed,conversion,DYSON_MD_2024_001,Mother’s Day Gift Event,Dyson,roas,EUR,DY_MD_SEM_BR_1,2024-04-20,2024-05-31,Google,SEM,Search,text,brand,25-54,all,FALSE,"haircare,premium_gifts",prospecting,cpc,1.3," 4,200 "," 4,200 "," 280,000 "," 19,600 ",7.0%,,0.0%,," 10,500 ", 107 ,1.0%," 41,273 ", 9.8 
Home Appliances,DE,completed,conversion,DYSON_MD_2024_001,Mother’s Day Gift Event,Dyson,roas,EUR,DY_MD_SEM_GEN_1,2024-04-20,2024-05-20,Google,SEM,Search,text,generic,25-54,female,FALSE,"hair_dryer,beauty_gift",prospecting,cpc,2.1," 1,800 "," 1,800 "," 72,000 "," 3,060 ",4.3%,,0.0%,," 3,780 ", 40 ,1.1%," 16,090 ", 8.9 
Home Appliances,DE,completed,conversion,DYSON_MD_2024_001,Mother’s Day Gift Event,Dyson,roas,EUR,DY_MD_META_PR_1,2024-04-20,2024-05-10,Instagram,SOCIAL,Feed+Reels,video,,25-44,female,FALSE,beauty_gifting,prospecting,cpc,0.6," 5,380 "," 5,380 "," 2,600,000 "," 34,300 ",1.3%," 1,240,000 ",47.7%,," 18,900 ", 224 ,1.2%," 84,511 ", 15.7 
Home Appliances,DE,completed,conversion,DYSON_MD_2024_001,Mother’s Day Gift Event,Dyson,roas,EUR,DY_MD_META_RT_1,2024-04-28,2024-05-31,Instagram,SOCIAL,IG/FB Feed+Stories,video,,25-54,female,TRUE,,retargeting,cpc,0.75," 2,310 "," 2,310 "," 820,000 "," 12,000 ",1.5%," 380,000 ",46.3%,," 9,600 ", 123 ,1.3%," 45,347 ", 19.6 
Home Appliances,DE,completed,conversion,DYSON_MD_2024_001,Mother’s Day Gift Event,Dyson,roas,EUR,DY_MD_TT_PR_1,2024-04-22,2024-05-06,TikTok,SOCIAL,Feed+Spark,video,,18-34,female,FALSE,hair_styling,prospecting,cpc,0.42," 2,310 "," 2,310 "," 1,300,000 "," 17,000 ",1.3%," 620,000 ",47.7%,," 11,500 ", 121 ,1.1%," 44,606 ", 19.3 
Home Appliances,DE,completed,conversion,DYSON_MD_2024_001,Mother’s Day Gift Event,Dyson,roas,EUR,DY_MD_GDN_RT_1,2024-04-28,2024-05-31,Google Display Network,DISPLAY,Responsive Display,image,,25-54,female,TRUE,home_lifestyle,retargeting,cpc,0.3," 4,000 "," 4,000 "," 1,150,000 "," 21,500 ",1.9%,,0.0%,," 14,200 ", 193 ,1.4%," 92,870 ", 23.2 
Home Appliances,DE,completed,conversion,DYSON_MD_2024_001,Mother’s Day Gift Event,Dyson,roas,EUR,DY_MD_EMAIL_1,2024-04-20,2024-05-31,Salesforce Marketing Cloud,EMAIL,Inbox,html,,25-64,female,FALSE,,retargeting,flat," 2,000 "," 2,000 "," 2,000 ",,,,,," 9,800 "," 2,900 ", 44 ,1.5%," 18,984 ", 9.5 
Home Appliances,DE,completed,conversion,DYSON_MD_2024_001,Mother’s Day Gift Event,Dyson,roas,EUR,DY_MD_AWIN_1,2024-04-20,2024-05-31,Awin,AFFILIATE,Review+Deal,image,,25-54,female,FALSE,beauty_retail,prospecting,cpa,28," 4,000 "," 4,000 ",,,,,,," 8,400 ", 108 ,1.3%," 35,330 ", 8.8 
Home Appliances,DE,completed,conversion,DYSON_MD_2024_001,Mother’s Day Gift Event,Dyson,roas,EUR,DY_MD_YT_1,2024-04-25,2024-05-31,Youtube,DISPLAY,YouTube In-Stream,video,,25-54,female,FALSE,premium_beauty,prospecting,cpv,0.34," 4,000 "," 4,000 "," 2,450,000 "," 32,000 ",1.3%," 1,360,000 ",55.5%,," 16,794 ", 237 ,1.4%," 94,270 ", 23.6 
Home Appliances,DE,completed,conversion,DY_COOL_2024_001,Summer Cooling Series,Dyson,roas,EUR,DY_COOL_SEM_BR_1,2024-06-15,2024-07-31,Google,SEM,Search,text,brand,25-54,all,FALSE,air_purifier,prospecting,cpc,1.35," 15,000 "," 15,000 "," 825,000 "," 58,500 ",7.1%,,0.0%,," 61,425 ", 624 ,1.0%," 226,638 ", 15.1 
Home Appliances,DE,completed,conversion,DY_COOL_2024_001,Summer Cooling Series,Dyson,roas,EUR,DY_COOL_META_PR_1,2024-06-15,2024-07-15,Instagram,SOCIAL,Feed+Reels,video,,25-44,all,FALSE,summer_home,prospecting,cpc,0.58," 6,000 "," 6,000 "," 2,280,000 "," 32,500 ",1.4%," 875,000 ",38.4%,," 20,599 ", 248 ,1.2%," 95,545 ", 15.9 
Home Appliances,DE,completed,conversion,DY_COOL_2024_001,Summer Cooling Series,Dyson,roas,EUR,DY_COOL_META_RT_1,2024-07-01,2024-07-31,Instagram,SOCIAL,IG/FB Feed+Stories,video,,25-54,all,TRUE,fan_interest,retargeting,cpc,0.75," 4,000 "," 4,000 "," 820,000 "," 11,300 ",1.4%," 360,000 ",43.9%,," 9,600 ", 115 ,1.2%," 52,409 ", 13.1 
Home Appliances,DE,completed,conversion,DY_COOL_2024_001,Summer Cooling Series,Dyson,roas,EUR,DY_COOL_GDN_1,2024-06-25,2024-07-31,Google Display Network,DISPLAY,Responsive Display,image,,25-54,all,TRUE,home_aircare,retargeting,cpc,0.32," 5,000 "," 5,000 "," 1,340,000 "," 18,700 ",1.4%,,0.0%,," 10,966 ", 113 ,1.0%," 36,400 ", 7.3 
Home Appliances,DE,completed,conversion,DY_WIN_2024_001,Winter Smart Tech Push,Dyson,roas,EUR,DY_WIN_SEM_BR_1,2024-12-21,2025-01-31,Google,SEM,Search,text,brand,25-64,all,FALSE,indoor_air,prospecting,cpc,1.45," 5,700 "," 5,700 "," 376,000 "," 24,950 ",6.6%,,0.0%,," 21,600 ", 480 ,2.2%," 234,286 ", 41.1 
Home Appliances,DE,completed,conversion,DY_WIN_2024_001,Winter Smart Tech Push,Dyson,roas,EUR,DY_WIN_SEM_GEN_1,2024-12-21,2025-01-10,Google,SEM,Search,text,generic,25-54,all,FALSE,room_heater,prospecting,cpc,2.45," 3,300 "," 3,300 "," 127,000 "," 5,000 ",3.9%,,0.0%,," 5,250 ", 131 ,2.5%," 55,946 ", 17.0 
Home Appliances,DE,completed,conversion,DY_WIN_2024_001,Winter Smart Tech Push,Dyson,roas,EUR,DY_WIN_META_PR_1,2024-12-21,2025-01-15,Instagram,SOCIAL,Feed+Reels,video,,25-44,all,FALSE,cozy_home,prospecting,cpc,0.69," 2,330 "," 2,330 "," 1,011,000 "," 14,580 ",1.4%," 403,000 ",39.9%,," 9,203 ", 264 ,2.9%," 126,677 ", 54.4 
Home Appliances,DE,completed,conversion,DY_WIN_2024_001,Winter Smart Tech Push,Dyson,roas,EUR,DY_WIN_META_RT_1,2025-01-03,2025-01-31,Instagram,SOCIAL,IG/FB Feed+Stories,video,,25-64,all,TRUE,,retargeting,cpc,0.81," 4,670 "," 4,670 "," 1,284,000 "," 19,500 ",1.5%," 549,000 ",42.8%,," 11,330 ", 350 ,3.1%," 187,880 ", 40.2 
Home Appliances,DE,completed,conversion,DY_WIN_2024_001,Winter Smart Tech Push,Dyson,roas,EUR,DY_WIN_GDN_RT_1,2024-12-28,2025-01-31,Google Display Network,DISPLAY,Responsive Display,image,,25-64,all,TRUE,air_clean,retargeting,cpc,0.33," 7,000 "," 7,000 "," 1,960,000 "," 26,700 ",1.4%,,0.0%,," 13,802 ", 418 ,3.0%," 184,800 ", 26.4 
Home Appliances,DE,completed,conversion,DY_WIN_2024_001,Winter Smart Tech Push,Dyson,roas,EUR,DY_WIN_EMAIL_1,2024-12-21,2025-01-31,Salesforce Marketing Cloud,EMAIL,Inbox,html,,25-64,all,TRUE,,retargeting,flat," 2,000 "," 2,000 "," 2,000 ",,,,,," 11,000 "," 4,800 ", 107 ,2.2%," 51,436 ", 25.7 
Home Appliances,DE,completed,conversion,DY_WIN_2024_001,Winter Smart Tech Push,Dyson,roas,EUR,DY_WIN_AWIN_1,2024-12-21,2025-01-31,Awin,AFFILIATE,Review+Deal,image,,25-64,all,FALSE,price_compare,prospecting,cpa,29," 5,000 "," 5,000 ",,,,,,," 10,300 ", 249 ,2.4%," 125,180 ", 25.0 
Living & Furniture,DE,completed,consideration,EM_AUT_2024_001,Autumn_Comfort_Promotion,Emma,sessions,EUR,EM_AUT_SEM_BR_1,2024-09-01,2024-10-15,Google,SEM,Search,text,brand,20-35,all,FALSE,comfort,prospecting,cpc,1.1," 2,200 "," 2,200 "," 155,000 "," 12,400 ",8.0%,,0.0%,," 8,900 ", 117 ,1.3%," 62,526 ", 28.4 
Living & Furniture,DE,completed,consideration,EM_AUT_2024_001,Autumn_Comfort_Promotion,Emma,sessions,EUR,EM_AUT_SEM_GEN_1,2024-09-01,2024-10-10,Google,SEM,Search,text,generic,20-35,all,FALSE,mattress_home,prospecting,cpc,1.95," 1,800 "," 1,800 "," 96,000 "," 4,100 ",4.3%,,0.0%,," 4,305 ", 69 ,1.6%," 37,725 ", 21.0 
Living & Furniture,DE,completed,consideration,EM_AUT_2024_001,Autumn_Comfort_Promotion,Emma,sessions,EUR,EM_AUT_TIK_PR_1,2024-09-01,2024-09-20,TikTok,SOCIAL,Feed+Spark,video,,20-35,female,FALSE,lifestyle,prospecting,cpc,0.55," 9,000 "," 8,960 "," 4,000,000 "," 34,500 ",0.9%," 900,000 ",22.5%,," 20,548 ", 249 ,1.2%," 132,690 ", 14.7 
Living & Furniture,DE,completed,consideration,EM_AUT_2024_001,Autumn_Comfort_Promotion,Emma,sessions,EUR,EM_AUT_META_RT_1,2024-09-10,2024-10-15,Instagram,SOCIAL,IG/FB_FeedStories,video,,20-35,all,TRUE,,retargeting,cpc,0.78," 4,000 "," 4,000 "," 1,200,000 "," 16,300 ",1.4%," 380,000 ",31.7%,," 8,026 ", 141 ,1.8%," 80,224 ", 20.1 
Living & Furniture,DE,completed,consideration,EM_AUT_2024_001,Autumn_Comfort_Promotion,Emma,sessions,EUR,EM_AUT_YT_1,2024-09-05,2024-10-15,YouTube,DISPLAY,In-Stream,video,,20-35,all,FALSE,home_ambience,prospecting,cpv,0.03," 8,000 "," 8,000 "," 4,800,000 "," 45,220 ",0.9%," 240,000 ",5.0%,," 30,024 ", 488 ,1.6%," 264,932 ", 33.1 
Living & Furniture,DE,completed,consideration,EM_AUT_2024_001,Autumn_Comfort_Promotion,Emma,sessions,EUR,EM_AUT_EMAIL_1,2024-09-01,2024-10-15,Salesforce_Marketing_Cloud,EMAIL,Inbox,html,,20-45,all,TRUE,,retargeting,flat," 2,000 "," 2,000 "," 2,000 ",,,,,," 12,500 "," 3,100 ", 47 ,1.5%," 29,978 ", 15.0 
Living & Furniture,DE,completed,consideration,EM_AUT_2024_001,Autumn_Comfort_Promotion,Emma,sessions,EUR,EM_AUT_AWIN_1,2024-09-01,2024-10-15,Awin,AFFILIATE,Review+Deal,image,,20-45,all,FALSE,home_lifestyle,prospecting,cpa,25," 3,000 "," 3,000 ",,,,,,," 5,100 ", 62 ,1.2%," 27,954 ", 9.3 
Living & Furniture,DE,active,conversion,EM_BEDSET_2024_001,Bedroom Essentials Sale,Emma,roas,EUR,EM_BED_SEM_BR_1,2024-07-01,2024-08-15,Google,SEM,Search,text,brand,20-35,all,FALSE,bedding,prospecting,cpc,1.3," 7,000 "," 7,000 "," 440,000 "," 30,800 ",7.0%,,0.0%,," 25,500 ", 339 ,1.3%," 104,593 ", 14.9 
Living & Furniture,DE,active,conversion,EM_BEDSET_2024_001,Bedroom Essentials Sale,Emma,roas,EUR,EM_BED_SOC_PR_1,2024-07-01,2024-07-20,Instagram,SOCIAL,Feed+Reels,video,,20-35,all,FALSE,home_lifestyle,prospecting,cpc,0.72," 9,000 "," 9,000 "," 3,300,000 "," 30,200 ",0.9%," 820,000 ",24.8%,," 20,300 ", 356 ,1.8%," 121,888 ", 13.5 
Living & Furniture,DE,active,conversion,EM_BEDSET_2024_001,Bedroom Essentials Sale,Emma,roas,EUR,EM_BED_YT_1,2024-07-05,2024-08-15,YouTube,DISPLAY,In-Stream,video,,20-35,all,FALSE,cooling,prospecting,cpv,0.03," 8,000 "," 8,000 "," 5,300,000 "," 42,624 ",0.8%," 270,000 ",5.1%,," 24,745 ", 333 ,1.3%," 132,949 ", 16.6 
Living & Furniture,DE,active,conversion,EM_BEDSET_2024_001,Bedroom Essentials Sale,Emma,roas,EUR,EM_BED_AWIN_1,2024-07-01,2024-08-15,Awin,AFFILIATE,Review+Deal,image,,20-35,all,FALSE,home_sets,prospecting,cpa,27," 3,000 "," 3,000 ",,,,,,," 6,500 ", 109 ,1.7%," 39,534 ", 13.2 
Living & Furniture,DE,active,conversion,EM_BEDSET_2024_001,Bedroom Essentials Sale,Emma,roas,EUR,EM_BED_EMAIL_1,2024-07-01,2024-08-15,Salesforce Marketing Cloud,EMAIL,Inbox,html,,20-45,all,TRUE,,retargeting,flat," 2,000 "," 3,000 "," 3,000 ",,,,,," 2,690 ", 940 , 16 ,1.7%," 6,264 ", 2.1 
Living & Furniture,DE,completed,awareness,EM_NGHYB_2024_001,Emma NextGen Hybrid Launch Campaign,Emma,sessions,EUR,EM_NG_SEM_BR_1,2024-03-15,2024-05-05,Google,SEM,Search,text,brand,20-35,all,FALSE,mattress,prospecting,cpc,1.2," 12,000 "," 12,000 "," 680,000 "," 51,000 ",7.5%,,0.0%,," 31,900 ", 295 ,0.9%," 160,923 ", 13.4 
Living & Furniture,DE,completed,awareness,EM_NGHYB_2024_001,Emma NextGen Hybrid Launch Campaign,Emma,sessions,EUR,EM_NG_SEM_GEN_1,2024-03-15,2024-04-20,Google,SEM,Search,text,generic,20-35,all,FALSE,sleep_quality,prospecting,cpc,2.4," 8,000 "," 8,000 "," 360,000 "," 12,000 ",3.3%,,0.0%,," 7,400 ", 69 ,0.9%," 34,957 ", 4.4 
Living & Furniture,DE,completed,awareness,EM_NGHYB_2024_001,Emma NextGen Hybrid Launch Campaign,Emma,sessions,EUR,EM_NG_META_PR_1,2024-03-15,2024-04-10,Instagram,SOCIAL,Feed+Reels,video,,20-35,all,FALSE,comfort_living,prospecting,cpc,0.74," 67,000 "," 67,000 "," 16,100,000 "," 43,300 ",0.3%," 4,843,000 ",30.1%,," 108,200 ", 925 ,0.9%," 429,352 ", 6.4 
Living & Furniture,DE,completed,awareness,EM_NGHYB_2024_001,Emma NextGen Hybrid Launch Campaign,Emma,sessions,EUR,EM_NG_META_RT_1,2024-03-30,2024-05-05,Instagram,SOCIAL,IG/FB Feed+Stories,video,,20-35,all,TRUE,-,retargeting,cpc,0.82," 18,000 "," 18,000 "," 2,020,000 "," 26,200 ",1.3%," 635,000 ",31.4%,," 31,600 ", 344 ,1.1%," 150,974 ", 8.4 
Living & Furniture,DE,completed,awareness,EM_NGHYB_2024_001,Emma NextGen Hybrid Launch Campaign,Emma,sessions,EUR,EM_NG_YT_1,2024-03-20,2024-05-05,YouTube,DISPLAY,In-Stream,video,,20-35,all,FALSE,morning_routine,prospecting,cpv,0.04," 14,000 "," 14,000 "," 2,970,000 "," 32,662 ",1.1%," 890,000 ",30.0%,," 26,000 ", 244 ,0.9%," 132,087 ", 9.4 
Living & Furniture,DE,completed,awareness,EM_NGHYB_2024_001,Emma NextGen Hybrid Launch Campaign,Emma,sessions,EUR,EM_NG_GDN_RT_1,2024-04-01,2024-05-05,Google Display Network,DISPLAY,Responsive Display,image,,20-35,all,TRUE,mattress,retargeting,cpc,0.36," 26,000 "," 26,000 "," 4,390,000 "," 60,600 ",1.4%,,0.0%,," 35,584 ", 325 ,0.9%," 186,067 ", 7.2 
Living & Furniture,DE,completed,awareness,EM_NGHYB_2024_001,Emma NextGen Hybrid Launch Campaign,Emma,sessions,EUR,EM_NG_EMAIL_1,2024-03-15,2024-05-05,Salesforce Marketing Cloud,EMAIL,Inbox,html,,20-35,all,TRUE,,retargeting,flat," 5,000 "," 5,000 "," 5,000 ",,,,,," 20,500 "," 5,900 ", 61 ,1.0%," 33,905 ", 6.8 
Living & Furniture,DE,completed,consideration,EM_SW_2024_001,Emma x SCHÖNER WOHNEN Sleep Design Story,Emma,sessions,EUR,EM_SW_PARTNER_1,2024-02-15,2024-03-31,YouTube Creator,PARTNERSHIP,Creator Collab,video,,20-35,female,FALSE,,prospecting,flat," 4,000 "," 4,000 "," 4,000 ",,,," 200,180 ",,," 6,800 ", 132 ,1.9%," 52,808 ", 13.2 
Living & Furniture,DE,completed,consideration,EM_SW_2024_001,Emma x SCHÖNER WOHNEN Sleep Design Story,Emma,sessions,EUR,EM_SW_META_PR_1,2024-02-15,2024-03-15,Instagram,SOCIAL,Feed+Reels,video,,20-35,female,FALSE,interior_aesthetic,prospecting,cpc,0.68," 7,000 "," 6,980 "," 2,900,000 "," 26,000 ",0.9%," 670,000 ",23.1%,," 16,282 ", 282 ,1.7%," 92,156 ", 13.2 
Living & Furniture,DE,completed,consideration,EM_SW_2024_001,Emma x SCHÖNER WOHNEN Sleep Design Story,Emma,sessions,EUR,EM_SW_META_RT_1,2024-03-01,2024-03-31,Instagram,SOCIAL,IG/FB Feed+Stories,video,,20-35,female,TRUE,,retargeting,cpc,0.78," 3,000 "," 3,000 "," 1,200,000 "," 16,000 ",1.3%," 390,000 ",32.5%,," 11,209 ", 163 ,1.5%," 53,623 ", 17.9 
Living & Furniture,DE,completed,consideration,EM_SW_2024_001,Emma x SCHÖNER WOHNEN Sleep Design Story,Emma,sessions,EUR,EM_SW_MAG_1,2024-02-15,2024-03-31,Vogue,PR,Print+Online,image,,20-35,female,FALSE,home_style,prospecting,flat," 6,000 "," 6,000 "," 6,000 ",,,,,,," 6,400 ", 96 ,1.5%," 30,756 ", 5.1 
Living & Furniture,DE,completed,conversion,EM_UPG_2024_001,Mattress Upgrade Campaign,Emma,roas,EUR,EM_UPG_SEM_BR_1,2024-05-15,2024-06-20,Google,SEM,Search,text,brand,25-35,all,TRUE,upgrade,retargeting,cpc,1.2," 6,000 "," 6,000 "," 170,000 "," 13,600 ",8.0%,,0.0%,," 22,635 ", 167 ,0.7%," 68,133 ", 11.4 
Living & Furniture,DE,completed,conversion,EM_UPG_2024_001,Mattress Upgrade Campaign,Emma,roas,EUR,EM_UPG_META_RT_1,2024-05-20,2024-06-20,Instagram,SOCIAL,IG/FB Feed+Stories,video,,25-35,female,TRUE,,retargeting,cpc,0.75," 9,000 "," 9,000 "," 1,650,000 "," 14,800 ",0.9%," 495,000 ",30.0%,," 7,400 ", 50 ,0.7%," 19,487 ", 2.2 
Living & Furniture,DE,completed,conversion,EM_UPG_2024_001,Mattress Upgrade Campaign,Emma,roas,EUR,EM_UPG_GDN_RT_1,2024-05-20,2024-06-20,Google Display Network,DISPLAY,Responsive Display,image,,25-35,female,TRUE,mattress,retargeting,cpc,0.3," 7,000 "," 7,000 "," 2,800,000 "," 21,000 ",0.8%,,0.0%,," 11,416 ", 76 ,0.7%," 39,710 ", 5.7 
Living & Furniture,DE,completed,conversion,EM_UPG_2024_001,Mattress Upgrade Campaign,Emma,roas,EUR,EM_UPG_EMAIL_1,2024-05-15,2024-06-20,Salesforce Marketing Cloud,EMAIL,Inbox,html,,25-35,all,TRUE,,retargeting,flat," 4,000 "," 4,000 "," 4,000 ",,,,,," 10,500 "," 2,900 ", 17 ,0.6%," 9,149 ", 2.3 
Living & Furniture,DE,completed,conversion,EM_UPG_2024_001,Mattress Upgrade Campaign,Emma,roas,EUR,EM_UPG_AWIN_1,2024-05-15,2024-06-20,Awin,AFFILIATE,Review+Deal,image,,25-35,all,FALSE,discount,prospecting,cpa,28," 4,000 "," 4,000 ",,,,,,," 8,914 ", 69 ,0.8%," 30,231 ", 7.6 
Living & Furniture,DE,completed,conversion,EM_WSF_2024_001,Winter Sleep Festival,Emma,roas,EUR,EM_WSF_SEM_BR_1,2024-11-10,2024-12-31,Google,SEM,Search,text,brand,20-35,all,FALSE,sleep_set,prospecting,cpc,1.4," 8,000 "," 8,000 "," 300,000 "," 21,600 ",7.2%,,0.0%,," 15,000 ", 191 ,1.3%," 98,088 ", 12.3 
Living & Furniture,DE,completed,conversion,EM_WSF_2024_001,Winter Sleep Festival,Emma,roas,EUR,EM_WSF_META_RT_1,2024-11-15,2024-12-31,Instagram,SOCIAL,IG/FB Feed+Stories,video,,20-35,all,TRUE,,retargeting,cpc,0.82," 8,000 "," 8,000 "," 1,850,000 "," 23,500 ",1.3%," 620,000 ",33.5%,," 13,800 ", 187 ,1.4%," 102,621 ", 12.8 
Living & Furniture,DE,completed,conversion,EM_WSF_2024_001,Winter Sleep Festival,Emma,roas,EUR,EM_WSF_YT_1,2024-11-20,2024-12-31,Youtube,DISPLAY,In-Stream,video,,20-35,all,FALSE,gifts,prospecting,cpv,0.03," 7,000 "," 7,000 "," 4,700,000 "," 40,446 ",0.9%," 235,000 ",5.0%,," 20,826 ", 349 ,1.7%," 167,186 ", 23.9 
Living & Furniture,DE,completed,conversion,EM_WSF_2024_001,Winter Sleep Festival,Emma,roas,EUR,EM_WSF_EMAIL_1,2024-11-10,2024-12-31,Salesforce Marketing Cloud,EMAIL,Inbox,html,,20-35,all,TRUE,,retargeting,flat," 2,000 "," 2,000 "," 2,000 ",,,,,," 9,600 "," 4,850 ", 75 ,1.5%," 36,477 ", 18.2 
Living & Furniture,DE,completed,conversion,EM_WSF_2024_001,Winter Sleep Festival,Emma,roas,EUR,EM_WSF_AWIN_1,2024-11-10,2024-12-31,Awin,AFFILIATE,Review+Deal,image,,20-35,all,FALSE,gift_deals,prospecting,cpa,29," 5,000 "," 5,000 ",,,,,,," 12,500 ", 166 ,1.3%," 75,981 ", 15.2 
Beauty,DE,completed,consideration,EL_AUT_2024_001,Autumn Beauty Revival,Estee Lauder,sessions,EUR,EL_AUT_SEM_BR_1,2024-09-10,2024-10-25,Google,SEM,Search,text,brand,25-49,female,FALSE,repair,prospecting,cpc,1.2," 4,000 "," 4,000 "," 410,000 "," 4,100 ",1.0%,,0.0%,," 3,000 ", 64 ,2.1%," 6,108 ", 1.5 
Beauty,DE,completed,consideration,EL_AUT_2024_001,Autumn Beauty Revival,Estee Lauder,sessions,EUR,EL_AUT_META_PR_1,2024-09-10,2024-10-05,Instagram,SOCIAL,Feed+Reels,video,,25-49,female,FALSE,fall_skin,prospecting,cpc,0.75," 15,000 "," 15,000 "," 3,600,000 "," 32,400 ",0.9%," 710,000 ",19.7%,," 21,408 ", 543 ,2.5%," 53,693 ", 3.6 
Beauty,DE,completed,consideration,EL_AUT_2024_001,Autumn Beauty Revival,Estee Lauder,sessions,EUR,EL_AUT_GDN_1,2024-09-15,2024-10-25,Google Display Network,DISPLAY,Responsive Display,image,,25-49,female,TRUE,nightcare,retargeting,cpc,0.33," 9,000 "," 9,000 "," 3,100,000 "," 27,000 ",0.9%,,0.0%,," 14,710 ", 366 ,2.5%," 30,432 ", 3.4 
Beauty,DE,completed,consideration,EL_AUT_2024_001,Autumn Beauty Revival,Estee Lauder,sessions,EUR,EL_AUT_EMAIL_1,2024-09-10,2024-10-25,Salesforce Marketing Cloud,EMAIL,Inbox,html,,25-49,female,TRUE,,retargeting,flat," 2,000 "," 2,000 "," 2,000 ",,,,,," 8,200 "," 2,600 ", 65 ,2.5%," 6,209 ", 3.1 
Beauty,DE,completed,consideration,EL_AUT_2024_001,Autumn Beauty Revival,Estee Lauder,sessions,EUR,EL_AUT_AWIN_1,2024-09-10,2024-10-25,Awin,AFFILIATE,Review+Deal,image,,25-49,female,FALSE,discount,prospecting,cpa,29," 5,000 "," 5,000 ",,,,,,," 10,000 ", 256 ,2.6%," 18,169 ", 3.6 
Beauty,DE,completed,awareness,EL_DWR_2024_001,Estee Lauder Double Wear Radiance Launch,Estee Lauder,sessions,EUR,EL_DWR_SEM_BR_1,2024-03-01,2024-04-20,Google,SEM,Search,text,brand,25-49,female,FALSE,glow,prospecting,cpc,1.25," 18,000 "," 18,000 "," 1,200,000 "," 15,600 ",1.3%,,0.0%,," 8,500 ", 219 ,2.6%," 23,660 ", 1.3 
Beauty,DE,completed,awareness,EL_DWR_2024_001,Estee Lauder Double Wear Radiance Launch,Estee Lauder,sessions,EUR,EL_DWR_SEM_GEN_1,2024-03-01,2024-03-25,Google,SEM,Search,text,generic,25-49,female,FALSE,dewy_foundation,prospecting,cpc,1.8," 12,000 "," 12,000 "," 800,000 "," 7,680 ",1.0%,,0.0%,," 6,200 ", 161 ,2.6%," 14,877 ", 1.2 
Beauty,DE,completed,awareness,EL_DWR_2024_001,Estee Lauder Double Wear Radiance Launch,Estee Lauder,sessions,EUR,EL_DWR_META_PR_1,2024-03-01,2024-04-10,Instagram,SOCIAL,Feed+Reels,video,,25-49,female,FALSE,beauty_inspo,prospecting,cpc,0.85," 100,000 "," 100,000 "," 41,000,000 "," 345,000 ",0.8%," 7,800,000 ",19.0%,," 210,953 "," 5,964 ",2.8%," 514,383 ", 5.1 
Beauty,DE,completed,awareness,EL_DWR_2024_001,Estee Lauder Double Wear Radiance Launch,Estee Lauder,sessions,EUR,EL_DWR_META_RT_1,2024-03-15,2024-04-20,Instagram,SOCIAL,IG/FB Feed+Stories,video,,25-49,female,TRUE,,retargeting,cpc,0.95," 45,000 "," 45,000 "," 9,800,000 "," 85,000 ",0.9%," 2,100,000 ",21.4%,," 55,236 "," 1,481 ",2.7%," 142,418 ", 3.2 
Beauty,DE,completed,awareness,EL_DWR_2024_001,Estee Lauder Double Wear Radiance Launch,Estee Lauder,sessions,EUR,EL_DWR_INFL_1,2024-03-10,2024-04-05,Instagram Influencer,PARTNERSHIP,Creator Collab,video,,25-49,female,FALSE,beauty_reviews,prospecting,flat,," 20,000 "," 20,000 ",, - ,," 700,382 ",,," 8,800 ", 228 ,2.6%," 25,410 ", 1.3 
Beauty,DE,completed,awareness,EL_DWR_2024_001,Estee Lauder Double Wear Radiance Launch,Estee Lauder,sessions,EUR,EL_DWR_YT_1,2024-03-05,2024-04-20,Youtube,DISPLAY,In-Stream,video,,25-49,female,FALSE,-,prospecting,cpv,0.04," 70,000 "," 70,000 "," 1,750,000 "," 20,306 ",1.2%," 1,750,000 ",100.0%,," 18,500 ", 376 ,2.0%," 37,145 ", 0.5 
Beauty,DE,completed,awareness,EL_DWR_2024_001,Estee Lauder Double Wear Radiance Launch,Estee Lauder,sessions,EUR,EL_DWR_GDN_1,2024-03-10,2024-04-20,Google Display Network,DISPLAY,Responsive Display,image,,25-49,female,TRUE,,retargeting,cpc,0.4," 60,000 "," 60,000 "," 21,000,000 "," 147,000 ",0.7%,,0.0%,," 95,644 "," 2,368 ",2.5%," 214,636 ", 3.6 
Beauty,DE,completed,awareness,EL_DWR_2024_001,Estee Lauder Double Wear Radiance Launch,Estee Lauder,sessions,EUR,EL_DWR_EMAIL_1,2024-03-01,2024-04-20,Salesforce Marketing Cloud,EMAIL,Inbox,html,,25-49,female,TRUE,,retargeting,flat," 5,000 "," 5,000 "," 5,000 ",,,,,," 8,600 "," 2,600 ", 63 ,2.4%," 5,372 ", 1.1 
Beauty,DE,completed,awareness,EL_DWR_2024_001,Estee Lauder Double Wear Radiance Launch,Estee Lauder,sessions,EUR,EL_DWR_VOGUE_1,2024-03-01,2024-04-20,Vogue,PR,Print+Online,image,,25-49,female,FALSE,luxury_beauty,prospecting,flat,," 20,000 "," 20,000 ",,,,,,," 3,500 ", 103 ,2.9%," 9,260 ", 0.5 
Beauty,DE,completed,conversion,EL_HOL_2024_001,Holiday Glow Collection 2024,Estee Lauder,roas,EUR,EL_HOL_SEM_BR_1,2024-11-01,2024-12-25,Google,SEM,Search,text,brand,25-49,female,FALSE,giftset,prospecting,cpc,1.45," 12,000 "," 12,000 "," 800,000 "," 9,800 ",1.2%,,0.0%,," 7,200 ", 178 ,2.5%," 13,987 ", 1.2 
Beauty,DE,completed,conversion,EL_HOL_2024_001,Holiday Glow Collection 2024,Estee Lauder,roas,EUR,EL_HOL_SEM_GEN_1,2024-11-01,2024-12-25,Google,SEM,Search,text,generic,25-49,female,FALSE,holiday_foundation,prospecting,cpc,1.9," 8,000 "," 8,000 "," 450,000 "," 4,200 ",0.9%,,0.0%,," 3,600 ", 85 ,2.4%," 9,012 ", 1.1 
Beauty,DE,completed,conversion,EL_HOL_2024_001,Holiday Glow Collection 2024,Estee Lauder,roas,EUR,EL_HOL_META_RT_1,2024-11-10,2024-12-25,Instagram,SOCIAL,IG/FB Feed+Stories,video,,25-49,female,TRUE,,retargeting,cpc,0.9," 12,000 "," 12,000 "," 1,900,000 "," 21,000 ",1.1%," 620,000 ",32.6%,," 10,131 ", 300 ,3.0%," 28,284 ", 2.4 
Beauty,DE,completed,conversion,EL_HOL_2024_001,Holiday Glow Collection 2024,Estee Lauder,roas,EUR,EL_HOL_EMAIL_1,2024-11-01,2024-12-25,Salesforce Marketing Cloud,EMAIL,Inbox,html,,25-49,female,TRUE,,retargeting,flat," 2,000 "," 2,000 "," 2,000 ",,,,,," 9,400 "," 2,650 ", 61 ,2.3%," 4,801 ", 2.4 
Beauty,DE,completed,conversion,EL_HOL_2024_001,Holiday Glow Collection 2024,Estee Lauder,roas,EUR,EL_HOL_GDN_PR_1,2024-11-05,2024-12-25,Google Display Network,DISPLAY,Responsive Display,image,,25-49,female,FALSE,,prospecting,cpc,0.35," 6,000 "," 6,000 "," 2,100,000 "," 17,000 ",0.8%,,0.0%,," 8,501 ", 222 ,2.6%," 17,970 ", 3.0 
Beauty,DE,completed,conversion,EL_HOL_2024_001,Holiday Glow Collection 2024,Estee Lauder,roas,EUR,EL_HOL_GDN_RT_1,2024-11-10,2024-12-25,Google Display Network,DISPLAY,Responsive Display,image,,25-49,female,TRUE,,retargeting,cpc,0.45," 3,000 "," 3,000 "," 900,000 "," 7,100 ",0.8%,,0.0%,," 5,400 ", 134 ,2.5%," 13,524 ", 4.5 
Beauty,DE,completed,conversion,EL_HOL_2024_001,Holiday Glow Collection 2024,Estee Lauder,roas,EUR,EL_HOL_CRIT_RT_1,2024-11-12,2024-12-25,Criteo,DISPLAY,Dynamic Retargeting,image,,25-49,female,TRUE,,retargeting,cpc,0.8," 2,000 "," 2,000 "," 350,000 "," 2,300 ",0.7%,,0.0%,," 2,600 ", 68 ,2.6%," 6,675 ", 3.3 
Beauty,DE,completed,conversion,EL_HOL_2024_001,Holiday Glow Collection 2024,Estee Lauder,roas,EUR,EL_HOL_AWIN_1,2024-11-01,2024-12-25,Awin,AFFILIATE,Beauty Deal,image,,25-49,female,FALSE,holiday_beauty,prospecting,cpa,29," 5,000 "," 5,000 ",,,,,,," 11,800 ", 259 ,2.2%," 23,434 ", 4.7 
Beauty,DE,completed,conversion,EL_MD_2024_001,Mother’s Day Gift with Love 2024,Estee Lauder,roas,EUR,EL_MD_SEM_BR_1,2024-04-25,2024-05-31,Google,SEM,Search,text,brand,25-49,female,FALSE,ANR,prospecting,cpc,1.35," 30,000 "," 30,000 "," 2,100,000 "," 21,300 ",1.0%,,0.0%,," 18,600 ", 452 ,2.4%," 44,292 ", 1.5 
Beauty,DE,completed,conversion,EL_MD_2024_001,Mother’s Day Gift with Love 2024,Estee Lauder,roas,EUR,EL_MD_SEM_GEN_1,2024-04-25,2024-05-31,Google,SEM,Search,text,generic,25-49,female,FALSE,mothers_day_refill,prospecting,cpc,1.7," 20,000 "," 20,000 "," 1,150,000 "," 11,200 ",1.0%,,0.0%,," 8,900 ", 265 ,3.0%," 24,671 ", 1.2 
Beauty,DE,completed,conversion,EL_MD_2024_001,Mother’s Day Gift with Love 2024,Estee Lauder,roas,EUR,EL_MD_META_RT_1,2024-04-28,2024-05-31,Instagram,SOCIAL,IG/FB Feed+Stories,video,,25-49,female,TRUE,,retargeting,cpc,0.92," 40,000 "," 40,000 "," 12,200,000 "," 122,000 ",1.0%," 3,100,000 ",25.4%,," 59,650 "," 1,550 ",2.6%," 153,273 ", 3.8 
Beauty,DE,completed,conversion,EL_MD_2024_001,Mother’s Day Gift with Love 2024,Estee Lauder,roas,EUR,EL_MD_EMAIL_1,2024-04-25,2024-05-31,Salesforce Marketing Cloud,EMAIL,Inbox,html,,25-49,female,TRUE,,retargeting,flat," 10,000 "," 10,000 "," 10,000 ",,,,,," 15,000 "," 4,600 ", 124 ,2.7%," 11,317 ", 1.1 
Beauty,DE,completed,conversion,EL_MD_2024_001,Mother’s Day Gift with Love 2024,Estee Lauder,roas,EUR,EL_MD_GDN_PR_1,2024-04-29,2024-05-31,Google Display Network,DISPLAY,Responsive Display,image,,25-49,female,FALSE,gift_ideas,prospecting,cpc,0.32," 15,000 "," 15,000 "," 4,200,000 "," 32,600 ",0.8%,,0.0%,," 21,235 ", 568 ,2.7%," 58,034 ", 3.9 
Beauty,DE,completed,conversion,EL_MD_2024_001,Mother’s Day Gift with Love 2024,Estee Lauder,roas,EUR,EL_MD_GDN_RT_1,2024-04-29,2024-05-31,Google Display Network,DISPLAY,Responsive Display,image,,25-49,female,TRUE,ANR,retargeting,cpc,0.48," 7,000 "," 7,000 "," 1,350,000 "," 10,400 ",0.8%,,0.0%,," 9,900 ", 223 ,2.3%," 23,626 ", 3.4 
Beauty,DE,completed,conversion,EL_MD_2024_001,Mother’s Day Gift with Love 2024,Estee Lauder,roas,EUR,EL_MD_CRIT_RT_1,2024-04-30,2024-05-31,Criteo,DISPLAY,Dynamic Retargeting,image,,25-49,female,TRUE,giftset,retargeting,cpc,0.85," 8,000 "," 8,000 "," 900,000 "," 6,800 ",0.8%,,0.0%,," 7,200 ", 206 ,2.9%," 18,288 ", 2.3 
Beauty,DE,completed,conversion,EL_MD_2024_001,Mother’s Day Gift with Love 2024,Estee Lauder,roas,EUR,EL_MD_AWIN_1,2024-04-25,2024-05-31,Awin,AFFILIATE,Beauty Deal,image,,25-49,female,FALSE,giftset,prospecting,cpa,28," 20,000 "," 20,000 ",,,,,,," 5,800 ", 134 ,2.3%," 13,488 ", 0.7 
Beauty,DE,completed,conversion,EL_SUM_2024_001,Summer Essentials Promo,Estee Lauder,roas,EUR,EL_SUM_SEM_BR_1,2024-06-15,2024-07-31,Google,SEM,Search,text,brand,25-49,female,FALSE,summer_glow,prospecting,cpc,1.3," 12,000 "," 12,000 "," 840,000 "," 8,400 ",1.0%,,0.0%,," 4,382 ", 100 ,2.3%," 6,117 ", 0.5 
Beauty,DE,completed,conversion,EL_SUM_2024_001,Summer Essentials Promo,Estee Lauder,roas,EUR,EL_SUM_SEM_GEN_1,2024-06-15,2024-07-31,Google,SEM,Search,text,generic,25-49,female,FALSE,bronzer_set,prospecting,cpc,1.6," 6,000 "," 6,000 "," 400,000 "," 3,500 ",0.9%,,0.0%,," 2,800 ", 59 ,2.1%," 3,628 ", 0.6 
Beauty,DE,completed,conversion,EL_SUM_2024_001,Summer Essentials Promo,Estee Lauder,roas,EUR,EL_SUM_META_PR_1,2024-06-15,2024-07-10,Instagram,SOCIAL,Feed+Reels,video,,25-49,female,FALSE,sun_kissed,prospecting,cpc,0.78," 4,000 "," 4,000 "," 1,640,000 "," 15,000 ",0.9%," 350,000 ",21.3%,," 7,959 ", 229 ,2.9%," 13,899 ", 3.5 
Beauty,DE,completed,conversion,EL_SUM_2024_001,Summer Essentials Promo,Estee Lauder,roas,EUR,EL_SUM_META_RT_1,2024-06-25,2024-07-31,Instagram,SOCIAL,IG/FB Feed+Stories,video,,25-49,female,TRUE,,retargeting,cpc,0.85," 3,000 "," 3,000 "," 900,000 "," 7,200 ",0.8%," 240,000 ",26.7%,," 4,849 ", 142 ,2.9%," 8,598 ", 2.9 
Beauty,DE,completed,conversion,EL_SUM_2024_001,Summer Essentials Promo,Estee Lauder,roas,EUR,EL_SUM_EMAIL_1,2024-06-15,2024-07-31,Salesforce Marketing Cloud,EMAIL,Inbox,html,,25-49,female,TRUE,,retargeting,flat," 2,000 "," 2,000 "," 2,000 ",,,,,," 6,500 "," 1,800 ", 38 ,2.1%," 2,594 ", 1.3 
Beauty,DE,completed,conversion,EL_SUM_2024_001,Summer Essentials Promo,Estee Lauder,roas,EUR,EL_SUM_GDN_PR_1,2024-06-20,2024-07-31,Google Display Network,DISPLAY,Responsive Display,image,,25-49,female,FALSE,summer_beauty,prospecting,cpc,0.32," 3,000 "," 3,000 "," 1,050,000 "," 9,500 ",0.9%,,0.0%,," 5,006 ", 135 ,2.7%," 7,833 ", 2.6 
Beauty,DE,completed,conversion,EL_SUM_2024_001,Summer Essentials Promo,Estee Lauder,roas,EUR,EL_SUM_GDN_RT_1,2024-06-20,2024-07-31,Google Display Network,DISPLAY,Responsive Display,image,,25-49,female,TRUE,bronze_goddess,retargeting,cpc,0.45," 2,000 "," 2,000 "," 900,000 "," 6,200 ",0.7%,,0.0%,," 3,900 ", 97 ,2.5%," 6,012 ", 3.0 
Beauty,DE,completed,conversion,EL_SUM_2024_001,Summer Essentials Promo,Estee Lauder,roas,EUR,EL_SUM_CRIT_RT_1,2024-06-25,2024-07-31,Criteo,DISPLAY,Dynamic Retargeting,image,,25-49,female,TRUE,summer_sets,retargeting,cpc,0.8," 2,000 "," 2,000 "," 520,000 "," 3,700 ",0.7%,,0.0%,," 3,100 ", 85 ,2.7%," 5,628 ", 2.8 
Beauty,DE,completed,conversion,EL_SUM_2024_001,Summer Essentials Promo,Estee Lauder,roas,EUR,EL_SUM_AWIN_1,2024-06-15,2024-07-31,Awin,AFFILIATE,Beauty Deal,image,,25-49,female,FALSE,holiday_beauty,prospecting,cpa,28," 6,000 "," 6,000 ",,,,,,," 331,361 ", 300 ,0.1%," 18,664 ", 3.1 
Beauty,DE,completed,awareness,EL_VOGUE_2024_001,Winter Skincare Week with Vogue DE,Estee Lauder,sessions,EUR,EL_VOGUE_SEM_BR_1,2024-12-01,2025-01-15,Google,SEM,Search,text,brand,25-54,female,FALSE,winter_skin,prospecting,cpc,1.1," 2,000 "," 2,000 "," 130,000 "," 8,800 ",6.8%,,0.0%,," 5,100 ", 145 ,2.8%," 11,366 ", 5.7 
Beauty,DE,completed,awareness,EL_VOGUE_2024_001,Winter Skincare Week with Vogue DE,Estee Lauder,sessions,EUR,EL_VOGUE_META_PR_1,2024-12-01,2025-01-10,Instagram,SOCIAL,Feed+Reels,video,,25-49,female,FALSE,winter_beauty,prospecting,cpc,0.71," 6,000 "," 6,000 "," 3,100,000 "," 48,000 ",1.5%," 1,450,000 ",46.8%,," 28,500 ", 715 ,2.5%," 67,148 ", 11.2 
Beauty,DE,completed,awareness,EL_VOGUE_2024_001,Winter Skincare Week with Vogue DE,Estee Lauder,sessions,EUR,EL_VOGUE_META_RT_1,2024-12-18,2025-01-15,Instagram,SOCIAL,IG/FB Feed+Stories,video,,25-54,female,TRUE,,retargeting,cpc,0.85," 3,000 "," 3,000 "," 1,150,000 "," 14,500 ",1.3%," 420,000 ",36.5%,," 9,600 ", 245 ,2.6%," 18,495 ", 6.2 
Beauty,DE,completed,awareness,EL_VOGUE_2024_001,Winter Skincare Week with Vogue DE,Estee Lauder,sessions,EUR,EL_VOGUE_GDN_PR_1,2024-12-10,2025-01-15,Google Display Network,DISPLAY,Responsive Display,image,,25-49,female,FALSE,glow_skin,prospecting,cpc,0.28," 4,000 "," 4,000 "," 1,550,000 "," 19,200 ",1.2%,,0.0%,," 10,592 ", 275 ,2.6%," 22,616 ", 5.7 
Beauty,DE,completed,awareness,EL_VOGUE_2024_001,Winter Skincare Week with Vogue DE,Estee Lauder,sessions,EUR,EL_VOGUE_GDN_RT_1,2024-12-10,2025-01-15,Google Display Network,DISPLAY,Responsive Display,image,,25-54,female,TRUE,,retargeting,cpc,0.33," 2,000 "," 2,000 "," 780,000 "," 9,850 ",1.3%,,0.0%,," 6,989 ", 147 ,2.1%," 10,188 ", 5.1 
Beauty,DE,completed,awareness,EL_VOGUE_2024_001,Winter Skincare Week with Vogue DE,Estee Lauder,sessions,EUR,EL_VOGUE_EMAIL_1,2024-12-01,2025-01-15,Salesforce Marketing Cloud,EMAIL,Inbox,html,,25-64,female,TRUE,,retargeting,flat," 2,000 "," 2,000 "," 2,000 ",,,,,," 116,600 "," 33,020 ", 961 ,2.9%," 81,186 ", 40.6 
Beauty,DE,completed,awareness,EL_VOGUE_2024_001,Winter Skincare Week with Vogue DE,Estee Lauder,sessions,EUR,EL_VOGUE_AWIN_1,2024-12-01,2025-01-15,Awin,AFFILIATE,Beauty Deal,image,,25-49,female,FALSE,winter_styles,prospecting,cpa,15," 1,000 "," 1,000 ",,,,,,," 2,400 ", 60 ,2.5%," 5,718 ", 5.7 
Beauty,DE,completed,awareness,EL_VOGUE_2024_001,Winter Skincare Week with Vogue DE,Estee Lauder,sessions,EUR,EL_VOGUE_VOGUE_1,2024-12-01,2025-01-15,Vogue,PR,Online,image,,25-54,female,FALSE,luxury_skin,PR,flat," 10,000 "," 10,000 "," 10,000 "," 8,500 ", 30 ,0.4%,,0.0%,,50%, - ,0.0%, - , - 
Food & Beverage,DE,completed,conversion,NS_GG_2024_001,Garden Gourmet Spring Refresh Promotion,Nestle,roas,EUR,NS_GG_SEM_BR_1,2024-03-20,2024-04-30,Google,SEM,Search,text,brand,25-49,female,FALSE,plant_based,prospecting,cpc,0.95," 2,000 "," 2,000 "," 150,000 "," 1,650 ",1.1%,,0.0%,," 1,200 ", 116 ,9.7%," 1,983 ", 1.0 
Food & Beverage,DE,completed,conversion,NS_GG_2024_001,Garden Gourmet Spring Refresh Promotion,Nestle,roas,EUR,NS_GG_META_PR_1,2024-03-20,2024-04-25,Instagram,SOCIAL,Feed+Reels,video,,25-49,female,FALSE,sustainable_cooking,prospecting,cpc,0.6," 13,000 "," 13,000 "," 4,600,000 "," 22,500 ",0.5%," 720,000 ",15.7%,,72%, - ,0.0%, - , - 
Food & Beverage,DE,completed,conversion,NS_GG_2024_001,Garden Gourmet Spring Refresh Promotion,Nestle,roas,EUR,NS_GG_YT_1,2024-03-25,2024-04-30,Youtube,DISPLAY,In-Stream,video,,25-49,female,FALSE,healthy_eating,prospecting,cpv,0.03," 6,000 "," 6,000 "," 2,000,000 "," 17,741 ",0.9%," 140,000 ",7.0%,,70%, - ,0.0%, - , - 
Food & Beverage,DE,completed,conversion,NS_GG_2024_001,Garden Gourmet Spring Refresh Promotion,Nestle,roas,EUR,NS_GG_GDN_RT_1,2024-04-05,2024-04-30,Google Display Network,DISPLAY,Responsive Display,image,,25-49,female,TRUE,recipe_readers,retargeting,cpc,0.35," 3,000 "," 3,000 "," 950,000 "," 8,700 ",0.9%,,0.0%,,51%, - ,0.0%, - , - 
Food & Beverage,DE,completed,conversion,NS_GG_2024_001,Garden Gourmet Spring Refresh Promotion,Nestle,roas,EUR,NS_GG_EMAIL_1,2024-03-20,2024-04-30,Salesforce Marketing Cloud,EMAIL,Inbox,html,,25-49,female,TRUE,,retargeting,flat," 2,000 "," 2,000 "," 2,000 ",,,,,," 9,600 "," 2,900 ", 298 ,10.3%," 5,358 ", 2.7 
Food & Beverage,DE,completed,conversion,NS_GG_2024_001,Garden Gourmet Spring Refresh Promotion,Nestle,roas,EUR,NS_GG_AWIN_1,2024-03-20,2024-04-30,Awin,AFFILIATE,Review+Deal,image,,25-49,female,FALSE,vegan_lifestyle,prospecting,cpa,29," 4,000 "," 4,000 ",,,,,,," 5,400 ", 635 ,11.8%," 12,894 ", 3.2 
Food & Beverage,DE,completed,consideration,NS_MAG_2024_001,Maggi Autumn Wellness Program,Nestle,roas,EUR,NS_MAG_SEM_BR_1,2024-10-05,2024-11-10,Google,SEM,Search,text,brand,25-49,female,FALSE,cozy_meals,prospecting,cpc,0.85," 6,000 "," 6,000 "," 420,000 "," 7,200 ",1.7%,,0.0%,," 3,850 ", 184 ,4.8%," 4,145 ", 0.7 
Food & Beverage,DE,completed,consideration,NS_MAG_2024_001,Maggi Autumn Wellness Program,Nestle,roas,EUR,NS_MAG_META_PR_1,2024-10-05,2024-11-05,Instagram,SOCIAL,Feed+Reels,video,,25-49,female,FALSE,comfort_food,prospecting,cpc,0.65," 9,000 "," 9,000 "," 3,950,000 "," 36,100 ",0.9%," 980,000 ",24.8%,,60%, - ,0.0%, - , - 
Food & Beverage,DE,completed,consideration,NS_MAG_2024_001,Maggi Autumn Wellness Program,Nestle,roas,EUR,NS_MAG_GDN_RT_1,2024-10-15,2024-11-10,Google Display Network,DISPLAY,Responsive Display,image,,25-49,female,TRUE,comfort_home,retargeting,cpc,0.32," 7,000 "," 7,000 "," 2,450,000 "," 22,400 ",0.9%,,0.0%,,70%, - ,0.0%, - , - 
Food & Beverage,DE,completed,consideration,NS_MAG_2024_001,Maggi Autumn Wellness Program,Nestle,roas,EUR,NS_MAG_EMAIL_1,2024-10-05,2024-11-10,Salesforce Marketing Cloud,EMAIL,Inbox,html,,25-64,female,TRUE,-,retargeting,flat," 2,000 "," 2,000 "," 2,000 ",,,,,," 9,500 "," 2,600 ", 139 ,5.3%," 3,072 ", 1.5 
Food & Beverage,DE,completed,consideration,NS_MAG_2024_001,Maggi Autumn Wellness Program,Nestle,roas,EUR,NS_MAG_AWIN_1,2024-10-05,2024-11-10,Awin,AFFILIATE,Recipe+Deal,image,,25-64,all,FALSE,autumn_recipes,prospecting,cpa,28," 6,000 "," 6,000 ",,,,,,," 7,200 ", 430 ,6.0%," 10,049 ", 1.7 
Food & Beverage,DE,completed,conversion,NS_NESC_2024_001,Nescafé Winter Warmth Campaign,Nestle,roas,EUR,NS_NESC_SEM_BR_1,2024-12-01,2024-12-31,Google,SEM,Search,text,brand,25-49,all,FALSE,winter_coffee,prospecting,cpc,1.05," 6,000 "," 6,000 "," 420,000 "," 5,200 ",1.2%,,0.0%,," 3,600 ", 216 ,6.0%," 3,942 ", 0.7 
Food & Beverage,DE,completed,conversion,NS_NESC_2024_001,Nescafé Winter Warmth Campaign,Nestle,roas,EUR,NS_NESC_SEM_GEN_1,2024-12-01,2024-12-31,Google,SEM,Search,text,generic,25-49,all,FALSE,instant_coffee,prospecting,cpc,1.15," 4,000 "," 4,000 "," 300,000 "," 3,500 ",1.2%,,0.0%,," 2,400 ", 174 ,7.3%," 3,185 ", 0.8 
Food & Beverage,DE,completed,conversion,NS_NESC_2024_001,Nescafé Winter Warmth Campaign,Nestle,roas,EUR,NS_NESC_META_PR_1,2024-12-01,2024-12-28,Instagram,SOCIAL,Feed+Reels,video,,25-49,all,FALSE,cozy_home_vibes,prospecting,cpc,0.72," 6,000 "," 6,000 "," 2,150,000 "," 18,800 ",0.9%," 460,000 ",21.4%,,63%, - ,0.0%, - , - 
Food & Beverage,DE,completed,conversion,NS_NESC_2024_001,Nescafé Winter Warmth Campaign,Nestle,roas,EUR,NS_NESC_META_RT_1,2024-12-10,2024-12-31,Instagram,SOCIAL,IG/FB Feed+Stories,video,,25-49,all,TRUE,coffee_lovers,retargeting,cpc,0.85," 4,000 "," 4,000 "," 820,000 "," 9,100 ",1.1%," 310,000 ",37.8%,,64%, - ,0.0%, - , - 
Food & Beverage,DE,completed,conversion,NS_NESC_2024_001,Nescafé Winter Warmth Campaign,Nestle,roas,EUR,NS_NESC_EMAIL_1,2024-12-01,2024-12-31,Salesforce Marketing Cloud,EMAIL,Inbox,html,,25-64,all,TRUE,,retargeting,flat," 2,000 "," 2,000 "," 2,000 ",,,,,," 9,200 "," 2,600 ", 160 ,6.2%," 3,105 ", 1.6 
Food & Beverage,DE,completed,conversion,NS_NESC_2024_001,Nescafé Winter Warmth Campaign,Nestle,roas,EUR,NS_NESC_GDN_PR_1,2024-12-05,2024-12-31,Google Display Network,DISPLAY,Responsive Display,image,,25-49,all,FALSE,winter_meals,prospecting,cpc,0.38," 6,000 "," 6,000 "," 2,500,000 "," 21,000 ",0.8%,,0.0%,,52%, - ,0.0%, - , - 
Food & Beverage,DE,completed,conversion,NS_NESC_2024_001,Nescafé Winter Warmth Campaign,Nestle,roas,EUR,NS_NESC_GDN_RT_1,2024-12-12,2024-12-31,Google Display Network,DISPLAY,Responsive Display,image,,25-49,all,TRUE,coffee_restock,retargeting,cpc,0.42," 3,000 "," 3,000 "," 950,000 "," 8,800 ",0.9%,,0.0%,,61%, - ,0.0%, - , - 
Food & Beverage,DE,completed,conversion,NS_NESC_2024_001,Nescafé Winter Warmth Campaign,Nestle,roas,EUR,NS_NESC_CRITEO_RT_1,2024-12-12,2024-12-31,Criteo,DISPLAY,Dynamic Retargeting,image,,25-49,all,TRUE,site_visitors,retargeting,cpc,0.55," 2,000 "," 2,000 "," 380,000 "," 5,100 ",1.3%,,0.0%,," 2,600 ", 190 ,7.3%," 4,466 ", 2.2 
Food & Beverage,DE,completed,conversion,NS_NESC_2024_001,Nescafé Winter Warmth Campaign,Nestle,roas,EUR,NS_NESC_AWIN_1,2024-12-01,2024-12-31,Awin,AFFILIATE,Review+Deal,image,,25-49,all,FALSE,winter_deals,prospecting,cpa,29," 7,000 "," 7,000 ",,,,,,," 6,600 ", 491 ,7.4%," 10,630 ", 1.5 
Food & Beverage,DE,completed,conversion,NS_NESQ_2024_001,Nesquik Back to School Nutrition,Nestle,roas,EUR,NS_NESQ_SEM_BR_1,2024-08-10,2024-09-20,Google,SEM,Search,text,brand,25-45,all,FALSE,nesquik_kids,prospecting,cpc,1.05," 5,000 "," 5,000 "," 420,000 "," 5,100 ",1.2%,,0.0%,," 3,600 ", 189 ,5.3%," 4,456 ", 0.9 
Food & Beverage,DE,completed,conversion,NS_NESQ_2024_001,Nesquik Back to School Nutrition,Nestle,roas,EUR,NS_NESQ_SEM_GEN_1,2024-08-10,2024-09-20,Google,SEM,Search,text,generic,25-45,all,FALSE,back_to_school,prospecting,cpc,1.15," 3,000 "," 3,000 "," 300,000 "," 3,500 ",1.2%,,0.0%,," 2,100 ", 122 ,5.8%," 2,416 ", 0.8 
Food & Beverage,DE,completed,conversion,NS_NESQ_2024_001,Nesquik Back to School Nutrition,Nestle,roas,EUR,NS_NESQ_META_PR_1,2024-08-10,2024-09-10,Instagram,SOCIAL,Feed+Reels,video,,25-45,female,FALSE,kids_snacks,prospecting,cpc,0.7," 7,000 "," 7,000 "," 3,800,000 "," 33,000 ",0.9%," 950,000 ",25.0%,,61%, - ,0.0%, - , - 
Food & Beverage,DE,completed,conversion,NS_NESQ_2024_001,Nesquik Back to School Nutrition,Nestle,roas,EUR,NS_NESQ_META_RT_1,2024-08-20,2024-09-20,Instagram,SOCIAL,IG/FB Feed+Stories,video,,25-45,female,TRUE,,retargeting,cpc,0.85," 3,000 "," 3,000 "," 1,350,000 "," 11,500 ",0.9%," 390,000 ",28.9%,,72%, - ,0.0%, - , - 
Food & Beverage,DE,completed,conversion,NS_NESQ_2024_001,Nesquik Back to School Nutrition,Nestle,roas,EUR,NS_NESQ_EMAIL_1,2024-08-10,2024-09-20,Salesforce Marketing Cloud,EMAIL,Inbox,html,,25-64,all,TRUE,,retargeting,flat," 2,000 "," 2,000 "," 2,000 ",,,,,," 9,200 "," 2,600 ", 142 ,5.5%," 2,702 ", 1.4 
Food & Beverage,DE,completed,conversion,NS_NESQ_2024_001,Nesquik Back to School Nutrition,Nestle,roas,EUR,NS_NESQ_GDN_PR_1,2024-08-12,2024-09-20,Google Display Network,DISPLAY,Responsive Display,image,,25-45,all,FALSE,breakfast_ideas,prospecting,cpc,0.4," 4,000 "," 4,000 "," 2,450,000 "," 21,500 ",0.9%,,0.0%,,65%, - ,0.0%, - , - 
Food & Beverage,DE,completed,conversion,NS_NESQ_2024_001,Nesquik Back to School Nutrition,Nestle,roas,EUR,NS_NESQ_GDN_RT_1,2024-08-20,2024-09-20,Google Display Network,DISPLAY,Responsive Display,image,,25-45,all,TRUE,healthy_snacks,retargeting,cpc,0.48," 2,000 "," 2,000 "," 900,000 "," 9,000 ",1.0%,,0.0%,,66%, - ,0.0%, - , - 
Food & Beverage,DE,completed,conversion,NS_NESQ_2024_001,Nesquik Back to School Nutrition,Nestle,roas,EUR,NS_NESQ_CRITEO_RT_1,2024-08-20,2024-09-20,Criteo,DISPLAY,Dynamic Retargeting,image,,25-45,all,TRUE,site_visitors,retargeting,cpc,0.55," 2,000 "," 2,000 "," 350,000 "," 5,200 ",1.5%,,0.0%,," 2,600 ", 152 ,5.8%," 2,815 ", 1.4 
Food & Beverage,DE,completed,conversion,NS_NESQ_2024_001,Nesquik Back to School Nutrition,Nestle,roas,EUR,NS_NESQ_AWIN_1,2024-08-10,2024-09-20,Awin,AFFILIATE,Review+Deal,image,,25-49,all,FALSE,back_to_school_deals,prospecting,cpa,30," 7,000 "," 7,000 ",,,,,,," 6,200 ", 308 ,5.0%," 5,995 ", 0.9 
Food & Beverage,DE,completed,awareness,NS_FIT_2024_001,Nestle Fitness Healthy Start Challenge,Nestle,sessions,EUR,NS_FIT_SEM_BR_1,2024-02-01,2024-03-15,Google,SEM,Search,text,brand,25-49,female,FALSE,healthy_breakfast,prospecting,cpc,0.95," 12,000 "," 12,000 "," 820,000 "," 9,100 ",1.1%,,0.0%,," 5,800 ", 272 ,4.7%," 4,667 ", 0.4 
Food & Beverage,DE,completed,awareness,NS_FIT_2024_001,Nestle Fitness Healthy Start Challenge,Nestle,sessions,EUR,NS_FIT_SEM_GEN_1,2024-02-01,2024-03-15,Google,SEM,Search,text,generic,25-49,female,FALSE,cereal_choices,prospecting,cpc,1.28," 8,000 "," 8,000 "," 550,000 "," 6,000 ",1.1%,,0.0%,," 4,200 ", 197 ,4.7%," 4,133 ", 0.5 
Food & Beverage,DE,completed,awareness,NS_FIT_2024_001,Nestle Fitness Healthy Start Challenge,Nestle,sessions,EUR,NS_FIT_META_PR_1,2024-02-01,2024-03-08,Instagram,SOCIAL,Feed+Reels,video,,25-49,female,FALSE,wellness_content,prospecting,cpc,0.68," 60,000 "," 60,000 "," 21,000,000 "," 162,500 ",0.8%," 5,200,000 ",24.8%,,69%, - ,0.0%, - , - 
Food & Beverage,DE,completed,awareness,NS_FIT_2024_001,Nestle Fitness Healthy Start Challenge,Nestle,sessions,EUR,NS_FIT_META_RT_1,2024-02-15,2024-03-15,Instagram,SOCIAL,IG/FB Feed+Stories,video,,25-49,female,TRUE,healthy_lifestyle,retargeting,cpc,0.85," 25,000 "," 25,000 "," 6,600,000 "," 64,000 ",1.0%," 1,850,000 ",28.0%,,62%, - ,0.0%, - , - 
Food & Beverage,DE,completed,awareness,NS_FIT_2024_001,Nestle Fitness Healthy Start Challenge,Nestle,sessions,EUR,NS_FIT_YT_1,2024-02-05,2024-03-15,YouTube,DISPLAY,In-Stream,video,,25-49,female,FALSE,morning_energy,prospecting,cpv,0.03," 25,000 "," 25,000 "," 9,700,000 "," 104,101 ",1.1%," 485,000 ",5.0%,,57%, - ,0.0%, - , - 
Food & Beverage,DE,completed,awareness,NS_FIT_2024_001,Nestle Fitness Healthy Start Challenge,Nestle,sessions,EUR,NS_FIT_GDN_RT_1,2024-02-18,2024-03-15,Google Display Network,DISPLAY,Responsive Display,image,,25-49,female,TRUE,fitness_eaters,retargeting,cpc,0.4," 10,000 "," 10,000 "," 3,100,000 "," 28,000 ",0.9%,,0.0%,,51%, - ,0.0%, - , - 
Food & Beverage,DE,completed,awareness,NS_FIT_2024_001,Nestle Fitness Healthy Start Challenge,Nestle,sessions,EUR,NS_FIT_EMAIL_1,2024-02-01,2024-03-15,Salesforce Marketing Cloud,EMAIL,Inbox,html,,25-49,female,TRUE,,retargeting,flat," 5,000 "," 5,000 "," 5,000 ",,,,,," 18,500 "," 6,200 ", 272 ,4.4%," 5,776 ", 1.2 
Food & Beverage,DE,completed,awareness,NS_FIT_2024_001,Nestle Fitness Healthy Start Challenge,Nestle,sessions,EUR,NS_FIT_AFFILIATE_1,2024-02-01,2024-03-15,Awin,AFFILIATE,Review+Content,image,,25-49,all,FALSE,healthy_recipe_partners,prospecting,cpa,28," 5,000 "," 5,000 ",,,,,,," 9,200 ", 420 ,4.6%," 8,870 ", 1.8 
Food & Beverage,DE,completed,conversion,NS_VIT_2024_001,Vittel Summer Hydration Drive,Nestle,roas,EUR,NS_VIT_SEM_BR_1,2024-06-01,2024-07-15,Google,SEM,Search,text,brand,25-49,female,FALSE,stay_hydrated,prospecting,cpc,0.9," 3,000 "," 3,000 "," 210,000 "," 2,700 ",1.3%,,0.0%,," 1,900 ", 104 ,5.5%," 2,048 ", 0.7 
Food & Beverage,DE,completed,conversion,NS_VIT_2024_001,Vittel Summer Hydration Drive,Nestle,roas,EUR,NS_VIT_SEM_GEN_1,2024-06-01,2024-07-15,Google,SEM,Search,text,generic,25-49,female,FALSE,healthy_drinks,prospecting,cpc,1.1," 2,000 "," 2,000 "," 120,000 "," 1,800 ",1.5%,,0.0%,," 1,250 ", 45 ,3.6%, 836 , 0.4 
Food & Beverage,DE,completed,conversion,NS_VIT_2024_001,Vittel Summer Hydration Drive,Nestle,roas,EUR,NS_VIT_META_PR_1,2024-06-01,2024-07-10,Instagram,SOCIAL,Feed+Reels,video,,25-49,female,FALSE,water_balance,prospecting,cpc,0.65," 12,000 "," 12,000 "," 3,950,000 "," 23,500 ",0.6%," 860,000 ",21.8%,,61%, - ,0.0%, - , - 
Food & Beverage,DE,completed,conversion,NS_VIT_2024_001,Vittel Summer Hydration Drive,Nestle,roas,EUR,NS_VIT_META_RT_1,2024-06-15,2024-07-15,Instagram,SOCIAL,IG/FB Feed+Stories,video,,25-49,female,TRUE,summer_outdoor,retargeting,cpc,0.82," 5,000 "," 5,000 "," 1,480,000 "," 14,000 ",0.9%," 430,000 ",29.1%,,63%, - ,0.0%, - , - 
Food & Beverage,DE,completed,conversion,NS_VIT_2024_001,Vittel Summer Hydration Drive,Nestle,roas,EUR,NS_VIT_GDN_RT_1,2024-06-20,2024-07-15,Google Display Network,DISPLAY,Responsive Display,image,,25-49,female,TRUE,drink_more_water,retargeting,cpc,0.34," 11,000 "," 11,000 "," 1,550,000 "," 16,800 ",1.1%,,0.0%,,55%, - ,0.0%, - , - 
Food & Beverage,DE,completed,conversion,NS_VIT_2024_001,Vittel Summer Hydration Drive,Nestle,roas,EUR,NS_VIT_EMAIL_1,2024-06-01,2024-07-15,Salesforce Marketing Cloud,EMAIL,Inbox,html,,25-49,female,TRUE,,retargeting,flat," 2,000 "," 2,000 "," 2,000 ",,,,,," 9,400 "," 2,600 ", 102 ,3.9%," 1,966 ", 1.0 
Food & Beverage,DE,completed,conversion,NS_VIT_2024_001,Vittel Summer Hydration Drive,Nestle,roas,EUR,NS_VIT_AWIN_1,2024-06-01,2024-07-15,Awin,AFFILIATE,Deal+Coupon,image,,25-49,all,FALSE,seasonal_savings,prospecting,cpa,14," 5,000 "," 5,000 ",,,,,,," 3,500 ", 121 ,3.5%," 2,570 ", 0.5 
