vendorCode,legalName,category_L1,category_L2,category_L3,category_L4,address,country,contactPerson,isActive,financialHealth,paymentTerms,masterContractId,lastAnnualRevenue,riskScore
SUP-c177f0f3,Zweckwaren GmbH,Indirect Services and Materials,Facility Services,Office Supplies & Services,Stationery & Consumables,Blochgasse 30 64878 Göppingen,Germany,Anna Müller,True,Low,Net 60,CTR-94caa2285c,0.0,15.0
SUP-630e1816,Stoffe GmbH & Co KG,Direct Materials,Raw Materials,Agricultural Products,"Fibers (Cotton, Wool)",Henckplatz 32-49 27733 Celle,Germany,Anna Müller,True,Medium,Net 90,CTR-a1b3eeb166,425728.19,50.0
SUP-ce383983,N/A,Indirect Services and Materials,Marketing & Sales,Sales Support,Sales Training,Henckstraße 2-5 88534 Perleberg,Germany,Anna Müller,True,Medium,Net 90,CTR-8e42148c1e,269983.78,25.0
SUP-56949b12,InfoStat Analytics GmbH,Indirect Services and Materials,Marketing & Sales,Market Research,"Data, Surveys & Analysis",Anika-Scheibe-Platz 1-4 77013 Wismar,Germany,Eva Meier,True,High,Net 60,CTR-abf0903944,60214.79,40.0
SUP-2216f853,N/A,Direct Materials,Raw Materials,Chemicals,Solvents & Adhesives,Jopichweg 5/1 83531 Bad Langensalza,Germany,Hans-Ulrich Schneider,True,Medium,Net 90,CTR-4e8fa2b743,0.0,25.0
SUP-e7215832,TechSolutions IT Consulting GmbH,Indirect Services and Materials,IT & Technology,IT Services & Telecom,IT Consulting & Implementation,Grein Grothallee 30 37616 Neuss,Germany,Anna Müller,True,Medium,Net 60,CTR-72f68fb391,47847.73,25.0
SUP-72cf13ec,Lithuania Banking Solutions,Indirect Services and Materials,Corporate & Professional Services,Financial Services,Banking & Treasury Services,USNS Nausėda FPO AE 86269,Lithuania,Andrius Kuprevičius,True,Medium,Net 30,CTR-df6c2d638c,0.0,10.0
SUP-dbadcc74,OptiStream Solutions,Indirect Services and Materials,Corporate & Professional Services,Consulting,Operations & Process Improvement,"393, boulevard Laurent De Oliveira 64833 Bègue",Luxembourg,Jean Dupont,True,Low,Net 60,CTR-ee23345b5b,250893.86999999997,0.0
SUP-03cd361b,Gold & Silber Spezial GmbH,Direct Materials,Raw Materials,Metals & Minerals,"Precious Metals (Gold, Silver)",Vogtstraße 130 53569 Reutlingen,Germany,Anna Müller,True,Medium,Net 90,CTR-2a2f9a7634,15461.92,25.0
SUP-14b408e9,TechAccess Lux,Indirect Services and Materials,IT & Technology,Hardware,"Peripherals & Accessories (Printers, Keyboards)","139, boulevard Blanchet 69470 Maurice-sur-Boutin",Luxembourg,Marie Dubois,True,Low,Net 60,,25360.510000000002,0.0
SUP-2a28bb49,PostOffice Solutions GmbH,Indirect Services and Materials,Facility Services,Office Supplies & Services,Mail & Document Management,Textorweg 14 09977 Hoyerswerda,Germany,Anna Müller,True,Low,Net 90,,0.0,15.0
SUP-b58aa36c,Kollaborative Lösungen GmbH,Indirect Services and Materials,IT & Technology,Software,"Productivity & Collaboration Suites (Office, Email)",Ingetraut-Kusch-Ring 9-3 90729 Bischofswerda,Germany,Marie Müller,True,Low,Net 60,CTR-69480dd442,0.0,15.0
SUP-adf136b1,N/A,Indirect Services and Materials,Facility Services,Facility Management,Landscaping & Groundskeeping,Meyerallee 9 25125 Neuss,Germany,Anna Schmidt,True,Medium,Net 60,CTR-c46b0f1ca1,121998.51,25.0
SUP-6567bb96,N/A,Indirect Services and Materials,Corporate & Professional Services,Human Resources Services,Training & Development,Hendriksplatz 37-31 37692 Schwarzenberg,Germany,Anna Müller,True,Low,Net 90,CTR-08b10ff066,119475.14,15.0
SUP-3d44160f,Bulgarian Print Solutions,Indirect Services and Materials,Facility Services,Office Supplies & Services,Print & Copy Services,"249 Павлин Ramp Suite 340 New Принаview, DC 26971",Bulgaria,Ivan Petrov,True,Low,Net 30,CTR-e5b6feb65b,14524.94,0.0
SUP-9ca22b3f,Plastimaster GmbH,Direct Materials,Raw Materials,Plastics & Polymers,Injection Molded Plastics,Dietzgasse 5 31864 Luckau,Germany,Anna Müller,True,High,Net 60,CTR-ef536b7533,0.0,50.0
SUP-38534a60,TechWave Semiconductors GmbH,Direct Materials,Components & Sub-Assemblies,Electronic Components,Semiconductors & Integrated Circuits,Hartmannallee 196 30801 Pinneberg,Germany,Anna Müller,True,Medium,Net 90,,138801.58000000002,65.0
SUP-4b950367,Tempo Service GmbH,Indirect Services and Materials,Facility Services,Facility Management,Building Maintenance & HVAC,Henkring 13 27677 Bad Langensalza,Germany,Michaela Schneider,True,Medium,Net 60,,0.0,25.0
SUP-0e216cb8,Wirtschaftsbank GmbH,Indirect Services and Materials,Corporate & Professional Services,Financial Services,Banking & Treasury Services,Hellwigstraße 23-50 91597 Mühldorf am Inn,Germany,Anna Müller,True,Low,Net 60,,90503.47,15.0
SUP-663221c7,FreshBite Catering Solutions UK,Indirect Services and Materials,Facility Services,Office Supplies & Services,Catering & Vending Services,28 Murphy valley New Paigestad CB8A 6XP,United Kingdom,Sarah Thompson,True,Low,Net 60,CTR-f845d507a2,98624.9,0.0
SUP-fa63be67,Fulfillment Experts GmbH,Indirect Services and Materials,Logistics,Warehousing & Distribution,Order Fulfillment & Value-Added Services,Casparallee 5667 77608 Ravensburg,Germany,Anna Müller,True,Medium,Net 60,,0.0,25.0
SUP-29dc6a25,SysLog Solutions Colombia,Indirect Services and Materials,Logistics,Warehousing & Distribution,Inventory Management Systems,"Calle 163 # 65R-29 Casa 5 680504 Tona, Santander",Colombia,Carlos Mendez,True,Low,Net 30,CTR-eb80a007e3,0.0,15.0
SUP-7e4f0578,Mitteldeutsche Catering GmbH,Indirect Services and Materials,Facility Services,Office Supplies & Services,Catering & Vending Services,Paffrathweg 4308 52717 Wanzleben,Germany,Anna Schmidt,True,Low,Net 90,CTR-a67e78ed8d,38401.41,15.0
SUP-f1e8f0b0,N/A,Indirect Services and Materials,Logistics,Warehousing & Distribution,Inventory Management Systems,"Eje vial Portugal 233 515 San Hilda los bajos, TAB 19589-3444",Mexico,Carlos Mendez,True,Low,Net 90,CTR-9ae589920a,0.0,15.0
SUP-44dc66f1,Garten der Ernte GmbH,Direct Materials,Raw Materials,Agricultural Products,Grains & Cereals,Meinhard-Heintze-Allee 8/1 77255 Wolgast,Germany,Anna Schmidt,True,Medium,Net 90,,52111.99,25.0
SUP-4905db7d,Latvian Influencers & Media Solutions,Indirect Services and Materials,Marketing & Sales,Marketing & Advertising,Influencer & Social Media Marketing,"PSC 4458, Box 5212 APO AA 02522",Latvia,Anna Kovačević,True,Medium,Net 90,CTR-12ab29f75a,59290.53,10.0
SUP-62f0b8fc,Hochwertige Catering- und Verkaufsdienstleistungen GmbH,Indirect Services and Materials,Facility Services,Office Supplies & Services,Catering & Vending Services,Girschnerplatz 8 81074 Rastatt,Germany,Anna Müller,True,Low,Net 90,CTR-f9087f86e5,0.0,15.0
SUP-0e44e636,TechDesign Engineering & Design Pty Ltd,Indirect Services and Materials,IT & Technology,Software,"Engineering & Design (CAD, PLM)","38 Sabrina Flat Dianamouth, QLD, 8447",Australia,Emily Watson,False,High,Net 90,,11800.64,25.0
SUP-30b9dc45,N/A,Indirect Services and Materials,IT & Technology,Hardware,"End-User Computing (Laptops, Desktops, Monitors)",25 Meenaghan Street E46 DDKY Cora Ville,Ireland,John O'Reilly,True,Low,Net 60,CTR-5c9b783ab6,0.0,0.0
SUP-e8d4c4ba,GreenSolutions Energy Services,Indirect Services and Materials,Facility Services,Real Estate & Utilities,Energy Management & Sustainability Services,"35385 Ābele Springs Suite 423 Vītolsberg, TX 13785",Latvia,John Smith,True,High,Net 30,CTR-a7f785989a,22195.51,25.0
SUP-b6ca81d4,Innovative Engineering Solutions GmbH,Indirect Services and Materials,IT & Technology,Software,"Engineering & Design (CAD, PLM)",Trudi-Klapp-Gasse 8/6 38866 Ludwigslust,Germany,Anna Müller,True,Low,Net 90,CTR-f2dd32e116,5276.98,15.0
SUP-5b0cd920,ErgoTech Audio Visual Solutions,Indirect Services and Materials,IT & Technology,Hardware,"Audio/Visual Equipment (Projectors, Conferencing Systems)",Weitzelweg 41-56 21406 Erding,Germany,Anna Schmidt,False,Medium,Net 90,CTR-4de116d626,0.0,25.0
SUP-63422aea,Machined Parts GmbH,Direct Materials,Components & Sub-Assemblies,Fabricated Parts,Machined Parts,Wähnerweg 1735 71436 Groß-Gerau,Germany,Anna Müller,True,Low,Net 30,CTR-fce286d16c,8337.77,15.0
SUP-8fec7c70,Global Insights Analytics GmbH,Indirect Services and Materials,Marketing & Sales,Market Research,Competitor Intelligence Services,Rudolf-Mentzel-Gasse 1-6 66389 Nördlingen,Germany,Anna Weber,True,Low,Net 90,CTR-dd9d5ca3b5,62886.299999999996,15.0
SUP-4f6cf017,Agriturismo e Locazioni S.p.A.,Indirect Services and Materials,Facility Services,Real Estate & Utilities,Property Leases & Rent,"Canale Ortolani, 3 23836, Tremenico (LC)",Italy,Marco Rossi,False,High,Net 30,CTR-2b499ce3ab,268911.58,25.0
SUP-dc610d61,N/A,Indirect Services and Materials,Marketing & Sales,Marketing & Advertising,Public Relations (PR) Firms,Semra-Klemm-Straße 9440 51782 Beilngries,Germany,Anna Müller,True,Low,Net 30,CTR-455ef8bb54,84305.8,15.0
SUP-76010e19,TechNova Solutions,Indirect Services and Materials,IT & Technology,IT Services & Telecom,IT Consulting & Implementation,"8150 Площаков Cape Lake Норкаbury, AR 24022",Bulgaria,Alexandra Petrova,True,Medium,Net 90,CTR-92cc0fd7b2,0.0,10.0
SUP-ab7ec30d,N/A,Indirect Services and Materials,Facility Services,Facility Management,Janitorial & Cleaning Services,Jacobsteeg 9 4461 OT Oud Annerveen,Netherlands,Sven van der Meer,True,Medium,Net 30,CTR-cb618b4547,0.0,10.0
SUP-9f0caa02,SecureTech Solutions Uruguaya,Indirect Services and Materials,Facility Services,Security Services,Access Control Systems,"Glorieta de Paloma Alcalá 736 Córdoba, 38003",Uruguay,Ana María Torres,True,Low,Net 90,CTR-b718455816,81708.27,15.0
SUP-933cc21e,N/A,Indirect Services and Materials,Marketing & Sales,Marketing & Advertising,"Media Buying (Print, Broadcast, Digital)",Patricia-Dehmel-Platz 3-2 56875 Erkelenz,Germany,Max Mustermann,True,Medium,Net 60,CTR-5d9d824d48,16731.53,25.0
SUP-6fef2464,SecureNet GmbH,Indirect Services and Materials,IT & Technology,IT Services & Telecom,"Cybersecurity Services (Pen Testing, Monitoring, SOC)",Gorlitzgasse 34/40 01889 Pößneck,Germany,Thomas Müller,True,Low,Net 30,CTR-c0d89ca687,0.0,15.0
SUP-cc4bc0d8,DataInsight Solutions AG,Indirect Services and Materials,IT & Technology,Software,"Business Intelligence & Analytics (BI, Data Visualization)",Kaiserstrasse 19 9982 Rheinfelden,Switzerland,Anna Müller,True,Low,Net 90,CTR-7cdad75d91,0.0,0.0
SUP-ca80882d,Latvia Data Solutions,Indirect Services and Materials,IT & Technology,Hardware,"Data Center (Servers, Storage)","37524 Priedītis Fields Apt. 146 New Līza, WI 46636",Latvia,Andris Ivanov,True,Low,Net 30,CTR-348ec8a28d,52141.22,0.0
SUP-170240f0,SecureGuard Solutions s.r.o.,Indirect Services and Materials,Facility Services,Security Services,Security Consulting & Risk Assessment,Bahniatková 743 966 09 Červeňany,Slovakia,Jana Novak,True,High,Net 60,CTR-e4f34a2ee7,0.0,25.0
SUP-a5f6872c,SecureGuard Consulting GmbH,Indirect Services and Materials,Facility Services,Security Services,Security Consulting & Risk Assessment,Janus-Riehl-Gasse 98-55 04494 Ueckermünde,Germany,Anna Becker,True,Low,Net 30,,0.0,15.0
SUP-f9d9c19c,SysInv Solutions GmbH,Indirect Services and Materials,Logistics,Warehousing & Distribution,Inventory Management Systems,Schollallee 4583 25626 Pirmasens,Germany,Anna Müller,False,High,Net 90,CTR-3ef83a7582,18192.66,40.0
SUP-69fe593a,N/A,Indirect Services and Materials,Facility Services,Security Services,Alarm Systems & Monitoring,"Alameda Reyes Abella 65 Segovia, 45109",Spain,Carlos Mendez,True,Medium,Net 90,CTR-27539b4398,0.0,10.0
SUP-6ed7a547,N/A,Indirect Services and Materials,Corporate & Professional Services,Financial Services,Payment Processing,"9016 Butkus Prairie Suite 970 New Ineta, NC 64923",Lithuania,Anna Matvejeva,True,Low,Net 30,CTR-27c27046e2,0.0,0.0
SUP-832c5ec7,Recruitment & Staffing S.r.l.,Indirect Services and Materials,Corporate & Professional Services,Human Resources Services,"Recruitment & Staffing (Permanent, Temporary)","Viale Enzio, 931 10076, San Giovanni (TO)",Italy,Luca Romano,True,Low,Net 60,CTR-102694ceae,0.0,0.0
SUP-3e5d5913,OptiStock Solutions GmbH,Indirect Services and Materials,Logistics,Warehousing & Distribution,Inventory Management Systems,Wolf-Jessel-Ring 769 51564 Calw,Germany,Hans Müller,True,Medium,Net 30,,24364.82,25.0
SUP-d0b352d3,N/A,Indirect Services and Materials,IT & Technology,Software,"Business Intelligence & Analytics (BI, Data Visualization)",Skyggelundsstræde 477 6788 Ullerslev,Denmark,Anna Hansen,False,Medium,Net 30,CTR-c0d6283fb0,0.0,10.0
SUP-dd3a9743,N/A,Technical Materials,Manufacturing Equipment,Material Handling Equipment,Forklifts & Pallet Jacks,"Intrarea Manole Voluntari, 873890",Romania,Ana Maria Popescu,True,Low,Net 30,,78205.79,0.0
SUP-2d25f4f0,Precision Tool Solutions GmbH,Technical Materials,Manufacturing Equipment,Tooling & Molds,"Dies, Jigs & Fixtures",Fabian-Kade-Platz 8169 38434 Steinfurt,Germany,Anna Müller,True,High,Net 30,,386430.93,40.0
SUP-dcce2bd2,Mitteldeutscher Energieversorger GmbH,Indirect Services and Materials,Facility Services,Real Estate & Utilities,"Utilities (Gas, Electricity, Water)",Tintzmannstr. 8/6 68427 Hohenmölsen,Germany,Anna Schmidt,True,Low,Net 90,,0.0,15.0
SUP-049d99ef,TechMate Supplies,Indirect Services and Materials,IT & Technology,Hardware,"Peripherals & Accessories (Printers, Keyboards)","PSC 3990, Box 7147 APO AP 14547",Latvia,Anna Petrova,True,Low,Net 90,,0.0,0.0
SUP-f6d6a6dc,AutoFinance Solutions Pty Ltd,Indirect Services and Materials,Logistics,Fleet Management,Vehicle Leasing & Purchase,"Apt. 705 53 Taylor Alleyway Michaelfort, ACT, 2157",Australia,James Thompson,True,Low,Net 90,CTR-7f8393a320,95907.24000000002,0.0
SUP-aeb20956,MegaBuzz Creative Solutions GmbH,Indirect Services and Materials,Marketing & Sales,Marketing & Advertising,Influencer & Social Media Marketing,Sahin-Döring-Ring 3-7 79971 Göppingen,Germany,Anna Keller,True,Low,Net 60,CTR-65024bf48a,32382.31,15.0
SUP-3bc5ad5d,Kundenmotivation GmbH,Indirect Services and Materials,Marketing & Sales,Sales Support,Sales Incentive & Reward Programs,Friedo-Flantz-Weg 49-79 47366 Bad Kissingen,Germany,Anna Becker,True,High,Net 60,CTR-5feb875f9c,58773.16,40.0
SUP-fedae3f7,CopyCraft Printing Solutions,Indirect Services and Materials,Facility Services,Office Supplies & Services,Print & Copy Services,Ulica bratov Blanč 386 8892 Ptuj,Slovenia,Marko Novak,True,Low,Net 30,CTR-0931c04ae4,0.0,0.0
SUP-db20aa4a,Green Haven Landscaping Supplies,Indirect Services and Materials,Facility Services,Facility Management,Landscaping & Groundskeeping,"4167 Souma Center South Aadamview, NY 22532",Pakistan,Maryam Khan,True,Medium,Net 90,CTR-e220164ca9,47037.47,40.0
SUP-a89d1e74,SecureGuard Alarm Systeme GmbH,Indirect Services and Materials,Facility Services,Security Services,Alarm Systems & Monitoring,Roggeweg 90 50602 Gerolzhofen,Germany,Anna Becker,True,Low,Net 60,CTR-f38c1950b7,0.0,15.0
SUP-b9b764f3,Innovative Sales Solutions GmbH,Indirect Services and Materials,Marketing & Sales,Sales Support,Sales Incentive & Reward Programs,Losekannweg 1367 08956 Rathenow,Germany,Anna Becker,True,Low,Net 90,CTR-5d4076b6a7,61083.630000000005,15.0
SUP-fe4a5a00,SecureGuard Cybersecurity Solutions,Indirect Services and Materials,IT & Technology,IT Services & Telecom,"Cybersecurity Services (Pen Testing, Monitoring, SOC)",Nermin-Budig-Straße 33/96 13478 Strasburg,Germany,Max Mustermann,True,High,Net 30,,0.0,40.0
SUP-16473bd6,Holland Talent Solutions,Indirect Services and Materials,Corporate & Professional Services,Human Resources Services,"Recruitment & Staffing (Permanent, Temporary)",Maritring 85 7549WC Harkstede,Netherlands,Jan van der Meer,True,Low,Net 90,,248693.17,0.0
SUP-351c3c19,Global Logistics Solutions Pvt Ltd,Indirect Services and Materials,Logistics,Transportation & Freight,Freight Forwarding & Customs Brokerage,"075 Dada Marg, Chennai-243602",India,Rajesh Kumar,True,Medium,Net 30,,0.0,40.0
SUP-69ca523f,Latvia Data Solutions,Indirect Services and Materials,IT & Technology,Hardware,"Data Center (Servers, Storage)","88961 Ābola Route Apt. 974 Baibaview, NC 10237",Latvia,John Kupčins,True,Low,Net 60,CTR-cc558b17ca,0.0,0.0
SUP-81399ce9,LogiTech Solutions GmbH,Indirect Services and Materials,Logistics,Warehousing & Distribution,3rd Party Logistics (3PL) Services,Gitte-Lindner-Allee 759 41631 Pößneck,Germany,Anna Schmidt,False,Medium,Net 30,,0.0,25.0
SUP-c40f85eb,Optima Warehouse Solutions GmbH,Indirect Services and Materials,Logistics,Warehousing & Distribution,Warehouse Rental & Storage,Fröhlichgasse 2-6 73833 Wanzleben,Germany,Anna Müller,True,Medium,Net 60,CTR-4c15100e13,30497.01,25.0
SUP-40ba7538,Verträglich GmbH,Indirect Services and Materials,Logistics,Warehousing & Distribution,Order Fulfillment & Value-Added Services,Klothilde-Tschentscher-Weg 9/5 75299 Donaueschingen,Germany,Karin Müller,True,Low,Net 30,CTR-3717651136,0.0,15.0
SUP-bb84707e,Algerian Freight & Customs Solutions,Indirect Services and Materials,Logistics,Transportation & Freight,Freight Forwarding & Customs Brokerage,"18, boulevard Astrid Henry 44298 Ponsnec",Algeria,Mohamed Ben Ali,True,Low,Net 30,,0.0,30.0
SUP-a8bce08f,N/A,Indirect Services and Materials,IT & Technology,Software,Security & Compliance Software,Eveline-Röhricht-Ring 0 70425 Regen,Germany,Anna Wagner,True,Medium,Net 30,CTR-57c78e045f,103383.73,25.0
SUP-e591b74c,LabelMaster GmbH,Direct Materials,Packaging Materials,Tertiary Packaging & Shipping Supplies,Labels & Inserts,Patric-Eimer-Weg 89 62171 Görlitz,Germany,Anna Schneider,True,Medium,Net 90,CTR-a814e8bd5d,49868.49,25.0
SUP-add26498,Polish Industrial Solutions Sp. z o.o.,Technical Materials,"MRO (Maintenance, Repair & Operations)",Spare Parts,"General Industrial Spares (Valves, Belts)",ul. Mazurska 36/14 90-186 Łaziska Górne,Poland,Anna Nowak,True,Low,Net 60,CTR-71e09b53cb,0.0,0.0
SUP-e1932154,SocialMediaMasters GmbH,Indirect Services and Materials,Marketing & Sales,Marketing & Advertising,Influencer & Social Media Marketing,Kargering 81 42757 Weimar,Germany,Anna Schmidt,True,Low,Net 60,,29212.89,15.0
SUP-3d70987a,Lithuania Data Solutions,Indirect Services and Materials,IT & Technology,Hardware,"Data Center (Servers, Storage)","83805 Kristupas Hollow Apt. 919 Naujokasborough, MS 16021",Lithuania,Anna Kowalczyk,True,Low,Net 30,CTR-bc7871a33f,221701.59,0.0
SUP-6f8fecde,LogiX Global Solutions GmbH,Indirect Services and Materials,Logistics,Warehousing & Distribution,Order Fulfillment & Value-Added Services,Gießallee 64-97 83173 Cloppenburg,Germany,Michaela Schneider,True,Low,Net 60,CTR-8b70e9b322,0.0,15.0
SUP-e375f7d8,Incentivex GmbH,Indirect Services and Materials,Marketing & Sales,Sales Support,Sales Incentive & Reward Programs,Bienweg 5 14735 Badoberan,Germany,Anna Müller,False,Low,Net 30,,25050.48,15.0
SUP-9c5a4c8e,Druck- und Kopiiergehalt GmbH,Indirect Services and Materials,Facility Services,Office Supplies & Services,Print & Copy Services,Schachtstraße 452 16998 Oberviechtach,Germany,Anna Müller,True,Medium,Net 30,CTR-571285ed50,0.0,25.0
SUP-f7c4a28b,Vodárna a elektrárna Praha,Indirect Services and Materials,Facility Services,Real Estate & Utilities,"Utilities (Gas, Electricity, Water)",Nad Olšinami 4 650 56 Nechanice,Czech Republic,Jana Novak,True,Low,Net 60,CTR-a5dab2d0db,0.0,0.0
SUP-45b5a699,Sofas y Mobiliario Moderno S.A.,Indirect Services and Materials,Facility Services,Office Supplies & Services,Office Furniture & Fixtures,"Calle de León Gomila 89 Puerta 1 Ciudad, 08597",Venezuela,Luisa Fernanda Rojas,True,Low,Net 60,CTR-239b13d89b,0.0,15.0
SUP-dcbd1a20,Netzwerk-Lösungen GmbH,Indirect Services and Materials,IT & Technology,Hardware,"Networking (Routers, Switches, Firewalls)",Reuterstr. 79/65 16712 Backnang,Germany,Anna Müller,True,Medium,Net 60,,39690.2,25.0
SUP-8fd30ac0,SecureNet Cyber Solutions,Indirect Services and Materials,IT & Technology,IT Services & Telecom,"Cybersecurity Services (Pen Testing, Monitoring, SOC)","32798 Urbonas Causeway Apt. 335 Juliusport, WA 51363",Lithuania,Janauskaite Elena,True,Low,Net 60,CTR-5bc759693c,54817.10999999999,0.0
SUP-64d15cfb,Polish Merchandise Solutions Sp. z o.o.,Indirect Services and Materials,Marketing & Sales,Sales Support,Merchandising Services,pl. Rózana 34 20-101 Płock,Poland,Anna Kowalska,True,Medium,Net 30,CTR-7017f4cd6f,19180.73,10.0
SUP-676bb818,N/A,Indirect Services and Materials,Marketing & Sales,Market Research,Competitor Intelligence Services,Slavko-Ritter-Platz 3 22131 Freital,Germany,Anna Müller,True,Low,Net 30,CTR-41c600ca29,128001.17,15.0
SUP-a01c2e58,Romanian Films & Sheeting,Direct Materials,Raw Materials,Plastics & Polymers,Films & Sheeting,"Drumul Severin Tomescu Dej, 918701",Romania,Gheorghe Ivan,True,Low,Net 60,CTR-9ce4ca4e47,0.0,0.0
SUP-4cfb6617,N/A,Indirect Services and Materials,Facility Services,Real Estate & Utilities,Property Leases & Rent,Gertzstraße 2 02903 Meißen,Germany,Anna Müller,True,Low,Net 60,,0.0,15.0
SUP-6ef283b5,3PL Solutions GmbH,Indirect Services and Materials,Logistics,Warehousing & Distribution,3rd Party Logistics (3PL) Services,Bohnbachring 1-9 02073 Eisenhüttenstadt,Germany,Anna Müller,True,Low,Net 30,CTR-2f7138b36d,2946.12,15.0
SUP-75e6d85d,Kraft Reinigungs- und Wartung GmbH,Indirect Services and Materials,Facility Services,Facility Management,Janitorial & Cleaning Services,Ansgar-Harloff-Straße 80/44 42674 Northeim,Germany,Sophie Meier,True,Low,Net 90,CTR-233c116c19,0.0,15.0
SUP-92375a7c,GreenCycle Recycling GmbH,Indirect Services and Materials,Facility Services,Real Estate & Utilities,Waste Management & Recycling,Krausallee 77-57 59689 Herford,Germany,Anna Müller,True,Low,Net 30,,0.0,15.0
SUP-7cc049b7,Energie-Service Deutschland GmbH,Indirect Services and Materials,Facility Services,Real Estate & Utilities,"Utilities (Gas, Electricity, Water)",Abbas-Kusch-Allee 42/43 86265 Schwäbisch Hall,Germany,Anna Müller,True,Medium,Net 60,,0.0,25.0
SUP-42c93ef1,Global Insight Solutions Ltd,Indirect Services and Materials,Marketing & Sales,Market Research,Competitor Intelligence Services,Studio 3 Johnson forges North Rhysfort SN8 3YP,United Kingdom,Johnathan Smith,True,Low,Net 90,,14773.32,0.0
SUP-b90757f3,InnovateTech Solutions Polska,Indirect Services and Materials,IT & Technology,IT Services & Telecom,IT Consulting & Implementation,plac Wiosenna 439 33-928 Żyrardów,Poland,Anna Kowalska,True,High,Net 90,CTR-508a51b501,162571.83,25.0
SUP-bc3e65a0,N/A,Indirect Services and Materials,Marketing & Sales,Marketing & Advertising,Influencer & Social Media Marketing,"5, chemin Joseph Pires 72703 Clément",Tunisia,Ahmed El Kadi,True,Low,Net 60,CTR-f7b84d3c8a,74212.06999999999,30.0
SUP-6aee66bd,ExpressDelivery GmbH,Indirect Services and Materials,Logistics,Transportation & Freight,Parcel & Courier Services,Hethurplatz 9-8 33314 Eckernförde,Germany,Anna Müller,False,Low,Net 30,CTR-e640c3f573,51428.0,15.0
SUP-8d4ce036,WelfareCare Solutions Sp z o.o.,Indirect Services and Materials,Corporate & Professional Services,Human Resources Services,Employee Welfare & Assistance Programs,aleja Staffa 664 88-700 Żyrardów,Poland,Anna Kowalska,True,Medium,Net 30,,112904.89,10.0
SUP-213e87fa,Slovenian Motors & Pumps Ltd.,Direct Materials,Components & Sub-Assemblies,Mechanical Components,Motors & Pumps,Zelena pot 6c 4570 Logatec,Slovenia,Marko Petrović,True,Low,Net 90,,124879.34,40.0
SUP-fe1083da,ProtoMaterials Croatia,Technical Materials,R&D and Laboratory,Prototyping Services & Materials,Rapid Prototyping Materials,Podgaj 1a 52843 Mali Lošinj,Croatia,Ana Petrovic,False,Low,Net 60,,85767.62,0.0
SUP-89b1bf10,SecureGuard Solutions AS,Indirect Services and Materials,Facility Services,Security Services,Security Consulting & Risk Assessment,"Sandvikplassen 1, 9010 Larsøy",Norway,Anna Holm,True,Medium,Net 90,CTR-a7d73fa02b,0.0,10.0
SUP-eb0f876e,Eisenberg Litigation Services GmbH,Indirect Services and Materials,Corporate & Professional Services,Legal Services,Litigation & Dispute Resolution,Selma-Holt-Platz 5/7 17221 Eisenberg,Germany,Anna Müller,True,Low,Net 30,,364330.06,15.0
SUP-a7e36462,FurneOffice Solutions UR,Indirect Services and Materials,Facility Services,Office Supplies & Services,Office Furniture & Fixtures,"Camino de Vidal Teruel 21 Puerta 2 Badajoz, 03281",Uruguay,Ana Torres,True,Low,Net 90,,0.0,15.0
SUP-fb7f53c3,Kraft Reinigungs- und Saugdienste GmbH,Indirect Services and Materials,Facility Services,Facility Management,Janitorial & Cleaning Services,Jacob-Bolzmann-Weg 23-19 64629 Ingolstadt,Germany,Anna Müller,True,Medium,Net 60,CTR-0052927761,0.0,25.0
SUP-c59875d5,SecureGuard Chile,Indirect Services and Materials,Facility Services,Security Services,Access Control Systems,"María Mondaca 301 Dpto. 283 Los Muermos, Región de Los Lagos",Chile,Carlos Hernández,True,High,Net 90,CTR-b47edf199d,0.0,40.0
SUP-c1b331e5,TechMobile Solutions GmbH,Indirect Services and Materials,IT & Technology,Hardware,"Mobile Devices (Tablets, Smartphones, Accessories)",Christel-Trapp-Weg 2-6 86560 Zschopau,Germany,Anna Müller,True,High,Net 90,CTR-349181ac6b,788.89,40.0
SUP-e23d11b5,Optima Operations Solutions GmbH,Indirect Services and Materials,Corporate & Professional Services,Consulting,Operations & Process Improvement,Linus-Sieberer-Platz 1/3 3173 Dürnstein,Austria,Anna Müller,True,High,Net 90,,3011.05,25.0
SUP-fcf83da1,Latvia Tech Solutions,Indirect Services and Materials,IT & Technology,Hardware,"End-User Computing (Laptops, Desktops, Monitors)","957 Veronika Groves New Ivetatown, AK 74234",Latvia,Jana Petrova,True,Low,Net 90,CTR-ec9be310f9,284131.5,0.0
SUP-7b15f87e,N/A,Technical Materials,"MRO (Maintenance, Repair & Operations)",Industrial Consumables,Cleaning Agents & Janitorial Supplies,Tassilo-Fischer-Gasse 6263 80579 Duderstadt,Germany,Anna Becker,True,Low,Net 60,CTR-529b110ca5,331681.45999999996,15.0
SUP-b4c90243,Chapmanport Energy Services Ltd,Indirect Services and Materials,Facility Services,Real Estate & Utilities,"Utilities (Gas, Electricity, Water)",Studio 06 Heath burg Chapmanport WD7E 2PF,United Kingdom,James Thompson,False,Medium,Net 90,,0.0,10.0
SUP-41b783bf,N/A,Technical Materials,"MRO (Maintenance, Repair & Operations)",Industrial Consumables,Abrasives & Welding Supplies,Angelo-Drub-Platz 8 26656 Forchheim,Germany,Christoph Müller,True,High,Net 60,,148103.63,65.0
SUP-ad78e8e7,N/A,Indirect Services and Materials,Logistics,Transportation & Freight,Freight Forwarding & Customs Brokerage,Stadelmannweg 684 48951 Forchheim,Germany,Anna Müller,True,Low,Net 30,CTR-0aa9c802b8,389756.08999999997,15.0
SUP-de713b7b,N/A,Indirect Services and Materials,Marketing & Sales,Marketing & Advertising,Sponsorships & Partnerships,Sontagring 393 57030 Eutin,Germany,Anna Müller,True,Medium,Net 30,CTR-8fbc7d90ad,8625.64,25.0
SUP-67de28dc,SecureTech Solutions GmbH,Indirect Services and Materials,Facility Services,Security Services,Security Consulting & Risk Assessment,Schmiedtplatz 93/42 22133 Ludwigslust,Germany,Anna Müller,True,Medium,Net 90,,0.0,25.0
SUP-5740444b,Precision Machining GmbH,Direct Materials,Components & Sub-Assemblies,Fabricated Parts,Machined Parts,Henni-Franke-Ring 8/1 45239 Schwabmünchen,Germany,Anna Schmidt,True,Medium,Net 30,CTR-7242760591,0.0,25.0
SUP-82548899,Premium Bottles and Containers GmbH,Direct Materials,Packaging Materials,Primary Packaging,"Bottles, Jars & Cans",Hans-Helmut-Atzler-Gasse 44 69827 Bautzen,Germany,Hans-Werner Schneider,True,Low,Net 90,CTR-cf4a485019,5846.83,15.0
SUP-20283ce7,Druck & Kopie Dienstleistungen GmbH,Indirect Services and Materials,Facility Services,Office Supplies & Services,Print & Copy Services,Schachtplatz 126 08951 Naila,Germany,Hans Müller,False,Low,Net 30,,0.0,15.0
SUP-da577158,WebSphere Media Solutions GmbH,Indirect Services and Materials,Marketing & Sales,Marketing & Advertising,Digital Marketing & SEO/SEM,Dolores-Wirth-Gasse 38-65 61622 Bad Kissingen,Germany,Anna Müller,True,High,Net 60,CTR-d0fb382b37,49655.03,40.0
SUP-6a578952,GreenSolutions Environmental Consulting GmbH,Indirect Services and Materials,Corporate & Professional Services,Consulting,Environmental & Sustainability Consulting,Drubinstr. 6284 47220 Grimma,Germany,Thomas Müller,True,Medium,Net 90,CTR-963a4f5764,89526.42,25.0
SUP-9231d5bc,Securify Solutions Ltd.,Indirect Services and Materials,IT & Technology,Software,Security & Compliance Software,Kossuth utca 11. H-2442 Zalaegerszeg,Hungary,Anna Kovacs,True,Low,Net 60,CTR-d265c16221,0.0,0.0
SUP-079c02c2,Glarus Engineering Solutions AG,Indirect Services and Materials,IT & Technology,Software,"Engineering & Design (CAD, PLM)",Kuhnstrasse 2 3920 Glarus,Switzerland,Michaela Schneider,True,Low,Net 60,CTR-511acf72b6,2367.58,0.0
SUP-59b5a8af,PostMaster GmbH,Indirect Services and Materials,Facility Services,Office Supplies & Services,Stationery & Consumables,Sonja-Roht-Platz 66/11 77128 Saulgau,Germany,Sven Müller,True,Low,Net 30,CTR-7069f6f1b2,260314.41999999998,15.0
SUP-30ef708c,WebSphere Digital Solutions,Indirect Services and Materials,Marketing & Sales,Marketing & Advertising,Digital Marketing & SEO/SEM,"Pasadizo Reinaldo Guerra 629 Piso 9 Salamanca, 04401",Uruguay,Ana Martínez,True,High,Net 60,CTR-a50ccf70b7,16837.17,40.0
SUP-c35544e7,Druck und Kopie Oderwald GmbH,Indirect Services and Materials,Facility Services,Office Supplies & Services,Print & Copy Services,Hans-Martin-Oderwald-Allee 111 59356 Erding,Germany,Anna Müller,True,Low,Net 90,CTR-3f5d9d06bd,150876.47,15.0
SUP-00913987,N/A,Indirect Services and Materials,Facility Services,Facility Management,Landscaping & Groundskeeping,Burghard-Höfig-Allee 43/21 75618 Roding,Germany,Anna Becker,True,Medium,Net 90,CTR-b386e9138a,0.0,25.0
SUP-45e218be,Precision Abrasives GmbH,Technical Materials,"MRO (Maintenance, Repair & Operations)",Industrial Consumables,Abrasives & Welding Supplies,Renato-Junitz-Platz 4844 88452 Klötze,Germany,Renato Junitz,True,Medium,Net 60,CTR-c5ce11f134,0.0,25.0
SUP-eb0b7d46,N/A,Indirect Services and Materials,IT & Technology,Software,"Engineering & Design (CAD, PLM)",Junckenallee 5206 80148 Ochsenfurt,Germany,Anna Müller,True,Low,Net 90,CTR-103e0d2942,62191.34999999999,15.0
SUP-803b2eca,OptiCollab Solutions,Indirect Services and Materials,IT & Technology,Software,"Productivity & Collaboration Suites (Office, Email)","3956 Катерин Streets Suite 269 East Недислав, WV 31515",Bulgaria,Svetlana Petrova,True,Low,Net 30,,0.0,0.0
SUP-15079150,Briggs Property Leasing Solutions,Indirect Services and Materials,Facility Services,Real Estate & Utilities,Property Leases & Rent,"35375 Cantrell Walks Briggshaven, QC C8H 3M7",Canada,Emily Thompson,True,Low,Net 60,CTR-0c9196150b,0.0,0.0
SUP-28653721,Witzenhausen Property Solutions GmbH,Indirect Services and Materials,Facility Services,Real Estate & Utilities,Property Leases & Rent,Melitta-Mans-Weg 76-89 63316 Witzenhausen,Germany,Anna Schneider,False,Low,Net 60,,0.0,15.0
SUP-a0dc4c6f,SecureGuard Solutions,Indirect Services and Materials,Facility Services,Security Services,Security Consulting & Risk Assessment,Unit 2026 Box 2438 DPO AE 07123,Belgium,Anna Martens,True,Low,Net 90,CTR-40bab4302f,0.0,0.0
SUP-91528f9f,LabelMaster GmbH,Direct Materials,Packaging Materials,Tertiary Packaging & Shipping Supplies,Labels & Inserts,Monja-Schenk-Gasse 8482 58224 Ravensburg,Germany,Anna Schmidt,True,Medium,Net 30,,142876.62,25.0
SUP-14b92d81,Versicherungskomplex GmbH,Indirect Services and Materials,Corporate & Professional Services,Financial Services,"Insurance (Property, Liability, Health, Travel)",Sylwia-Geisler-Allee 214 31480 Kronach,Germany,Sylvia Geisler,True,Low,Net 30,,63501.14,15.0
SUP-ef5ac646,Kontoauszug Audit GmbH,Indirect Services and Materials,Corporate & Professional Services,Financial Services,"Audit, Tax & Advisory Services",Liebeltring 6 48260 Grevenbroich,Germany,Anna Müller,True,Low,Net 90,CTR-4782240dbb,22816.57,15.0
SUP-f025be26,Innovative Metrics GmbH,Indirect Services and Materials,Marketing & Sales,Market Research,Brand Tracking & Analytics,Hornigstraße 99/44 05206 Aue,Germany,Anna Müller,True,Low,Net 90,CTR-be1bb21980,40441.8,15.0
SUP-db95e6bc,MoldMaster GmbH,Direct Materials,Raw Materials,Plastics & Polymers,Injection Molded Plastics,Wendegasse 10/11 71368 Helmstedt,Germany,Anna Schmidt,True,Medium,Net 60,CTR-1bd3971d2d,4844.22,25.0
SUP-db8eeb4e,Precision CNC Solutions GmbH,Technical Materials,Manufacturing Equipment,Production Machinery,CNC Machines & Lathes,Stadelmannstr. 9-2 22598 Erbisdorf,Germany,Anna Müller,True,High,Net 30,CTR-706e34e713,177385.67,65.0
SUP-3302be4e,SecureTech Solutions GmbH,Indirect Services and Materials,Facility Services,Security Services,Security Consulting & Risk Assessment,Ladeckgasse 77/87 15204 Brandenburg,Germany,Anna Müller,True,Medium,Net 90,CTR-09025ae30f,0.0,25.0
SUP-c9b49109,Energieeffizienz GmbH,Indirect Services and Materials,Facility Services,Real Estate & Utilities,Energy Management & Sustainability Services,Lothar-Klotz-Ring 15-77 53532 Grimma,Germany,Anna Müller,True,High,Net 60,,0.0,40.0
SUP-edba9677,N/A,Technical Materials,R&D and Laboratory,Lab Supplies,Glassware & Plasticware,"87, chemin de Pons 55199 Marion-les-Bains",Luxembourg,Sophie Dubois,True,Low,Net 30,,100154.51,10.0
SUP-095e4d50,N/A,Indirect Services and Materials,Logistics,Transportation & Freight,Air & Ocean Freight,"Jensenjordet 840, 6471 Kennethdal",Norway,Einar Larsen,False,High,Net 30,CTR-6d4b822d66,0.0,25.0
SUP-6c106bb4,SecureGuard Solutions GmbH,Indirect Services and Materials,Facility Services,Security Services,Manned Guarding,Rosemannstraße 97/43 57403 Rosenheim,Germany,Anna Müller,True,Low,Net 30,CTR-6733b565c9,0.0,15.0
SUP-0cb0be17,N/A,Indirect Services and Materials,Corporate & Professional Services,Consulting,Operations & Process Improvement,"5038 Cody Lodge New Joseph, NM 11901",United States,N/A,True,Low,Net 60,CTR-e7d6f35f99,3813.92,0.0
SUP-78811a9f,Fritsch Sales Excellence GmbH,Indirect Services and Materials,Marketing & Sales,Sales Support,Sales Training,Fritschstr. 511 44165 Fulda,Germany,Anna Müller,True,Low,Net 60,CTR-2437aeaaa8,123982.46999999999,15.0
SUP-03064f34,Innovative Solutions GmbH,Indirect Services and Materials,IT & Technology,Software,"Enterprise Applications (ERP, CRM, SCM)",Loretta-Boucsein-Platz 461 43558 Groß-Gerau,Germany,Anna Schneider,True,Low,Net 30,,0.0,15.0
SUP-a7b7e37b,N/A,Technical Materials,Manufacturing Equipment,Production Machinery,Assembly Line Automation & Robotics,Ibrahim-Hellwig-Platz 40-72 79522 Wittstock,Germany,Hans Müller,True,Low,Net 60,,222142.14,25.0
SUP-fb5a835f,LogiTech Solutions GmbH,Indirect Services and Materials,Logistics,Warehousing & Distribution,Inventory Management Systems,Schenkring 1 66132 Scheinfeld,Germany,Anna Müller,True,Low,Net 90,CTR-d55eab09c1,131900.81,15.0
SUP-3f131e07,Lithuania Print Solutions,Indirect Services and Materials,Facility Services,Office Supplies & Services,Print & Copy Services,"384 Galdikas Via Gaičiūnaschester, KS 53668",Lithuania,Ana Martens,True,Low,Net 60,CTR-1ab76423b7,0.0,0.0
SUP-d66b6493,N/A,Indirect Services and Materials,IT & Technology,IT Services & Telecom,"Telecommunications (Mobile, Fixed Line, Internet)",Hölzenbecherplatz 5/8 76958 Luckau,Germany,Anna Müller,False,Low,Net 60,,0.0,15.0
SUP-5f20d6a8,N/A,Indirect Services and Materials,Corporate & Professional Services,Consulting,Operations & Process Improvement,"Av. Mar del Plata N° 56 Corrientes 3400, Corrientes",Argentina,Carlos Mendez,True,Low,Net 90,,0.0,15.0
SUP-e2fce471,N/A,Technical Materials,"MRO (Maintenance, Repair & Operations)",Safety & PPE (Personal Protective Equipment),Fall Protection & Respiratory Gear,"Incrocio Giada, 986 10082, Cuorgne' (TO)",Italy,Maria Antonietta Rossi,True,Medium,Net 60,CTR-f53b733f0f,19948.92,10.0
SUP-94b5387c,SecureGuard Solutions GmbH,Indirect Services and Materials,IT & Technology,Software,Security & Compliance Software,Philip-Patberg-Straße 319 77668 Steinfurt,Germany,Anna Becker,True,Medium,Net 90,,250000.0,25.0
SUP-5a871491,InnovaTech Solutions,Indirect Services and Materials,IT & Technology,Software,"Enterprise Applications (ERP, CRM, SCM)","Avenida de Alberto Vázquez 97 Álava, 09637",Uruguay,Ana Martínez,False,Low,Net 30,,0.0,15.0
SUP-940726b3,MediaMasters GmbH,Indirect Services and Materials,Marketing & Sales,Marketing & Advertising,"Media Buying (Print, Broadcast, Digital)",Ayten-Budig-Ring 543 17385 Neustadt am Rübenberge,Germany,Julia Schmidt,True,Low,Net 60,,42697.12,15.0
SUP-c69f69a3,Ahaus Supplies GmbH,Direct Materials,Packaging Materials,Secondary Packaging,Trays & Dividers,Eva-Marie-Kensy-Weg 39 88706 Ahaus,Germany,Eva-Marie Kensy,False,Medium,Net 60,,61266.17,25.0
SUP-79c2f1ff,Günter Oils GmbH,Direct Materials,Raw Materials,Agricultural Products,Oils & Fats,Weitzelgasse 6428 35513 Pasewalk,Germany,Thomas Müller,False,Low,Net 90,,0.0,15.0
SUP-df977639,N/A,Indirect Services and Materials,Facility Services,Office Supplies & Services,Print & Copy Services,"950 Edwards Underpass Suite 335 West Victoriaton, AL 31839",United States,Emily Johnson,True,Low,Net 30,CTR-8f80eabc33,165936.97,0.0
SUP-0a430cb8,DocumentFlow Solutions Ltd,Indirect Services and Materials,Facility Services,Office Supplies & Services,Mail & Document Management,Studio 99h Nelson stravenue Melissabury IV83 2JX,United Kingdom,Elizabeth Marston,True,High,Net 30,,30747.75,25.0
SUP-66f5d910,Netzwerke Zukunft GmbH,Indirect Services and Materials,IT & Technology,IT Services & Telecom,"Telecommunications (Mobile, Fixed Line, Internet)",Daniel-Adolph-Straße 28 89828 Fürstenfeldbruck,Germany,Sandra Meier,True,Medium,Net 60,CTR-75a1a850c2,0.0,25.0
SUP-75edacf4,Cineprod Eventos y Producciones,Indirect Services and Materials,Marketing & Sales,Events & Promotions,Event Management & Production,"C. Angelino Rocha 70 Apt. 36 Zamora, 28773",Spain,Ana Rodriguez Lopez,True,Medium,Net 60,CTR-ab1920d617,70818.04,10.0
SUP-7154c1c5,Alianza Patrimonial S.A.,Indirect Services and Materials,Marketing & Sales,Marketing & Advertising,Sponsorships & Partnerships,"C. de María Jesús Solís 22 Puerta 9 Valencia, 47136",Uruguay,María Elena Martínez de González,True,High,Net 90,CTR-53152c565a,90243.44,40.0
SUP-f0c780f8,StrategieWerk GmbH,Indirect Services and Materials,Marketing & Sales,Market Research,Competitor Intelligence Services,Karl-Georg-Ullrich-Straße 4-1 06175 Gräfenhainichen,Germany,Anna Müller,True,Low,Net 90,,33494.81,15.0
SUP-d2a5583e,Križevci Print & Copy Services,Indirect Services and Materials,Facility Services,Office Supplies & Services,Print & Copy Services,Ilica 47 81725 Križevci,Croatia,Milan Petrovic,True,Low,Net 90,CTR-a002e7aa06,0.0,0.0
SUP-eebe24f4,ShowExpo Service GmbH,Indirect Services and Materials,Marketing & Sales,Events & Promotions,Trade Show & Exhibition Services,Siegrid-Neureuther-Platz 6-6 31627 Hannoversch Münden,Germany,Anna Becker,True,Low,Net 90,,65411.89,15.0
SUP-48d4fc4d,CleanPro Deutschland GmbH,Technical Materials,"MRO (Maintenance, Repair & Operations)",Industrial Consumables,Cleaning Agents & Janitorial Supplies,Vlado-Gude-Straße 812 51368 Peine,Germany,Anna Müller,True,Medium,Net 90,CTR-1bf27160f0,341761.9,42.5
SUP-1b78f41c,LogiCore Solutions GmbH,Indirect Services and Materials,Logistics,Warehousing & Distribution,3rd Party Logistics (3PL) Services,Hahngasse 97-64 18328 Stade,Germany,Anna Müller,True,Low,Net 90,CTR-662cd6f691,254194.94999999998,15.0
SUP-9a441379,Proactive Office Solutions,Indirect Services and Materials,IT & Technology,Software,"Productivity & Collaboration Suites (Office, Email)",Mátraszéki utca 26. H-6892 Mellékhida,Hungary,Anna Horváth,True,Medium,Net 90,,0.0,10.0
SUP-8fb42027,Zandvoort Merchandise Solutions,Indirect Services and Materials,Marketing & Sales,Sales Support,Merchandising Services,Larssteeg 798 7717 RX Zandvoort,Netherlands,Johannes Vermeer,True,Low,Net 60,CTR-d8ec3593bb,7876.66,0.0
SUP-5d4c42cb,DataInsight Solutions GmbH,Indirect Services and Materials,IT & Technology,Software,"Business Intelligence & Analytics (BI, Data Visualization)",Nicolaus-Steckel-Platz 4321 83521 Ueckermünde,Germany,Anna Becker,True,Low,Net 60,,0.0,15.0
SUP-407b4062,Veranstaltungsvermarktung GmbH,Indirect Services and Materials,Marketing & Sales,Marketing & Advertising,Sponsorships & Partnerships,Isabella-Grein Groth-Ring 56-57 89144 Hildburghausen,Germany,Anna Weber,True,Low,Net 90,,36710.78,15.0
SUP-e56934ad,Expo Solutions GmbH,Indirect Services and Materials,Marketing & Sales,Events & Promotions,Trade Show & Exhibition Services,Johan-Sontag-Ring 75-97 80769 Gardelegen,Germany,Anna Müller,False,Low,Net 90,CTR-294accfd1a,28000.0,15.0
SUP-5f01d796,DataTech Innovations Ltd.,Indirect Services and Materials,IT & Technology,Hardware,"Data Center (Servers, Storage)",09 Slyne Street N2155XC Martin Ville,Ireland,John O'Reilly,True,Medium,Net 90,CTR-69391670ea,230.61,10.0
SUP-a079b94d,TechDesign Engineering GmbH,Indirect Services and Materials,IT & Technology,Software,"Engineering & Design (CAD, PLM)",Raymond-Eigenwillig-Ring 3583 08216 Coburg,Germany,Anna Becker,True,Low,Net 90,,317774.29,15.0
SUP-656f343f,Virtuoso CRM Solutions GmbH,Indirect Services and Materials,Marketing & Sales,Sales Support,Customer Relationship Management (CRM) Tools,Nurten-Fechner-Straße 3846 74747 Haldensleben,Germany,Anna Schneider,True,Low,Net 30,CTR-190aa620ff,10468.29,15.0
SUP-724e9171,Global Logistics Solutions UK Ltd,Indirect Services and Materials,Logistics,Transportation & Freight,Freight Forwarding & Customs Brokerage,Flat 32 Hunt freeway Lake Carolefurt N36 7HE,United Kingdom,Caroline Thompson,True,Low,Net 90,CTR-76fa0422a6,0.0,0.0
SUP-ebd1fba5,N/A,Indirect Services and Materials,Facility Services,Real Estate & Utilities,Property Leases & Rent,Säuberlichweg 5/6 94547 Werdau,Germany,Anna Müller,True,Medium,Net 90,CTR-897ccccacd,176015.41999999998,25.0
SUP-b4717a3d,TechHire Solutions GmbH,Indirect Services and Materials,Corporate & Professional Services,Human Resources Services,HR Consulting & Technology,Fritschstraße 1 37804 Hoyerswerda,Germany,Anna Müller,True,Low,Net 60,CTR-76a9e040c0,22064.66,15.0
SUP-0e733c49,SecureGuard Solutions Ltd,Indirect Services and Materials,IT & Technology,Software,Security & Compliance Software,2 Michelle islands Jackborough NG6 1XD,United Kingdom,Emily Watson,True,Medium,Net 60,,2909.96,10.0
SUP-4a32550d,ExpoNet Deutschland GmbH,Indirect Services and Materials,Marketing & Sales,Events & Promotions,Trade Show & Exhibition Services,Heinallee 971 86828 Angermünde,Germany,Anna Müller,True,Low,Net 90,,93355.2,15.0
SUP-0d2eb7c3,Goslar-Verpackungs GmbH,Direct Materials,Packaging Materials,Primary Packaging,"Bottles, Jars & Cans",Kathy-Beyer-Weg 6/8 45401 Goslar,Germany,Katharina Beyer,True,Low,Net 60,CTR-c4be510738,0.0,40.0
SUP-04a74e0f,N/A,Indirect Services and Materials,Corporate & Professional Services,Financial Services,Banking & Treasury Services,Diedrich-Faust-Weg 4-7 46346 Schmölln,Germany,Anna Müller,True,Medium,Net 90,,107769.69,25.0
SUP-8e5d8ff5,TechWave Supplies,Indirect Services and Materials,IT & Technology,Hardware,"Mobile Devices (Tablets, Smartphones, Accessories)",45 Devlin Street Y13 T9W8 Caragh Ville,Ireland,Eamon O'Reilly,True,High,Net 90,,78709.82,25.0
SUP-4fc95b25,Geschenkgutscheine GmbH,Indirect Services and Materials,Marketing & Sales,Events & Promotions,Promotional Goods & Branded Merchandise,Gerhild-Löwer-Gasse 45/18 84466 Bremervörde,Germany,Anna Schmidt,True,Low,Net 90,,51831.18,15.0
SUP-348831ef,Klimafix Office GmbH,Indirect Services and Materials,Facility Services,Office Supplies & Services,Office Furniture & Fixtures,Jockelplatz 672 37727 Haldensleben,Germany,Anna Müller,True,Medium,Net 90,,0.0,25.0
SUP-8cde5a94,Lobenstein Lead Solutions GmbH,Indirect Services and Materials,Marketing & Sales,Sales Support,Lead Generation Services,Ayse-Rosemann-Allee 1295 36170 Lobenstein,Germany,Anna Schmitt,False,Medium,Net 30,,66892.72,25.0
SUP-c7fd4ec8,TeleData Solutions GmbH,Indirect Services and Materials,Logistics,Fleet Management,Telematics & Fleet Tracking,Roskothstraße 5 87185 Gunzenhausen,Germany,Anna Müller,True,Medium,Net 90,,18466.79,25.0
SUP-ee4b0930,N/A,Indirect Services and Materials,Marketing & Sales,Sales Support,Customer Relationship Management (CRM) Tools,"6582 Asteroid Avenue, Caloocan, 1340 Metro Manila",Philippines,Maria Elena Santos,True,Low,Net 30,CTR-44dbdeb60b,53471.15,15.0
SUP-32730e92,TechGuru End-User Solutions GmbH,Indirect Services and Materials,IT & Technology,Hardware,"End-User Computing (Laptops, Desktops, Monitors)",Kambsgasse 995 50751 Kassel,Germany,Anna Müller,True,Low,Net 60,CTR-1c195cc50a,0.0,15.0
SUP-adc8b895,SocialMediaMasters Italia,Indirect Services and Materials,Marketing & Sales,Marketing & Advertising,Influencer & Social Media Marketing,"Contrada Salieri, 86 26846, Corno Giovine (LO)",Italy,Marco Rossi,True,Low,Net 60,CTR-b35c170e2a,8684.949999999999,0.0
SUP-6dbda4d3,CleanPro Deutschland GmbH,Indirect Services and Materials,Facility Services,Facility Management,Janitorial & Cleaning Services,Birnbaumstraße 2 72031 Regen,Germany,Anna Müller,True,Low,Net 60,,4583.85,15.0
SUP-f9a63c02,Bavarian Freight Solutions GmbH,Indirect Services and Materials,Logistics,Transportation & Freight,Freight Forwarding & Customs Brokerage,Mandy-Mülichen-Allee 4/3 09458 Bamberg,Germany,Anna Schmidt,True,Low,Net 30,CTR-d68e6b1062,0.0,15.0
SUP-37a77e3a,DataVision Solutions SAS,Indirect Services and Materials,IT & Technology,Software,"Business Intelligence & Analytics (BI, Data Visualization)","55, chemin Delattre 29438 Sainte Mauricedan",France,Jean Dupont,True,Low,Net 60,CTR-43f6b04f0b,66344.62,0.0
SUP-9eed5174,Vertriebs GmbH Solvents & Adhesives Deutschland,Direct Materials,Raw Materials,Chemicals,Solvents & Adhesives,Ingmar-Martin-Gasse 223 53802 Lippstadt,Germany,Anna Müller,True,Low,Net 60,,250734.47,40.0
SUP-8642b3a2,Datensicherheitsanalysen GmbH,Indirect Services and Materials,Marketing & Sales,Market Research,"Data, Surveys & Analysis",Sauerallee 47-19 19046 Strasburg,Germany,Anna Schmidt,True,Low,Net 90,CTR-488b8a089a,62098.619999999995,15.0
SUP-b9196a2c,Eco-Friendly Office Solutions,Indirect Services and Materials,Facility Services,Office Supplies & Services,Office Furniture & Fixtures,82 Cooney Street P46DH5F Laurie Ville,Ireland,Liam O'Connor,True,Medium,Net 30,CTR-1077a32c66,0.0,10.0
SUP-bfb05cfb,CleanPro Deutschland GmbH,Indirect Services and Materials,Facility Services,Facility Management,Janitorial & Cleaning Services,Knappering 1192 92101 Sebnitz,Germany,Anna Müller,True,Low,Net 30,,0.0,15.0
SUP-32bc9673,Estonian Tech Peripherals Ltd,Indirect Services and Materials,IT & Technology,Hardware,"Peripherals & Accessories (Printers, Keyboards)","96741 Truu Park Suite 980 Port Tamara, AK 10882",Estonia,Jaanika Laidre,True,Low,Net 60,CTR-e67331d544,0.0,0.0
SUP-6da87cd1,SecureTech Access Solutions GmbH,Indirect Services and Materials,Facility Services,Security Services,Access Control Systems,Ludwig-Gorlitz-Platz 5-9 62521 Großenhain,Germany,Anna Müller,True,Low,Net 30,,0.0,15.0
SUP-58e6739f,ProAct Sales Academy,Indirect Services and Materials,Marketing & Sales,Sales Support,Sales Training,Tina-Gertz-Allee 14/59 08705 Melle,Germany,Max Mustermann,True,Medium,Net 60,CTR-a4be1d6499,41941.310000000005,25.0
SUP-4741ece5,N/A,Indirect Services and Materials,Marketing & Sales,Sales Support,Merchandising Services,"73588 Petrauskas Trail North Aušra, KY 47522",Lithuania,András Kovács,True,Medium,Net 30,CTR-302981d3e4,76140.7,10.0
SUP-96e8bafd,SecureGuard Netherlands B.V.,Indirect Services and Materials,Facility Services,Security Services,Manned Guarding,Naomipad 06 7374 FG Steggerda,Netherlands,Anna de Jong,True,Low,Net 60,CTR-02bc41d7ff,15932.6,0.0
SUP-428faa9a,LogiMaster GmbH,Indirect Services and Materials,Logistics,Warehousing & Distribution,3rd Party Logistics (3PL) Services,Steinbergweg 9109 91235 Staßfurt,Germany,Anna Müller,True,Low,Net 30,,0.0,15.0
SUP-08ffe38c,Energieversorgung Hersbruck GmbH,Indirect Services and Materials,Facility Services,Real Estate & Utilities,"Utilities (Gas, Electricity, Water)",Almut-Cichorius-Weg 6470 90995 Hersbruck,Germany,Almut Cichorius,True,High,Net 60,CTR-d221f0b595,689.28,40.0
SUP-38f4616f,N/A,Technical Materials,Manufacturing Equipment,Production Machinery,CNC Machines & Lathes,Osman-Becker-Gasse 12 94904 Delitzsch,Germany,Anna Becker,True,Low,Net 90,CTR-e187c3b53c,26789.1,15.0
SUP-5da15001,Grethedal Property Solutions AS,Indirect Services and Materials,Facility Services,Real Estate & Utilities,Property Leases & Rent,"Sørensenhaugen 5, 0985 Grethedal",Norway,Elin Andersen,True,Low,Net 30,,0.0,0.0
SUP-730d4578,Metrovalores S.A.S.,Technical Materials,R&D and Laboratory,Lab Equipment,Measurement & Testing Instruments,"Dg. 4ª # 3-4 Apartamento 142 860320 San Miguel, Putumayo",Colombia,Juan Carlos Alvarez,True,High,Net 60,,382.92,40.0
SUP-1bac2ee3,OptiTech Audio-Visuell GmbH,Indirect Services and Materials,IT & Technology,Hardware,"Audio/Visual Equipment (Projectors, Conferencing Systems)",Herbert-Lübs-Straße 6 75255 Roth,Germany,Anna Becker,True,Medium,Net 90,CTR-b584a864b6,0.0,25.0
SUP-48c3c7a0,TechAccess Venezuela S.A.,Indirect Services and Materials,IT & Technology,Hardware,"Peripherals & Accessories (Printers, Keyboards)","Ronda de Jacinta Juliá 122 Teruel, 43246",Venezuela,Ana Isabel Rodriguez,False,Low,Net 90,,0.0,15.0
SUP-e54c35c9,SecureGuard Solutions AB,Indirect Services and Materials,IT & Technology,Software,Security & Compliance Software,Björkvägen 486 69211 Karlstad,Sweden,Anna Lindberg,False,Medium,Net 90,,0.0,10.0
SUP-a84a2aa6,N/A,Indirect Services and Materials,IT & Technology,Software,"Business Intelligence & Analytics (BI, Data Visualization)",Wagenknechtweg 55-51 55076 Großenhain,Germany,Anna Müller,True,High,Net 60,,33256.56,40.0
SUP-2a475c69,Innovative Sales Solutions GmbH,Indirect Services and Materials,Marketing & Sales,Sales Support,Sales Incentive & Reward Programs,Albersweg 472 28003 Altötting,Germany,Anna Müller,True,Low,Net 30,CTR-6e074d0869,51696.34,15.0
SUP-85599f95,Jönköpings Event Solutions AB,Indirect Services and Materials,Marketing & Sales,Events & Promotions,Event Management & Production,Furugatan 89 71837 Jönköping,Sweden,Anna Svensson,True,Medium,Net 60,,76749.98,10.0
SUP-7868cddc,TechConnect GmbH,Indirect Services and Materials,IT & Technology,Hardware,"Mobile Devices (Tablets, Smartphones, Accessories)",Gaby-Mälzer-Allee 7/4 40775 Hagenow,Germany,Alexander Schmidt,True,Low,Net 90,,0.0,15.0
SUP-f7fa66ed,N/A,Indirect Services and Materials,IT & Technology,Software,"Enterprise Applications (ERP, CRM, SCM)",Stutzstrasse 916 4100 Veyrier,Switzerland,Anna Müller,True,Low,Net 30,CTR-1323ff60b1,0.0,0.0
SUP-e0ab5ed1,CloudHosting Solutions GmbH,Indirect Services and Materials,IT & Technology,IT Services & Telecom,"Cloud & Hosting (IaaS, PaaS, SaaS)",Mehdi-Radisch-Ring 55/17 98110 Bad Freienwalde,Germany,Anna Weber,True,Medium,Net 30,,26201.47,25.0
SUP-d76a957c,N/A,Indirect Services and Materials,Facility Services,Real Estate & Utilities,Property Leases & Rent,Gertzweg 84 84179 Koblenz,Germany,Anna Müller,True,Low,Net 30,,0.0,15.0
SUP-cb7f72ca,ExpoNet Deutschland GmbH,Indirect Services and Materials,Marketing & Sales,Events & Promotions,Trade Show & Exhibition Services,Vitus-Fischer-Straße 868 23196 Freising,Germany,Michaela Schneider,True,Low,Net 30,CTR-bb98fb5d08,39345.729999999996,15.0
SUP-2086e9f4,Stollberg Utilities GmbH,Indirect Services and Materials,Facility Services,Real Estate & Utilities,"Utilities (Gas, Electricity, Water)",Melanie-Löffler-Straße 5-8 31095 Stollberg,Germany,Anna Schmidt,True,Medium,Net 60,,0.0,25.0
SUP-90b949c7,Terra Events GmbH,Indirect Services and Materials,Marketing & Sales,Events & Promotions,Event Management & Production,Täscheallee 9/7 01372 Torgau,Germany,Anna Müller,True,Low,Net 60,CTR-1031ec16f0,52599.06999999999,15.0
SUP-2ae7216d,N/A,Indirect Services and Materials,Facility Services,Security Services,Access Control Systems,"7, chemin Laporte 32679 Saint Thibault",Luxembourg,Jean Dupont,True,Low,Net 90,CTR-922a067fcf,25848.75,0.0
SUP-985fb1bd,TechSphere Solutions Ltd,Indirect Services and Materials,IT & Technology,Software,"Enterprise Applications (ERP, CRM, SCM)",569 Osborne ranch Port Leonard M7S 4JF,United Kingdom,Jane Smith,True,Low,Net 90,CTR-6a2aa65c99,0.0,0.0
SUP-d16c90ad,Anklamer Immobilienleasing GmbH,Indirect Services and Materials,Facility Services,Real Estate & Utilities,Property Leases & Rent,Hermanngasse 4-2 13636 Anklam,Germany,Thomas Müller,True,Medium,Net 90,CTR-f25345ce8a,0.0,25.0
SUP-51eb41ef,LegalShield GmbH,Indirect Services and Materials,Corporate & Professional Services,Legal Services,Litigation & Dispute Resolution,Janna-Spieß-Straße 5-3 51417 Pinneberg,Germany,Anna Müller,False,Medium,Net 60,CTR-f7fa3e4e85,13072.39,25.0
SUP-2a6d0b30,MediaLink Italia SRL,Indirect Services and Materials,Marketing & Sales,Marketing & Advertising,"Media Buying (Print, Broadcast, Digital)","Incrocio Rastelli, 97 Piano 0 47018, Biserno (FC)",Italy,Luca Rossi,True,Medium,Net 60,,64548.58,10.0
SUP-cd65c9f6,Precision Stamped Solutions GmbH,Direct Materials,Components & Sub-Assemblies,Fabricated Parts,Stamped Metal Parts,Olaf-Schmiedecke-Gasse 9-4 09765 Kehl,Germany,Olaf Schmiedecke,True,Low,Net 60,,70424.47,15.0
SUP-66123630,Mitteldeutscher Forklift & Pallet Jacken GmbH,Technical Materials,Manufacturing Equipment,Material Handling Equipment,Forklifts & Pallet Jacks,Sylvana-Oestrovsky-Platz 22-81 81393 Suhl,Germany,Sylvana Oestrovsky,True,Medium,Net 30,,66650.32,25.0
SUP-5367ac94,RoboTech Solutions GmbH,Technical Materials,Manufacturing Equipment,Production Machinery,Assembly Line Automation & Robotics,Ernst-Jähn-Weg 6527 97431 Lörrach,Germany,Anna Schmidt,True,Low,Net 30,CTR-8eaa00170b,399724.15,40.0
SUP-b7a07fd9,SecurePay Solutions GmbH,Indirect Services and Materials,Corporate & Professional Services,Financial Services,Payment Processing,Gertzgasse 24/49 80064 Schwabmünchen,Germany,Anna Müller,True,Low,Net 30,CTR-2cac87e379,41029.11,15.0
SUP-5fd0a8ca,CloudSphere Solutions Chile,Indirect Services and Materials,IT & Technology,IT Services & Telecom,"Cloud & Hosting (IaaS, PaaS, SaaS)","Av. Bernardo O'Higgins 236 Valdivia, Región de Los Ríos, 9902660",Chile,María Fernanda Gutiérrez,True,Low,Net 60,CTR-9896c4faec,129988.91,15.0
SUP-16a48542,AutoCare Deutschland GmbH,Indirect Services and Materials,Logistics,Fleet Management,Vehicle Maintenance & Repair,Dagmar-Schomber-Weg 3430 63802 Eisenhüttenstadt,Germany,Michael Schmidt,True,High,Net 60,,0.0,40.0
SUP-43193164,Nigel Event Solutions Ltd,Indirect Services and Materials,Marketing & Sales,Events & Promotions,Event Management & Production,Flat 15E Robinson trail West Nigel SS7E 0JZ,United Kingdom,Emily Watson,True,High,Net 90,,432978.82999999996,25.0
SUP-6e8d1311,Recycling Plus GmbH,Indirect Services and Materials,Facility Services,Real Estate & Utilities,Waste Management & Recycling,Detlev-Schmidtke-Gasse 85/35 48741 Altötting,Germany,Anna Müller,True,Low,Net 90,,0.0,15.0
SUP-63daca2e,N/A,Indirect Services and Materials,Marketing & Sales,Sales Support,Merchandising Services,Stella-Schenk-Gasse 1 99431 Eisenberg,Germany,Anna Müller,True,Low,Net 60,CTR-9e84864a67,46915.59,15.0
SUP-178cb555,TestMaster Polska,Technical Materials,R&D and Laboratory,Lab Equipment,Measurement & Testing Instruments,plac Bukowa 74/92 29-820 Olsztyn,Poland,Anna Kowalska,True,Low,Net 90,CTR-69e3124c85,16658.41,0.0
SUP-7c776cfb,N/A,Technical Materials,R&D and Laboratory,Lab Supplies,Glassware & Plasticware,Ilka-Haase-Allee 12 28735 Saarlouis,Germany,Anna Müller,True,Low,Net 90,,645815.37,40.0
SUP-43c5f2cd,N/A,Indirect Services and Materials,IT & Technology,Software,"Productivity & Collaboration Suites (Office, Email)",Södinggasse 42 85862 Pirmasens,Germany,Anna Müller,True,High,Net 90,CTR-f2584422d0,0.0,40.0
SUP-d0b0df1c,Storage Solutions Polska,Indirect Services and Materials,Logistics,Warehousing & Distribution,Warehouse Rental & Storage,ulica Chabrowa 95/99 30-631 Konin,Poland,Anna Kowalski,True,Low,Net 90,,0.0,0.0
SUP-35e87469,Miltenberg Data Solutions GmbH,Indirect Services and Materials,IT & Technology,Hardware,"Data Center (Servers, Storage)",Bärerstraße 287 06281 Miltenberg,Germany,Anna Müller,True,High,Net 90,CTR-34b1cfad60,0.0,40.0
SUP-31476954,Tempo Service Technik GmbH,Indirect Services and Materials,Facility Services,Facility Management,Building Maintenance & HVAC,Vollbrechtring 1/9 66638 Reutlingen,Germany,Hans Müller,True,High,Net 90,CTR-2a3c2ab98d,7278.41,40.0
SUP-5f7d6a9d,Sicherheitsanlagen GmbH,Indirect Services and Materials,Facility Services,Security Services,Alarm Systems & Monitoring,Sylvio-Johann-Weg 2-9 26365 Hechingen,Germany,Anna Müller,True,Low,Net 30,,39498.67,15.0
SUP-fbce0f74,N/A,Indirect Services and Materials,Facility Services,Office Supplies & Services,Catering & Vending Services,József attila utca 182. H-8758 Hódmezővásárhely,Hungary,László Mária,True,Medium,Net 60,CTR-18b2d2d9f5,0.0,10.0
SUP-039582de,Tech HR Solutions GmbH,Indirect Services and Materials,Corporate & Professional Services,Human Resources Services,HR Consulting & Technology,Karl-Keudel-Platz 6/9 52222 Stuttgart,Germany,Anna Müller,True,Medium,Net 60,,269924.3,25.0
SUP-6e6f09f3,N/A,Indirect Services and Materials,IT & Technology,Software,"Business Intelligence & Analytics (BI, Data Visualization)",Erwin-Ebert-Gasse 42-45 98599 Düren,Germany,Anna Schneider,True,Low,Net 30,,14663.24,15.0
SUP-c6f5098c,Hauswartungs-Service GmbH,Indirect Services and Materials,Facility Services,Facility Management,Building Maintenance & HVAC,Roberto-Roskoth-Gasse 2-2 50615 Northeim,Germany,Karin Schmidt,True,Low,Net 90,,0.0,15.0
SUP-8efb530e,OptiView Solutions GmbH,Indirect Services and Materials,IT & Technology,Hardware,"Audio/Visual Equipment (Projectors, Conferencing Systems)",Junkplatz 9/2 43128 Gardelegen,Germany,Anna Müller,True,Low,Net 60,CTR-0c2183fa26,91701.39,15.0
SUP-9f48c5b8,TechParts GmbH,Technical Materials,"MRO (Maintenance, Repair & Operations)",Spare Parts,Equipment-Specific Spare Parts,Tania-auch Schlauchin-Platz 83-99 40045 Wolfenbüttel,Germany,Oliver Schmidt,True,Medium,Net 90,CTR-cf9af4d461,103977.26999999999,25.0
SUP-8aab3357,TeleCom Italia SRL,Indirect Services and Materials,IT & Technology,IT Services & Telecom,"Telecommunications (Mobile, Fixed Line, Internet)","Canale Nino, 40 26821, Bertonico (LO)",Italy,Marco Rossi,True,High,Net 30,CTR-2f9f032549,0.0,25.0
SUP-66d1d545,Croatian Telematics Solutions,Indirect Services and Materials,Logistics,Fleet Management,Telematics & Fleet Tracking,Jadranska 1c/9 70194 Nin,Croatia,Marko Petrovic,True,Low,Net 90,,17256.09,0.0
SUP-0ec0ecd5,N/A,Indirect Services and Materials,Facility Services,Office Supplies & Services,Print & Copy Services,Hermannplatz 17-57 36930 Erkelenz,Germany,Anna Müller,True,Medium,Net 60,,0.0,25.0
SUP-9b39983c,N/A,Indirect Services and Materials,Marketing & Sales,Sales Support,Sales Training,Oliver-Wulf-Platz 3962 99880 Roding,Germany,Anna Müller,True,Low,Net 30,,83593.53,15.0
SUP-96d92db1,Incentive Rewards GmbH,Indirect Services and Materials,Marketing & Sales,Sales Support,Sales Incentive & Reward Programs,Gunther-Peukert-Straße 33-47 06789 Gransee,Germany,Anna Becker,False,Low,Net 30,CTR-a825a7dfe5,24378.66,15.0
SUP-fb619905,N/A,Indirect Services and Materials,Marketing & Sales,Sales Support,Customer Relationship Management (CRM) Tools,Zobelallee 5684 08166 Badalzungen,Germany,Anna Müller,True,Medium,Net 60,CTR-88469287a9,190992.40000000002,25.0
SUP-7811b14a,Valores Fulfilled S.A.,Indirect Services and Materials,Logistics,Warehousing & Distribution,Order Fulfillment & Value-Added Services,"Callejón de Octavia Amo 173 Navarra, 09459",Peru,Carlos Mendez Rivera,True,Low,Net 90,,0.0,15.0
SUP-2d860ac7,GreenGarden Supplies NL,Indirect Services and Materials,Facility Services,Facility Management,Landscaping & Groundskeeping,Maresteeg 4 8369 VM Biervliet,Netherlands,Anna de Groot,True,Low,Net 30,,0.0,0.0
SUP-381fff55,Express Road Freight GmbH,Indirect Services and Materials,Logistics,Transportation & Freight,"Road Freight (FTL, LTL)",Uli-Davids-Straße 23 49317 Stendal,Germany,Anna Müller,True,Low,Net 30,,60372.55,15.0
SUP-cbd30151,Geschützte Dienstleistungen GmbH,Indirect Services and Materials,Facility Services,Security Services,Manned Guarding,Stolzestr. 93-71 53102 Grevesmühlen,Germany,Anna Müller,True,Low,Net 60,CTR-d1cb5c9817,0.0,15.0
SUP-cee140cc,TeleTrack Solutions GmbH,Indirect Services and Materials,Logistics,Fleet Management,Telematics & Fleet Tracking,Antonina-Koch-Gasse 85-16 84543 Riesa,Germany,Max Mustermann,True,Low,Net 60,CTR-3ef066d3f0,5980.34,15.0
SUP-d8c47388,Kredit & Trezor s.r.o.,Indirect Services and Materials,Corporate & Professional Services,Financial Services,Banking & Treasury Services,Dvojkrížna 6 848 12 Makovce,Slovakia,Ján Novák,True,Low,Net 30,CTR-a57aea52a1,49389.53,0.0
SUP-ac863730,HRTech Solutions Argentinas,Indirect Services and Materials,Corporate & Professional Services,Human Resources Services,HR Consulting & Technology,"Calle 7 N° 825 Torre 7 Dto. 5 Chilecito 5360, La Rioja",Argentina,Carlos Mendez,True,High,Net 30,,0.0,40.0
SUP-3da45cd2,N/A,Direct Materials,Raw Materials,Chemicals,Bulk & Specialty Chemicals,"7058 Natalja Overpass North Dmitri, NE 32520",Estonia,Jaanika Raudsepp,True,Low,Net 90,CTR-3ff3ed6c12,4827.44,0.0
SUP-476be984,Instrumento Test Solutions,Technical Materials,R&D and Laboratory,Lab Equipment,Measurement & Testing Instruments,rue Amélie Petitjean 79928 Jourdan,France,Marie Dubois,False,High,Net 30,CTR-dbc9b95b8e,365611.08,80.0
SUP-04fa6b49,SecureGuard Solutions GmbH,Indirect Services and Materials,IT & Technology,Software,Security & Compliance Software,Harald-Rose-Ring 2-6 35089 Neuruppin,Germany,Anna Müller,True,Low,Net 30,,0.0,15.0
SUP-9d8ce07e,Holzmindener Lagervermietung GmbH,Indirect Services and Materials,Logistics,Warehousing & Distribution,Warehouse Rental & Storage,Niko-Scheel-Platz 96 64275 Holzminden,Germany,Hans Müller,True,Low,Net 90,CTR-d3749a7f1f,3538.91,15.0
SUP-0712a655,N/A,Indirect Services and Materials,Facility Services,Real Estate & Utilities,Energy Management & Sustainability Services,Birnbaumgasse 9/9 17495 Dinslaken,Germany,Anna Müller,False,Low,Net 30,CTR-72f49b43b6,42528.27,15.0
SUP-83bbd815,Stretch & Shrink Wrap Ltd,Direct Materials,Packaging Materials,Tertiary Packaging & Shipping Supplies,Stretch & Shrink Wrap,453 Kowhaikoro Road O'Keefeberg 9748,New Zealand,John Smith,True,Medium,Net 30,,18587.12,10.0
SUP-1510bacd,LogiServe GmbH,Indirect Services and Materials,Logistics,Warehousing & Distribution,Order Fulfillment & Value-Added Services,Preißallee 8-6 81694 Pinneberg,Germany,Anna Müller,True,Low,Net 30,CTR-22c36cf0e5,0.0,15.0
SUP-3971336d,PayAdvantage Solutions Ltd,Indirect Services and Materials,Corporate & Professional Services,Human Resources Services,Payroll & Benefits Administration,9 Davies ways Jeremyview ST5B 4HH,United Kingdom,James Thompson,True,High,Net 90,,0.0,25.0
SUP-971f4c91,Sicherheitsanlagen GmbH,Indirect Services and Materials,Facility Services,Security Services,Alarm Systems & Monitoring,Metzring 55 63336 Bad Langensalza,Germany,Anna Becker,True,High,Net 30,CTR-24b32d42dd,0.0,40.0
SUP-2e2e2432,Immobilienvermietungen GmbH,Indirect Services and Materials,Facility Services,Real Estate & Utilities,Property Leases & Rent,Ismet-Gerlach-Straße 9/9 09646 Eckernförde,Germany,Birgit Schmidt,True,Low,Net 30,CTR-1337483e86,0.0,15.0
SUP-ec36415e,CleanPro Latvian Services,Indirect Services and Materials,Facility Services,Facility Management,Janitorial & Cleaning Services,"1577 Ādams Common Suite 673 West Venerandachester, DC 68469",Latvia,Anna Rzezutka,False,Medium,Net 30,CTR-09e1829925,0.0,10.0
SUP-4faa6a91,Finland Warehouse Solutions Ltd.,Indirect Services and Materials,Logistics,Warehousing & Distribution,Warehouse Rental & Storage,Kolvipolku 0 47791 Kokemäki,Finland,Anna Lehtonen,True,Low,Net 90,CTR-2696f59ddb,3726.78,0.0
SUP-33f9da0d,N/A,Indirect Services and Materials,IT & Technology,IT Services & Telecom,"Managed Services (Helpdesk, Network Management)",Auguste-Stroh-Straße 5/6 87687 Lübeck,Germany,Anna Müller,True,High,Net 30,CTR-5757d87625,46494.3,40.0
SUP-2b6c2740,Transit Logistics GmbH,Indirect Services and Materials,Logistics,Transportation & Freight,Freight Forwarding & Customs Brokerage,Pruschkegasse 709 21502 Biedenkopf,Germany,Anna Müller,True,Low,Net 90,CTR-1bf8a23911,0.0,15.0
SUP-2e1de5fe,CleanPro Slovakia,Technical Materials,"MRO (Maintenance, Repair & Operations)",Industrial Consumables,Cleaning Agents & Janitorial Supplies,Staviteľská 3 811 35 Bobrovník,Slovakia,Jana Novak,True,Low,Net 30,CTR-81774b1021,202693.03999999998,10.0
SUP-06aacf63,3D Prinzen Services GmbH,Technical Materials,R&D and Laboratory,Prototyping Services & Materials,3D Printing Services,Ruppersbergerplatz 1-9 32676 Gera,Germany,Anna Müller,True,High,Net 30,CTR-27c485befe,55425.85,40.0
SUP-1ba726bd,TransEurope Logistics Solutions,Indirect Services and Materials,Logistics,Transportation & Freight,Freight Forwarding & Customs Brokerage,"Bulevardul Stoica Nr. 15 Bl. 78  Sc. 22 Ap. 215 Rasinari, 873003",Romania,Maria Elena Popescu,True,Low,Net 60,,0.0,0.0
SUP-d96cac8c,SecureNet Cybersecurity Solutions,Indirect Services and Materials,IT & Technology,IT Services & Telecom,"Cybersecurity Services (Pen Testing, Monitoring, SOC)",Nicolas-Christoph-Ring 45/45 98666 Holzminden,Germany,Anna Schneider,True,Medium,Net 30,CTR-d5dfa13787,0.0,25.0
SUP-5ff3922e,CloudSphere Solutions GmbH,Indirect Services and Materials,IT & Technology,IT Services & Telecom,"Cloud & Hosting (IaaS, PaaS, SaaS)",Rustweg 3-7 48833 Parchim,Germany,Anna Müller,True,Low,Net 30,CTR-b398c1af0f,102656.95,15.0
SUP-4fb6db9d,Optima Process Solutions GmbH,Indirect Services and Materials,Corporate & Professional Services,Consulting,Operations & Process Improvement,Bernadette-Speer-Weg 1/9 18950 Bamberg,Germany,Eva Weber,True,Medium,Net 30,CTR-4175b45ba4,0.0,25.0
SUP-34688866,N/A,Indirect Services and Materials,IT & Technology,Software,"Productivity & Collaboration Suites (Office, Email)","Ronda Fernando Perea 92 Puerta 9 Ourense, 44239",Spain,Ana López Fernández,True,Medium,Net 30,,0.0,10.0
SUP-d598a57d,ThermoTech Bauunternehmen GmbH,Indirect Services and Materials,Facility Services,Facility Management,Building Maintenance & HVAC,Grein Grothallee 72-87 93069 Main-Höchst,Germany,Johannes Weber,True,Low,Net 30,,0.0,15.0
SUP-5098300c,AdTech Innovations GmbH,Indirect Services and Materials,Marketing & Sales,Marketing & Advertising,Digital Marketing & SEO/SEM,Hans Georg-Graf-Platz 5 44911 Bersenbrück,Germany,Anna Müller,True,Low,Net 30,,16931.65,15.0
SUP-77d39277,EuroAero Transport GmbH,Indirect Services and Materials,Logistics,Transportation & Freight,Air & Ocean Freight,Etzlergasse 29/82 52083 Neuruppin,Germany,Anna Becker,True,Low,Net 90,CTR-79acc02216,5963.58,15.0
SUP-5475723a,N/A,Indirect Services and Materials,Facility Services,Office Supplies & Services,Office Furniture & Fixtures,"767 Villegas Road Apt. 250 Cannonshire, AB G5C 7N1",Canada,N/A,True,Low,Net 60,CTR-a83c1f8078,0.0,0.0
SUP-bf42923f,SecureNet Cybersecurity Services GmbH,Indirect Services and Materials,IT & Technology,IT Services & Telecom,"Cybersecurity Services (Pen Testing, Monitoring, SOC)",Urte-Franke-Weg 4/4 21121 Haldensleben,Germany,Anna Müller,True,Medium,Net 60,CTR-fb3b6402c1,14888.8,25.0
SUP-0f0d424d,GreenScape Italia Srl,Indirect Services and Materials,Facility Services,Facility Management,Landscaping & Groundskeeping,"Strada Ceri, 65 07027, Oschiri (SS)",Italy,Marco Rossi,True,Low,Net 60,CTR-9ab6294f82,0.0,0.0
SUP-6c3e7b79,TechTronix GmbH,Technical Materials,Manufacturing Equipment,Material Handling Equipment,Forklifts & Pallet Jacks,Ludwig-Jopich-Allee 69 70671 Bergzabern,Germany,Erika Schneider,True,Low,Net 60,,258913.16,25.0
SUP-841a731d,Sunrise Property Leasing Services,Indirect Services and Materials,Facility Services,Real Estate & Utilities,Property Leases & Rent,"103 Wanda Track North Maryton, TX 42875",United States,Emily Johnson,True,Low,Net 90,CTR-eb50cab8b1,0.0,0.0
SUP-34dbc6fe,Eau Électricité Gaz Algérie,Indirect Services and Materials,Facility Services,Real Estate & Utilities,"Utilities (Gas, Electricity, Water)","6, boulevard Reynaud 86617 Gimenez-sur-Baron",Algeria,Mohamed Ben Salah,True,Low,Net 30,CTR-0442f926d2,0.0,30.0
SUP-eedc7d97,N/A,Indirect Services and Materials,Facility Services,Real Estate & Utilities,"Utilities (Gas, Electricity, Water)",Kropova ulica 7b 3391 Lendava,Slovenia,Marko Novak,True,Low,Net 90,CTR-95d2b5ff12,6523.14,0.0
SUP-ec8b106d,TechSolutions GmbH,Indirect Services and Materials,IT & Technology,Software,"Enterprise Applications (ERP, CRM, SCM)",Gerlachstr. 4615 22009 Kehl,Germany,Anna Becker,True,High,Net 90,CTR-dbb3c1938e,0.0,40.0
SUP-206de4aa,Romania Films & Sheetings Co.,Direct Materials,Raw Materials,Plastics & Polymers,Films & Sheeting,"Soseaua Tomescu Fetesti-Gara, 800640",Romania,Alexandru Ivan,True,Low,Net 60,,0.0,0.0
SUP-60c15f8a,N/A,Indirect Services and Materials,Facility Services,Security Services,Alarm Systems & Monitoring,Hans-Erich-Seidel-Allee 658 81569 Mettmann,Germany,Anna Müller,False,Low,Net 30,,18168.95,15.0
SUP-b874923d,SkyNet Cloud Solutions GmbH,Indirect Services and Materials,IT & Technology,IT Services & Telecom,"Cloud & Hosting (IaaS, PaaS, SaaS)",Thurnerweg 775 4092 Eisenstadt,Austria,Anna Müller,True,Low,Net 60,,1830.12,0.0
SUP-b2fd4dec,Mittelstand Bank GmbH,Indirect Services and Materials,Corporate & Professional Services,Financial Services,Banking & Treasury Services,Anneliese-Schenk-Platz 17 14175 Malchin,Germany,Anna Müller,True,Low,Net 90,CTR-c9d2a66ed1,20934.75,15.0
SUP-6edef988,Estonian Green Solutions,Indirect Services and Materials,Facility Services,Real Estate & Utilities,Waste Management & Recycling,"52937 Alexander Greens Lake Sander, WV 54263",Estonia,Jaanika Mikk,True,Low,Net 90,CTR-7fef22e753,0.0,0.0
SUP-954d1e6a,TechSolutions GmbH,Indirect Services and Materials,IT & Technology,IT Services & Telecom,IT Consulting & Implementation,Bährallee 8 48258 Göttingen,Germany,Anna Müller,True,Low,Net 60,,0.0,15.0
SUP-3952edf3,Warehouse Rental & Storage,Indirect Services and Materials,Logistics,Warehousing & Distribution,Warehouse Rental & Storage,"Acceso de Germán Crespo 20 Piso 4 Melilla, 12826",Venezuela,Germán Crespo,True,Low,Net 90,CTR-1243d4b899,0.0,15.0
SUP-7ff33b48,N/A,Indirect Services and Materials,Corporate & Professional Services,Human Resources Services,Payroll & Benefits Administration,Bonbachplatz 548 63937 Hagenow,Germany,Anna Müller,True,Low,Net 90,,359373.13,15.0
SUP-8cd0b528,Kreativwerkstatt Berlin,Indirect Services and Materials,Marketing & Sales,Marketing & Advertising,"Creative, Content & Branding Agencies",Hartunggasse 8 28095 Strausberg,Germany,Anna Schneider,True,Medium,Net 30,CTR-6247ae131c,19177.77,25.0
SUP-69e404d9,TechSolutions IT Consulting GmbH,Indirect Services and Materials,IT & Technology,IT Services & Telecom,IT Consulting & Implementation,Karzring 5 38893 Einbeck,Germany,Anna Schmidt,True,Low,Net 30,,0.0,15.0
SUP-1b35d26c,Faktura Stationery,Indirect Services and Materials,Facility Services,Office Supplies & Services,Stationery & Consumables,Faksingevej 60 2132 Grindsted,Denmark,Thomas Jensen,True,Low,Net 60,CTR-11bb6bdf08,0.0,0.0
SUP-94d6d34d,TransEurope Logistics GmbH,Indirect Services and Materials,Logistics,Transportation & Freight,Freight Forwarding & Customs Brokerage,Kirsten-Losekann-Allee 5269 62444 Eisenach,Germany,Max Mustermann,False,Low,Net 30,CTR-cc8c274b64,0.0,15.0
SUP-47a0c662,Netherlands Visa Solutions,Indirect Services and Materials,Corporate Travel,Travel Management Services,Visa & Immigration Support,Fleurweg 903 5170 AP Zuidzande,Netherlands,Elise van der Meer,True,Low,Net 90,CTR-0191b6dc32,1562260.53,0.0
