employee_id,skill_id,proficiency_level,years_of_experience
EMP0001,SKILL025,Advanced,5.2
EMP0001,SKILL013,Beginner,0.9
EMP0001,SKILL046,Intermediate,1.1
EMP0001,SKILL016,Intermediate,2.0
EMP0001,SKILL017,Intermediate,2.8
EMP0001,SKILL015,Expert,3.1
EMP0001,SKILL007,Advanced,4.5
EMP0001,SKILL021,Advanced,5.5
EMP0001,SKILL026,Beginner,1.3
EMP0002,SKILL036,Intermediate,2.0
EMP0002,SKILL045,Beginner,1.1
EMP0002,SKILL046,Intermediate,1.9
EMP0002,SKILL025,Expert,6.7
EMP0002,SKILL019,Advanced,4.2
EMP0002,SKILL037,Advanced,5.4
EMP0002,SKILL011,Advanced,5.4
EMP0002,SKILL020,Advanced,8.1
EMP0002,SKILL007,Expert,7.1
EMP0003,SKILL031,Intermediate,2.9
EMP0003,SKILL045,Advanced,6.1
EMP0003,SKILL024,Expert,6.0
EMP0003,SKILL034,Expert,5.9
EMP0003,SKILL035,Advanced,6.3
EMP0004,SKILL028,Intermediate,2.5
EMP0004,SKILL032,Intermediate,1.4
EMP0004,SKILL027,Intermediate,1.3
EMP0004,SKILL024,Advanced,3.0
EMP0004,SKILL038,Advanced,3.4
EMP0004,SKILL018,Expert,3.1
EMP0004,SKILL029,Intermediate,2.2
EMP0005,SKILL047,Advanced,4.6
EMP0005,SKILL031,Intermediate,4.1
EMP0005,SKILL045,Advanced,5.8
EMP0005,SKILL024,Expert,7.7
EMP0005,SKILL040,Expert,5.4
EMP0006,SKILL014,Advanced,3.8
EMP0006,SKILL025,Intermediate,2.7
EMP0006,SKILL026,Expert,6.5
EMP0006,SKILL032,Beginner,0.7
EMP0006,SKILL016,Advanced,3.2
EMP0007,SKILL023,Advanced,3.1
EMP0007,SKILL002,Advanced,6.4
EMP0007,SKILL014,Advanced,3.9
EMP0007,SKILL001,Advanced,4.5
EMP0007,SKILL049,Intermediate,2.8
EMP0007,SKILL044,Advanced,6.5
EMP0007,SKILL027,Advanced,5.5
EMP0007,SKILL045,Advanced,1.9
EMP0007,SKILL043,Advanced,2.0
EMP0007,SKILL025,Advanced,3.7
EMP0007,SKILL015,Advanced,4.0
EMP0007,SKILL010,Intermediate,2.9
EMP0008,SKILL036,Intermediate,2.5
EMP0008,SKILL045,Intermediate,1.1
EMP0008,SKILL020,Intermediate,1.4
EMP0008,SKILL011,Intermediate,1.5
EMP0008,SKILL019,Advanced,2.2
EMP0008,SKILL007,Beginner,0.8
EMP0008,SKILL049,Advanced,1.7
EMP0009,SKILL021,Intermediate,2.5
EMP0009,SKILL020,Expert,7.2
EMP0009,SKILL025,Advanced,2.7
EMP0009,SKILL043,Intermediate,2.0
EMP0009,SKILL027,Intermediate,2.1
EMP0009,SKILL023,Beginner,0.9
EMP0009,SKILL031,Intermediate,1.7
EMP0010,SKILL032,Intermediate,5.4
EMP0010,SKILL041,Advanced,2.1
EMP0010,SKILL024,Advanced,3.6
EMP0010,SKILL031,Expert,4.5
EMP0010,SKILL045,Intermediate,1.7
EMP0010,SKILL027,Advanced,3.3
EMP0011,SKILL020,Expert,8.5
EMP0011,SKILL021,Expert,10.2
EMP0011,SKILL042,Beginner,2.8
EMP0011,SKILL047,Intermediate,1.5
EMP0011,SKILL032,Advanced,9.0
EMP0011,SKILL043,Intermediate,1.6
EMP0011,SKILL045,Expert,6.5
EMP0011,SKILL031,Advanced,5.1
EMP0012,SKILL019,Advanced,5.5
EMP0012,SKILL011,Expert,7.6
EMP0012,SKILL007,Advanced,6.8
EMP0012,SKILL037,Expert,6.4
EMP0012,SKILL025,Intermediate,3.7
EMP0012,SKILL036,Expert,6.1
EMP0012,SKILL020,Intermediate,1.1
EMP0013,SKILL019,Advanced,4.4
EMP0013,SKILL037,Beginner,1.7
EMP0013,SKILL025,Advanced,3.1
EMP0013,SKILL020,Intermediate,3.7
EMP0013,SKILL011,Advanced,5.5
EMP0013,SKILL050,Beginner,1.9
EMP0013,SKILL045,Advanced,5.7
EMP0013,SKILL007,Advanced,3.8
EMP0014,SKILL018,Intermediate,4.8
EMP0014,SKILL050,Beginner,0.6
EMP0014,SKILL020,Advanced,3.7
EMP0014,SKILL024,Intermediate,4.4
EMP0014,SKILL028,Advanced,3.5
EMP0014,SKILL039,Expert,4.5
EMP0014,SKILL045,Intermediate,2.8
EMP0014,SKILL038,Beginner,0.8
EMP0015,SKILL020,Advanced,6.4
EMP0015,SKILL045,Advanced,5.4
EMP0015,SKILL032,Beginner,0.8
EMP0015,SKILL027,Expert,8.8
EMP0015,SKILL031,Intermediate,2.9
EMP0015,SKILL023,Advanced,3.4
EMP0015,SKILL040,Intermediate,5.4
EMP0015,SKILL046,Advanced,8.7
EMP0016,SKILL011,Expert,7.4
EMP0016,SKILL020,Beginner,2.5
EMP0016,SKILL025,Advanced,4.6
EMP0016,SKILL036,Intermediate,5.5
EMP0016,SKILL007,Advanced,2.3
EMP0016,SKILL037,Advanced,7.0
EMP0016,SKILL045,Beginner,0.9
EMP0017,SKILL029,Expert,5.1
EMP0017,SKILL031,Intermediate,1.9
EMP0017,SKILL020,Advanced,5.4
EMP0017,SKILL034,Intermediate,5.6
EMP0017,SKILL035,Advanced,3.2
EMP0017,SKILL024,Intermediate,1.7
EMP0017,SKILL033,Beginner,0.9
EMP0018,SKILL024,Advanced,1.3
EMP0018,SKILL020,Expert,6.9
EMP0018,SKILL041,Advanced,5.8
EMP0018,SKILL027,Beginner,0.8
EMP0018,SKILL040,Intermediate,3.4
EMP0018,SKILL031,Intermediate,1.8
EMP0018,SKILL049,Intermediate,2.0
EMP0019,SKILL031,Beginner,2.4
EMP0019,SKILL020,Intermediate,2.0
EMP0019,SKILL027,Intermediate,0.6
EMP0019,SKILL024,Intermediate,2.5
EMP0019,SKILL040,Intermediate,2.0
EMP0019,SKILL041,Intermediate,2.2
EMP0020,SKILL024,Intermediate,4.4
EMP0020,SKILL031,Intermediate,1.3
EMP0020,SKILL027,Advanced,6.0
EMP0020,SKILL020,Advanced,5.8
EMP0020,SKILL041,Expert,7.5
EMP0020,SKILL040,Expert,7.9
EMP0020,SKILL045,Expert,7.0
EMP0021,SKILL041,Expert,6.0
EMP0021,SKILL040,Advanced,5.6
EMP0021,SKILL020,Expert,7.5
EMP0021,SKILL027,Intermediate,0.8
EMP0021,SKILL031,Advanced,8.2
EMP0021,SKILL045,Intermediate,2.9
EMP0022,SKILL045,Intermediate,2.8
EMP0022,SKILL046,Expert,7.3
EMP0022,SKILL031,Expert,6.9
EMP0022,SKILL040,Advanced,4.3
EMP0022,SKILL041,Advanced,3.4
EMP0022,SKILL024,Expert,7.2
EMP0022,SKILL020,Expert,3.6
EMP0022,SKILL027,Expert,4.8
EMP0023,SKILL034,Intermediate,1.6
EMP0023,SKILL029,Intermediate,1.6
EMP0023,SKILL031,Advanced,6.9
EMP0023,SKILL047,Advanced,7.2
EMP0023,SKILL024,Expert,4.1
EMP0024,SKILL021,Advanced,5.5
EMP0024,SKILL042,Advanced,4.0
EMP0024,SKILL027,Advanced,5.9
EMP0024,SKILL020,Expert,3.2
EMP0024,SKILL025,Advanced,7.8
EMP0024,SKILL031,Expert,4.8
EMP0024,SKILL045,Intermediate,0.5
EMP0024,SKILL043,Intermediate,2.7
EMP0025,SKILL010,Intermediate,3.3
EMP0025,SKILL045,Advanced,5.1
EMP0025,SKILL015,Advanced,3.7
EMP0025,SKILL014,Expert,5.1
EMP0025,SKILL044,Advanced,4.7
EMP0025,SKILL043,Intermediate,3.3
EMP0025,SKILL002,Intermediate,2.0
EMP0025,SKILL011,Intermediate,1.1
EMP0025,SKILL001,Advanced,4.3
EMP0026,SKILL002,Advanced,5.3
EMP0026,SKILL007,Advanced,4.0
EMP0026,SKILL017,Advanced,5.8
EMP0026,SKILL026,Expert,8.0
EMP0026,SKILL043,Expert,6.5
EMP0026,SKILL021,Advanced,4.3
EMP0026,SKILL009,Advanced,7.3
EMP0026,SKILL010,Beginner,2.5
EMP0026,SKILL015,Advanced,3.3
EMP0026,SKILL016,Expert,9.0
EMP0026,SKILL025,Advanced,8.4
EMP0026,SKILL003,Expert,3.5
EMP0027,SKILL020,Advanced,4.6
EMP0027,SKILL024,Expert,4.1
EMP0027,SKILL046,Advanced,3.4
EMP0027,SKILL038,Intermediate,2.3
EMP0027,SKILL045,Intermediate,1.5
EMP0027,SKILL028,Intermediate,1.4
EMP0027,SKILL018,Expert,3.9
EMP0027,SKILL029,Advanced,1.6
EMP0028,SKILL029,Beginner,2.0
EMP0028,SKILL020,Advanced,1.0
EMP0028,SKILL035,Advanced,4.8
EMP0028,SKILL024,Advanced,6.2
EMP0028,SKILL031,Intermediate,1.3
EMP0028,SKILL034,Intermediate,2.2
EMP0028,SKILL045,Advanced,3.1
EMP0029,SKILL045,Advanced,4.7
EMP0029,SKILL024,Intermediate,1.7
EMP0029,SKILL020,Advanced,3.3
EMP0029,SKILL035,Intermediate,2.8
EMP0029,SKILL031,Advanced,4.2
EMP0029,SKILL029,Expert,6.4
EMP0029,SKILL033,Expert,3.4
EMP0030,SKILL034,Intermediate,2.5
EMP0030,SKILL035,Beginner,2.8
EMP0030,SKILL033,Advanced,3.2
EMP0030,SKILL045,Beginner,0.7
EMP0030,SKILL027,Beginner,0.8
EMP0030,SKILL029,Expert,4.0
EMP0030,SKILL020,Expert,3.7
EMP0030,SKILL031,Advanced,4.1
EMP0030,SKILL032,Intermediate,1.5
EMP0030,SKILL023,Intermediate,3.1
EMP0030,SKILL047,Expert,3.7
EMP0031,SKILL018,Beginner,0.5
EMP0031,SKILL020,Intermediate,1.1
EMP0031,SKILL038,Expert,7.7
EMP0031,SKILL024,Advanced,4.5
EMP0031,SKILL045,Advanced,4.4
EMP0031,SKILL039,Advanced,4.5
EMP0031,SKILL029,Advanced,3.7
EMP0031,SKILL028,Advanced,5.8
EMP0032,SKILL043,Expert,10.0
EMP0032,SKILL021,Intermediate,1.4
EMP0032,SKILL025,Expert,8.1
EMP0032,SKILL049,Advanced,9.6
EMP0032,SKILL001,Advanced,4.6
EMP0033,SKILL045,Intermediate,4.9
EMP0033,SKILL028,Intermediate,2.7
EMP0033,SKILL024,Intermediate,1.8
EMP0033,SKILL020,Intermediate,4.7
EMP0033,SKILL038,Advanced,4.3
EMP0033,SKILL027,Advanced,5.1
EMP0033,SKILL032,Beginner,2.0
EMP0033,SKILL023,Intermediate,2.2
EMP0034,SKILL043,Advanced,1.7
EMP0034,SKILL020,Expert,7.6
EMP0034,SKILL021,Intermediate,5.3
EMP0034,SKILL027,Expert,9.2
EMP0034,SKILL045,Advanced,3.3
EMP0035,SKILL045,Intermediate,2.6
EMP0035,SKILL007,Advanced,1.0
EMP0035,SKILL048,Intermediate,4.2
EMP0035,SKILL021,Advanced,3.5
EMP0035,SKILL025,Advanced,3.7
EMP0035,SKILL011,Beginner,2.8
EMP0035,SKILL017,Intermediate,1.6
EMP0036,SKILL032,Intermediate,3.5
EMP0036,SKILL035,Expert,5.9
EMP0036,SKILL034,Advanced,1.1
EMP0036,SKILL020,Expert,8.9
EMP0036,SKILL031,Expert,5.3
EMP0036,SKILL023,Advanced,3.7
EMP0036,SKILL029,Intermediate,1.0
EMP0036,SKILL045,Expert,7.0
EMP0036,SKILL024,Advanced,5.2
EMP0036,SKILL027,Advanced,5.0
EMP0037,SKILL045,Expert,7.3
EMP0037,SKILL046,Beginner,0.8
EMP0037,SKILL024,Expert,8.7
EMP0037,SKILL020,Beginner,1.7
EMP0037,SKILL040,Expert,9.6
EMP0037,SKILL041,Advanced,4.2
EMP0037,SKILL031,Beginner,1.6
EMP0038,SKILL025,Advanced,2.4
EMP0038,SKILL036,Advanced,4.9
EMP0038,SKILL037,Expert,4.1
EMP0038,SKILL045,Expert,5.2
EMP0038,SKILL007,Intermediate,2.6
EMP0038,SKILL020,Beginner,0.9
EMP0038,SKILL048,Intermediate,3.6
EMP0038,SKILL023,Intermediate,2.6
EMP0038,SKILL019,Advanced,4.3
EMP0038,SKILL027,Advanced,1.8
EMP0038,SKILL032,Advanced,3.5
EMP0038,SKILL011,Intermediate,3.7
EMP0039,SKILL033,Advanced,5.1
EMP0039,SKILL045,Intermediate,2.2
EMP0039,SKILL034,Advanced,6.8
EMP0039,SKILL024,Intermediate,1.8
EMP0039,SKILL031,Advanced,2.6
EMP0039,SKILL035,Intermediate,0.9
EMP0039,SKILL029,Advanced,5.4
EMP0039,SKILL020,Advanced,2.5
EMP0040,SKILL025,Expert,8.7
EMP0040,SKILL037,Intermediate,2.1
EMP0040,SKILL020,Intermediate,5.5
EMP0040,SKILL045,Beginner,0.6
EMP0040,SKILL007,Beginner,2.3
EMP0040,SKILL011,Intermediate,3.0
EMP0040,SKILL019,Intermediate,2.4
EMP0041,SKILL014,Advanced,3.1
EMP0041,SKILL003,Intermediate,1.9
EMP0041,SKILL032,Intermediate,1.7
EMP0041,SKILL016,Advanced,3.3
EMP0041,SKILL023,Intermediate,2.6
EMP0041,SKILL010,Intermediate,2.3
EMP0042,SKILL045,Advanced,8.4
EMP0042,SKILL020,Advanced,10.1
EMP0042,SKILL039,Expert,10.7
EMP0042,SKILL018,Expert,6.0
EMP0042,SKILL038,Beginner,0.7
EMP0043,SKILL032,Expert,6.6
EMP0043,SKILL025,Advanced,7.1
EMP0043,SKILL037,Expert,8.6
EMP0043,SKILL027,Advanced,6.5
EMP0043,SKILL036,Intermediate,0.6
EMP0043,SKILL007,Advanced,4.2
EMP0044,SKILL021,Intermediate,5.4
EMP0044,SKILL043,Intermediate,1.0
EMP0044,SKILL013,Advanced,2.0
EMP0044,SKILL007,Advanced,5.1
EMP0044,SKILL003,Intermediate,5.6
EMP0044,SKILL011,Intermediate,1.3
EMP0044,SKILL001,Intermediate,1.1
EMP0044,SKILL017,Expert,6.3
EMP0044,SKILL014,Beginner,1.7
EMP0044,SKILL025,Advanced,3.3
EMP0044,SKILL010,Advanced,6.0
EMP0045,SKILL027,Intermediate,2.9
EMP0045,SKILL031,Intermediate,2.4
EMP0045,SKILL020,Intermediate,1.1
EMP0045,SKILL024,Beginner,1.0
EMP0045,SKILL033,Beginner,0.8
EMP0045,SKILL032,Advanced,3.3
EMP0045,SKILL029,Intermediate,2.7
EMP0045,SKILL035,Intermediate,1.1
EMP0045,SKILL023,Intermediate,3.3
EMP0045,SKILL034,Intermediate,1.6
EMP0046,SKILL036,Beginner,2.4
EMP0046,SKILL019,Beginner,2.1
EMP0046,SKILL023,Expert,4.5
EMP0046,SKILL007,Advanced,3.4
EMP0046,SKILL027,Intermediate,1.0
EMP0046,SKILL032,Beginner,1.7
EMP0046,SKILL011,Beginner,0.7
EMP0047,SKILL048,Beginner,1.8
EMP0047,SKILL028,Beginner,1.5
EMP0047,SKILL039,Beginner,0.7
EMP0047,SKILL020,Intermediate,1.8
EMP0047,SKILL023,Advanced,2.6
EMP0047,SKILL029,Intermediate,2.4
EMP0047,SKILL045,Advanced,2.4
EMP0047,SKILL032,Intermediate,2.0
EMP0047,SKILL018,Intermediate,2.5
EMP0047,SKILL027,Beginner,2.2
EMP0047,SKILL024,Beginner,2.0
EMP0048,SKILL027,Intermediate,1.9
EMP0048,SKILL021,Advanced,3.6
EMP0048,SKILL031,Expert,6.2
EMP0048,SKILL045,Advanced,5.1
EMP0048,SKILL043,Advanced,5.2
EMP0048,SKILL032,Expert,3.5
EMP0049,SKILL045,Advanced,3.2
EMP0049,SKILL035,Intermediate,2.7
EMP0049,SKILL031,Advanced,2.0
EMP0049,SKILL034,Beginner,1.6
EMP0049,SKILL024,Intermediate,3.9
EMP0049,SKILL033,Advanced,4.4
EMP0049,SKILL029,Expert,4.4
EMP0049,SKILL020,Intermediate,0.8
EMP0050,SKILL040,Intermediate,1.4
EMP0050,SKILL023,Advanced,1.6
EMP0050,SKILL024,Beginner,0.8
EMP0050,SKILL050,Expert,6.4
EMP0050,SKILL027,Intermediate,1.2
EMP0050,SKILL020,Expert,8.5
EMP0051,SKILL024,Advanced,4.3
EMP0051,SKILL045,Expert,7.5
EMP0051,SKILL032,Advanced,3.4
EMP0051,SKILL047,Advanced,10.2
EMP0051,SKILL031,Expert,8.2
EMP0051,SKILL023,Expert,5.2
EMP0051,SKILL041,Advanced,7.5
EMP0051,SKILL027,Intermediate,1.9
EMP0052,SKILL045,Advanced,3.1
EMP0052,SKILL049,Advanced,2.3
EMP0052,SKILL029,Advanced,4.2
EMP0052,SKILL028,Intermediate,1.7
EMP0052,SKILL039,Intermediate,0.8
EMP0052,SKILL027,Advanced,4.5
EMP0052,SKILL018,Intermediate,0.9
EMP0052,SKILL020,Advanced,4.0
EMP0052,SKILL023,Advanced,3.2
EMP0052,SKILL024,Intermediate,2.3
EMP0052,SKILL032,Beginner,2.6
EMP0052,SKILL038,Advanced,3.1
EMP0053,SKILL017,Beginner,1.2
EMP0053,SKILL021,Expert,3.6
EMP0053,SKILL010,Intermediate,1.5
EMP0053,SKILL025,Advanced,4.8
EMP0053,SKILL009,Intermediate,5.0
EMP0053,SKILL011,Intermediate,3.5
EMP0053,SKILL026,Beginner,0.7
EMP0053,SKILL013,Advanced,1.7
EMP0054,SKILL033,Expert,6.2
EMP0054,SKILL045,Expert,7.5
EMP0054,SKILL035,Advanced,3.2
EMP0054,SKILL024,Expert,7.0
EMP0054,SKILL029,Expert,6.9
EMP0054,SKILL034,Advanced,4.6
EMP0054,SKILL031,Intermediate,3.1
EMP0055,SKILL040,Intermediate,1.3
EMP0055,SKILL045,Beginner,0.8
EMP0055,SKILL041,Intermediate,0.9
EMP0055,SKILL027,Advanced,3.5
EMP0055,SKILL031,Beginner,1.2
EMP0055,SKILL024,Intermediate,3.4
EMP0056,SKILL032,Advanced,7.9
EMP0056,SKILL023,Advanced,3.5
EMP0056,SKILL045,Intermediate,2.0
EMP0056,SKILL020,Expert,3.1
EMP0056,SKILL027,Advanced,7.1
EMP0056,SKILL046,Advanced,8.7
EMP0057,SKILL038,Expert,6.6
EMP0057,SKILL047,Expert,7.0
EMP0057,SKILL024,Expert,8.3
EMP0057,SKILL028,Expert,7.0
EMP0057,SKILL020,Expert,6.3
EMP0058,SKILL025,Beginner,2.9
EMP0058,SKILL021,Advanced,4.4
EMP0058,SKILL045,Beginner,2.0
EMP0058,SKILL002,Beginner,0.9
EMP0058,SKILL003,Advanced,3.6
EMP0058,SKILL015,Intermediate,1.5
EMP0058,SKILL026,Intermediate,2.6
EMP0058,SKILL027,Beginner,0.7
EMP0059,SKILL001,Expert,9.0
EMP0059,SKILL025,Advanced,2.7
EMP0059,SKILL023,Expert,9.5
EMP0059,SKILL049,Beginner,1.2
EMP0059,SKILL026,Expert,7.4
EMP0060,SKILL004,Advanced,3.5
EMP0060,SKILL013,Advanced,1.9
EMP0060,SKILL001,Beginner,1.3
EMP0060,SKILL026,Intermediate,2.2
EMP0060,SKILL007,Expert,3.4
EMP0061,SKILL027,Advanced,5.4
EMP0061,SKILL039,Advanced,6.4
EMP0061,SKILL038,Expert,5.0
EMP0061,SKILL018,Intermediate,2.2
EMP0061,SKILL045,Intermediate,5.2
EMP0061,SKILL050,Intermediate,1.0
EMP0062,SKILL026,Expert,3.2
EMP0062,SKILL045,Advanced,1.6
EMP0062,SKILL032,Expert,4.2
EMP0062,SKILL015,Expert,3.1
EMP0062,SKILL004,Intermediate,2.9
EMP0062,SKILL027,Advanced,1.9
EMP0062,SKILL001,Advanced,2.9
EMP0062,SKILL043,Expert,4.1
EMP0062,SKILL021,Expert,3.2
EMP0062,SKILL010,Intermediate,1.4
EMP0063,SKILL020,Advanced,2.6
EMP0063,SKILL038,Advanced,6.0
EMP0063,SKILL018,Intermediate,1.7
EMP0063,SKILL029,Intermediate,2.7
EMP0063,SKILL024,Expert,5.5
EMP0063,SKILL028,Expert,6.0
EMP0063,SKILL045,Expert,5.3
EMP0063,SKILL039,Expert,3.8
EMP0064,SKILL028,Beginner,0.7
EMP0064,SKILL047,Intermediate,2.7
EMP0064,SKILL045,Advanced,2.6
EMP0064,SKILL020,Advanced,5.6
EMP0064,SKILL018,Intermediate,2.8
EMP0064,SKILL024,Intermediate,0.6
EMP0064,SKILL038,Expert,5.2
EMP0064,SKILL029,Advanced,5.0
EMP0065,SKILL037,Advanced,2.2
EMP0065,SKILL007,Advanced,5.1
EMP0065,SKILL045,Intermediate,1.5
EMP0065,SKILL036,Advanced,2.6
EMP0065,SKILL019,Expert,5.1
EMP0065,SKILL011,Intermediate,1.5
EMP0065,SKILL025,Expert,4.0
EMP0066,SKILL011,Expert,5.6
EMP0066,SKILL045,Advanced,4.7
EMP0066,SKILL047,Intermediate,1.9
EMP0066,SKILL006,Advanced,5.3
EMP0066,SKILL001,Intermediate,1.2
EMP0066,SKILL003,Intermediate,2.1
EMP0067,SKILL024,Advanced,3.6
EMP0067,SKILL035,Intermediate,2.1
EMP0067,SKILL034,Intermediate,1.2
EMP0067,SKILL020,Advanced,4.4
EMP0067,SKILL045,Expert,3.8
EMP0068,SKILL025,Advanced,2.9
EMP0068,SKILL037,Intermediate,1.7
EMP0068,SKILL019,Advanced,3.4
EMP0068,SKILL020,Beginner,0.5
EMP0068,SKILL027,Beginner,0.5
EMP0068,SKILL036,Advanced,1.0
EMP0068,SKILL007,Beginner,0.6
EMP0068,SKILL023,Expert,3.3
EMP0068,SKILL045,Intermediate,1.9
EMP0068,SKILL011,Intermediate,2.1
EMP0068,SKILL032,Intermediate,1.0
EMP0069,SKILL042,Intermediate,1.4
EMP0069,SKILL025,Intermediate,1.9
EMP0069,SKILL045,Beginner,2.1
EMP0069,SKILL027,Beginner,0.5
EMP0069,SKILL031,Expert,3.2
EMP0069,SKILL021,Intermediate,2.4
EMP0069,SKILL020,Intermediate,1.0
EMP0070,SKILL040,Beginner,0.8
EMP0070,SKILL027,Advanced,3.2
EMP0070,SKILL045,Beginner,1.5
EMP0070,SKILL024,Advanced,1.2
EMP0070,SKILL041,Advanced,3.2
EMP0071,SKILL011,Expert,6.4
EMP0071,SKILL045,Intermediate,2.3
EMP0071,SKILL007,Intermediate,1.2
EMP0071,SKILL037,Intermediate,4.9
EMP0071,SKILL025,Advanced,5.4
EMP0072,SKILL048,Intermediate,2.2
EMP0072,SKILL025,Advanced,5.7
EMP0072,SKILL010,Expert,6.4
EMP0072,SKILL001,Expert,7.4
EMP0072,SKILL002,Expert,6.2
EMP0072,SKILL013,Expert,4.5
EMP0072,SKILL009,Advanced,6.9
EMP0072,SKILL007,Beginner,2.8
EMP0073,SKILL032,Expert,9.0
EMP0073,SKILL027,Expert,6.1
EMP0073,SKILL020,Advanced,5.5
EMP0073,SKILL041,Advanced,6.3
EMP0073,SKILL031,Expert,5.1
EMP0073,SKILL045,Advanced,1.0
EMP0073,SKILL040,Intermediate,1.7
EMP0073,SKILL024,Expert,7.3
EMP0074,SKILL019,Advanced,8.3
EMP0074,SKILL011,Expert,7.8
EMP0074,SKILL025,Advanced,3.8
EMP0074,SKILL036,Advanced,8.2
EMP0074,SKILL045,Advanced,4.3
EMP0074,SKILL020,Expert,5.9
EMP0074,SKILL007,Advanced,1.6
EMP0075,SKILL045,Expert,3.4
EMP0075,SKILL032,Intermediate,1.6
EMP0075,SKILL037,Beginner,1.5
EMP0075,SKILL025,Advanced,1.5
EMP0075,SKILL020,Beginner,0.6
EMP0075,SKILL007,Beginner,1.7
EMP0076,SKILL045,Intermediate,1.6
EMP0076,SKILL018,Expert,4.8
EMP0076,SKILL020,Intermediate,3.6
EMP0076,SKILL024,Advanced,5.0
EMP0076,SKILL038,Expert,5.5
EMP0076,SKILL039,Intermediate,2.6
EMP0076,SKILL050,Advanced,3.8
EMP0076,SKILL029,Advanced,5.5
EMP0077,SKILL045,Advanced,4.6
EMP0077,SKILL043,Expert,6.9
EMP0077,SKILL042,Advanced,2.2
EMP0077,SKILL020,Advanced,4.0
EMP0077,SKILL021,Intermediate,4.1
EMP0077,SKILL027,Intermediate,1.1
EMP0077,SKILL031,Expert,7.0
EMP0077,SKILL025,Beginner,1.5
EMP0078,SKILL031,Expert,4.5
EMP0078,SKILL027,Advanced,2.7
EMP0078,SKILL041,Beginner,2.8
EMP0078,SKILL040,Advanced,4.5
EMP0078,SKILL024,Intermediate,1.8
EMP0078,SKILL048,Advanced,3.2
EMP0078,SKILL045,Advanced,1.4
EMP0078,SKILL020,Intermediate,4.4
EMP0078,SKILL032,Beginner,2.6
EMP0078,SKILL023,Advanced,3.8
EMP0079,SKILL031,Intermediate,1.3
EMP0079,SKILL023,Advanced,2.5
EMP0079,SKILL040,Intermediate,2.5
EMP0079,SKILL032,Intermediate,2.7
EMP0079,SKILL027,Intermediate,1.6
EMP0079,SKILL020,Intermediate,0.6
EMP0080,SKILL045,Advanced,4.0
EMP0080,SKILL023,Intermediate,2.9
EMP0080,SKILL027,Intermediate,2.5
EMP0080,SKILL025,Beginner,1.3
EMP0080,SKILL043,Advanced,4.1
EMP0080,SKILL020,Advanced,3.0
EMP0081,SKILL041,Advanced,5.3
EMP0081,SKILL024,Advanced,5.2
EMP0081,SKILL031,Advanced,8.8
EMP0081,SKILL048,Expert,7.6
EMP0081,SKILL032,Advanced,8.0
EMP0081,SKILL020,Advanced,6.2
EMP0081,SKILL045,Advanced,7.5
EMP0081,SKILL040,Expert,7.0
EMP0082,SKILL008,Intermediate,1.4
EMP0082,SKILL003,Expert,7.9
EMP0082,SKILL017,Beginner,2.4
EMP0082,SKILL021,Intermediate,2.3
EMP0082,SKILL011,Expert,8.5
EMP0082,SKILL009,Advanced,4.5
EMP0082,SKILL001,Advanced,8.4
EMP0083,SKILL021,Expert,7.5
EMP0083,SKILL043,Expert,8.2
EMP0083,SKILL031,Intermediate,3.0
EMP0083,SKILL025,Advanced,5.3
EMP0083,SKILL027,Advanced,7.6
EMP0083,SKILL032,Advanced,8.7
EMP0083,SKILL042,Intermediate,1.8
EMP0083,SKILL045,Expert,6.1
EMP0083,SKILL023,Expert,5.1
EMP0084,SKILL020,Advanced,7.1
EMP0084,SKILL024,Intermediate,4.9
EMP0084,SKILL027,Expert,6.5
EMP0084,SKILL031,Advanced,6.9
EMP0084,SKILL040,Intermediate,2.2
EMP0085,SKILL032,Advanced,7.0
EMP0085,SKILL012,Advanced,4.6
EMP0085,SKILL015,Beginner,1.1
EMP0085,SKILL014,Intermediate,1.3
EMP0085,SKILL043,Intermediate,2.4
EMP0085,SKILL011,Intermediate,2.9
EMP0085,SKILL004,Expert,5.5
EMP0085,SKILL025,Intermediate,1.5
EMP0085,SKILL021,Intermediate,2.5
EMP0085,SKILL026,Advanced,7.0
EMP0085,SKILL023,Intermediate,1.8
EMP0086,SKILL043,Advanced,1.2
EMP0086,SKILL021,Advanced,1.9
EMP0086,SKILL011,Advanced,3.5
EMP0086,SKILL044,Intermediate,2.5
EMP0086,SKILL017,Intermediate,2.2
EMP0086,SKILL026,Expert,3.6
EMP0086,SKILL009,Intermediate,2.0
EMP0086,SKILL001,Expert,3.5
EMP0087,SKILL027,Beginner,1.7
EMP0087,SKILL045,Advanced,7.4
EMP0087,SKILL047,Expert,7.8
EMP0087,SKILL040,Expert,9.2
EMP0087,SKILL020,Expert,5.7
EMP0088,SKILL003,Advanced,6.4
EMP0088,SKILL007,Expert,6.6
EMP0088,SKILL025,Expert,4.5
EMP0088,SKILL045,Advanced,5.7
EMP0088,SKILL044,Expert,3.0
EMP0088,SKILL009,Advanced,1.7
EMP0088,SKILL001,Advanced,5.4
EMP0088,SKILL015,Intermediate,1.0
EMP0088,SKILL002,Advanced,3.9
EMP0088,SKILL016,Advanced,5.1
EMP0088,SKILL027,Expert,7.0
EMP0089,SKILL020,Intermediate,2.7
EMP0089,SKILL011,Advanced,1.4
EMP0089,SKILL037,Beginner,0.6
EMP0089,SKILL032,Intermediate,0.8
EMP0089,SKILL023,Beginner,1.5
EMP0089,SKILL019,Advanced,2.8
EMP0089,SKILL027,Intermediate,1.3
EMP0089,SKILL025,Beginner,0.5
EMP0090,SKILL014,Advanced,4.9
EMP0090,SKILL001,Expert,7.2
EMP0090,SKILL044,Expert,4.1
EMP0090,SKILL043,Expert,7.2
EMP0090,SKILL015,Advanced,4.2
EMP0090,SKILL003,Intermediate,5.5
EMP0091,SKILL025,Advanced,3.5
EMP0091,SKILL011,Advanced,2.4
EMP0091,SKILL036,Beginner,2.3
EMP0091,SKILL020,Intermediate,3.4
EMP0091,SKILL032,Advanced,1.1
EMP0091,SKILL007,Intermediate,1.0
EMP0091,SKILL023,Advanced,4.0
EMP0091,SKILL019,Advanced,3.1
EMP0091,SKILL027,Intermediate,1.6
EMP0091,SKILL045,Beginner,0.5
EMP0091,SKILL049,Beginner,1.3
EMP0091,SKILL037,Advanced,4.7
EMP0092,SKILL012,Intermediate,2.4
EMP0092,SKILL009,Intermediate,1.3
EMP0092,SKILL021,Advanced,7.0
EMP0092,SKILL026,Expert,6.7
EMP0092,SKILL043,Expert,5.0
EMP0092,SKILL047,Beginner,1.7
EMP0092,SKILL016,Intermediate,5.8
EMP0092,SKILL002,Expert,4.9
EMP0093,SKILL035,Beginner,0.6
EMP0093,SKILL045,Intermediate,2.6
EMP0093,SKILL031,Intermediate,2.0
EMP0093,SKILL034,Intermediate,0.6
EMP0093,SKILL024,Intermediate,2.8
EMP0094,SKILL048,Advanced,4.5
EMP0094,SKILL043,Advanced,7.6
EMP0094,SKILL032,Advanced,3.8
EMP0094,SKILL031,Expert,8.4
EMP0094,SKILL042,Expert,6.2
EMP0095,SKILL045,Beginner,1.1
EMP0095,SKILL034,Beginner,0.9
EMP0095,SKILL031,Intermediate,1.6
EMP0095,SKILL024,Beginner,0.7
EMP0095,SKILL020,Advanced,3.4
EMP0095,SKILL029,Advanced,3.5
EMP0095,SKILL050,Intermediate,0.5
EMP0095,SKILL033,Advanced,1.5
EMP0095,SKILL035,Intermediate,2.9
EMP0096,SKILL010,Advanced,1.0
EMP0096,SKILL045,Advanced,4.2
EMP0096,SKILL002,Advanced,4.6
EMP0096,SKILL009,Advanced,5.6
EMP0096,SKILL011,Advanced,5.6
EMP0096,SKILL016,Intermediate,5.0
EMP0096,SKILL003,Intermediate,3.5
EMP0096,SKILL043,Beginner,1.6
EMP0096,SKILL013,Advanced,5.1
EMP0096,SKILL025,Advanced,3.7
EMP0097,SKILL045,Intermediate,3.4
EMP0097,SKILL011,Expert,10.3
EMP0097,SKILL025,Intermediate,1.5
EMP0097,SKILL020,Advanced,10.4
EMP0097,SKILL007,Advanced,10.4
EMP0097,SKILL037,Expert,6.7
EMP0097,SKILL019,Intermediate,1.4
EMP0098,SKILL007,Advanced,6.2
EMP0098,SKILL045,Advanced,3.3
EMP0098,SKILL019,Advanced,5.3
EMP0098,SKILL025,Advanced,6.3
EMP0098,SKILL037,Advanced,5.1
EMP0098,SKILL020,Advanced,6.9
EMP0098,SKILL011,Advanced,4.9
EMP0099,SKILL045,Expert,5.4
EMP0099,SKILL025,Advanced,4.3
EMP0099,SKILL010,Intermediate,5.2
EMP0099,SKILL043,Intermediate,2.0
EMP0099,SKILL007,Intermediate,4.7
EMP0099,SKILL044,Advanced,3.9
EMP0099,SKILL011,Advanced,3.5
EMP0099,SKILL001,Intermediate,1.7
EMP0099,SKILL004,Intermediate,1.4
EMP0099,SKILL017,Advanced,4.3
EMP0099,SKILL003,Intermediate,2.3
EMP0099,SKILL026,Expert,3.5
EMP0100,SKILL041,Advanced,3.4
EMP0100,SKILL031,Beginner,0.9
EMP0100,SKILL020,Beginner,2.2
EMP0100,SKILL027,Advanced,3.1
EMP0100,SKILL045,Intermediate,1.0
EMP0101,SKILL050,Intermediate,3.6
EMP0101,SKILL027,Advanced,3.0
EMP0101,SKILL020,Advanced,3.7
EMP0101,SKILL045,Intermediate,2.1
EMP0101,SKILL024,Advanced,3.8
EMP0102,SKILL021,Advanced,3.2
EMP0102,SKILL031,Intermediate,1.7
EMP0102,SKILL020,Intermediate,2.3
EMP0102,SKILL027,Intermediate,1.7
EMP0102,SKILL032,Advanced,1.8
EMP0102,SKILL025,Intermediate,1.6
EMP0102,SKILL045,Intermediate,0.6
EMP0103,SKILL008,Intermediate,1.1
EMP0103,SKILL032,Beginner,0.8
EMP0103,SKILL007,Intermediate,1.9
EMP0103,SKILL045,Intermediate,2.9
EMP0103,SKILL026,Intermediate,1.5
EMP0103,SKILL044,Advanced,3.4
EMP0103,SKILL002,Intermediate,1.0
EMP0103,SKILL025,Beginner,0.9
EMP0103,SKILL003,Advanced,3.2
EMP0104,SKILL031,Expert,5.5
EMP0104,SKILL021,Expert,8.8
EMP0104,SKILL020,Expert,5.3
EMP0104,SKILL025,Advanced,5.0
EMP0104,SKILL043,Expert,3.1
EMP0104,SKILL045,Advanced,4.5
EMP0104,SKILL042,Intermediate,2.5
EMP0104,SKILL027,Expert,7.2
EMP0105,SKILL047,Expert,3.2
EMP0105,SKILL025,Beginner,1.6
EMP0105,SKILL011,Advanced,1.1
EMP0105,SKILL036,Intermediate,0.7
EMP0105,SKILL037,Beginner,0.6
EMP0105,SKILL027,Beginner,0.9
EMP0105,SKILL020,Advanced,2.8
EMP0105,SKILL045,Intermediate,2.5
EMP0105,SKILL007,Intermediate,2.2
EMP0105,SKILL019,Advanced,3.4
EMP0105,SKILL032,Advanced,1.9
EMP0106,SKILL034,Advanced,4.2
EMP0106,SKILL024,Advanced,5.1
EMP0106,SKILL033,Expert,4.6
EMP0106,SKILL031,Advanced,3.9
EMP0106,SKILL035,Advanced,4.4
EMP0107,SKILL027,Advanced,3.5
EMP0107,SKILL043,Expert,7.9
EMP0107,SKILL021,Intermediate,4.1
EMP0107,SKILL025,Advanced,3.6
EMP0107,SKILL031,Advanced,3.2
EMP0107,SKILL042,Beginner,2.7
EMP0108,SKILL031,Beginner,1.1
EMP0108,SKILL045,Advanced,3.4
EMP0108,SKILL027,Intermediate,0.7
EMP0108,SKILL021,Expert,5.4
EMP0108,SKILL020,Expert,6.4
EMP0108,SKILL042,Expert,4.6
EMP0108,SKILL032,Expert,6.9
EMP0108,SKILL023,Advanced,4.2
EMP0109,SKILL025,Advanced,6.3
EMP0109,SKILL021,Beginner,1.6
EMP0109,SKILL027,Intermediate,4.9
EMP0109,SKILL023,Advanced,5.6
EMP0109,SKILL043,Intermediate,1.1
EMP0110,SKILL023,Advanced,1.3
EMP0110,SKILL007,Advanced,3.2
EMP0110,SKILL037,Intermediate,2.7
EMP0110,SKILL027,Intermediate,1.9
EMP0110,SKILL036,Intermediate,2.8
EMP0110,SKILL045,Intermediate,1.0
EMP0110,SKILL032,Intermediate,1.8
EMP0110,SKILL025,Advanced,3.5
EMP0110,SKILL011,Intermediate,1.5
EMP0110,SKILL020,Advanced,2.8
EMP0111,SKILL033,Beginner,0.6
EMP0111,SKILL045,Expert,3.0
EMP0111,SKILL034,Intermediate,1.6
EMP0111,SKILL024,Expert,3.3
EMP0111,SKILL035,Intermediate,2.3
EMP0111,SKILL029,Advanced,1.8
EMP0112,SKILL040,Intermediate,1.1
EMP0112,SKILL027,Intermediate,1.4
EMP0112,SKILL020,Advanced,1.5
EMP0112,SKILL045,Advanced,3.0
EMP0112,SKILL024,Intermediate,1.4
EMP0113,SKILL020,Advanced,6.0
EMP0113,SKILL043,Advanced,4.9
EMP0113,SKILL042,Advanced,4.3
EMP0113,SKILL021,Advanced,6.5
EMP0113,SKILL027,Advanced,7.3
EMP0113,SKILL045,Advanced,5.1
EMP0114,SKILL045,Intermediate,1.8
EMP0114,SKILL018,Advanced,4.2
EMP0114,SKILL023,Intermediate,1.9
EMP0114,SKILL039,Intermediate,1.8
EMP0114,SKILL027,Advanced,3.9
EMP0114,SKILL028,Advanced,3.3
EMP0114,SKILL020,Advanced,3.4
EMP0114,SKILL032,Intermediate,1.0
EMP0114,SKILL038,Expert,4.2
EMP0115,SKILL020,Expert,7.3
EMP0115,SKILL028,Advanced,5.6
EMP0115,SKILL047,Advanced,3.2
EMP0115,SKILL024,Intermediate,5.4
EMP0115,SKILL029,Beginner,0.9
EMP0115,SKILL018,Intermediate,1.4
EMP0116,SKILL041,Intermediate,5.3
EMP0116,SKILL020,Beginner,0.7
EMP0116,SKILL045,Intermediate,0.6
EMP0116,SKILL031,Beginner,0.7
EMP0116,SKILL024,Beginner,2.3
EMP0117,SKILL027,Expert,9.0
EMP0117,SKILL031,Beginner,1.2
EMP0117,SKILL032,Advanced,8.8
EMP0117,SKILL045,Intermediate,2.4
EMP0117,SKILL047,Expert,8.1
EMP0117,SKILL021,Expert,3.9
EMP0117,SKILL042,Advanced,7.7
EMP0117,SKILL020,Expert,7.4
EMP0117,SKILL043,Beginner,2.3
EMP0118,SKILL048,Intermediate,1.0
EMP0118,SKILL038,Advanced,4.0
EMP0118,SKILL045,Intermediate,2.2
EMP0118,SKILL020,Intermediate,0.9
EMP0118,SKILL028,Advanced,4.0
EMP0118,SKILL024,Expert,3.8
EMP0118,SKILL018,Beginner,1.5
EMP0118,SKILL039,Advanced,3.6
EMP0118,SKILL029,Expert,4.1
EMP0119,SKILL045,Advanced,3.0
EMP0119,SKILL031,Expert,5.0
EMP0119,SKILL040,Intermediate,2.5
EMP0119,SKILL048,Advanced,4.8
EMP0119,SKILL024,Advanced,5.1
EMP0119,SKILL041,Advanced,1.0
EMP0119,SKILL027,Intermediate,5.5
EMP0120,SKILL045,Advanced,3.6
EMP0120,SKILL035,Intermediate,2.1
EMP0120,SKILL029,Expert,9.1
EMP0120,SKILL024,Expert,6.1
EMP0120,SKILL031,Expert,6.3
EMP0120,SKILL032,Expert,7.9
EMP0120,SKILL033,Intermediate,5.2
EMP0120,SKILL023,Expert,4.0
EMP0120,SKILL027,Advanced,4.8
EMP0120,SKILL034,Expert,7.6
EMP0120,SKILL020,Beginner,2.9
EMP0121,SKILL027,Expert,6.4
EMP0121,SKILL020,Expert,5.3
EMP0121,SKILL042,Expert,6.1
EMP0121,SKILL023,Expert,6.8
EMP0121,SKILL021,Advanced,8.6
EMP0122,SKILL027,Advanced,8.0
EMP0122,SKILL031,Expert,10.1
EMP0122,SKILL033,Expert,8.4
EMP0122,SKILL050,Advanced,10.2
EMP0122,SKILL034,Expert,7.4
EMP0122,SKILL035,Advanced,3.9
EMP0122,SKILL020,Advanced,5.6
EMP0123,SKILL025,Beginner,2.5
EMP0123,SKILL023,Expert,8.1
EMP0123,SKILL048,Advanced,3.9
EMP0123,SKILL042,Advanced,6.1
EMP0123,SKILL032,Beginner,1.0
EMP0123,SKILL021,Intermediate,2.5
EMP0123,SKILL020,Intermediate,3.5
EMP0123,SKILL045,Expert,3.5
EMP0123,SKILL027,Expert,6.2
EMP0123,SKILL043,Expert,4.7
EMP0124,SKILL033,Beginner,2.1
EMP0124,SKILL035,Advanced,4.2
EMP0124,SKILL029,Expert,8.0
EMP0124,SKILL024,Advanced,7.0
EMP0124,SKILL034,Expert,7.6
EMP0125,SKILL020,Intermediate,3.2
EMP0125,SKILL021,Expert,5.2
EMP0125,SKILL045,Advanced,3.6
EMP0125,SKILL027,Advanced,3.7
EMP0125,SKILL025,Expert,4.9
EMP0125,SKILL032,Intermediate,2.4
EMP0125,SKILL023,Advanced,5.8
EMP0125,SKILL043,Expert,3.9
EMP0125,SKILL042,Intermediate,1.1
EMP0126,SKILL033,Intermediate,1.0
EMP0126,SKILL045,Intermediate,2.7
EMP0126,SKILL020,Intermediate,1.5
EMP0126,SKILL035,Advanced,2.5
EMP0126,SKILL034,Advanced,1.9
EMP0127,SKILL032,Advanced,1.7
EMP0127,SKILL045,Beginner,0.6
EMP0127,SKILL023,Intermediate,3.7
EMP0127,SKILL036,Beginner,2.4
EMP0127,SKILL020,Intermediate,3.1
EMP0127,SKILL037,Beginner,2.4
EMP0127,SKILL025,Intermediate,1.2
EMP0127,SKILL007,Advanced,3.8
EMP0127,SKILL011,Intermediate,2.2
EMP0127,SKILL019,Intermediate,1.0
EMP0127,SKILL027,Advanced,1.0
EMP0128,SKILL035,Advanced,1.9
EMP0128,SKILL024,Intermediate,2.4
EMP0128,SKILL029,Intermediate,0.6
EMP0128,SKILL031,Advanced,3.3
EMP0128,SKILL023,Advanced,4.0
EMP0128,SKILL045,Advanced,5.3
EMP0128,SKILL033,Advanced,6.0
EMP0128,SKILL020,Expert,6.7
EMP0128,SKILL034,Intermediate,1.2
EMP0128,SKILL032,Advanced,1.7
EMP0128,SKILL027,Advanced,4.8
EMP0129,SKILL039,Advanced,6.0
EMP0129,SKILL020,Intermediate,5.7
EMP0129,SKILL029,Expert,5.6
EMP0129,SKILL045,Advanced,3.8
EMP0129,SKILL032,Advanced,3.8
EMP0130,SKILL045,Intermediate,2.6
EMP0130,SKILL035,Intermediate,0.8
EMP0130,SKILL024,Advanced,1.7
EMP0130,SKILL029,Intermediate,2.1
EMP0130,SKILL033,Advanced,1.1
EMP0130,SKILL031,Beginner,0.8
EMP0130,SKILL034,Advanced,3.3
EMP0131,SKILL027,Advanced,1.4
EMP0131,SKILL023,Beginner,2.1
EMP0131,SKILL039,Beginner,0.7
EMP0131,SKILL028,Intermediate,0.7
EMP0131,SKILL024,Intermediate,2.2
EMP0131,SKILL038,Advanced,1.7
EMP0131,SKILL018,Beginner,0.7
EMP0132,SKILL027,Expert,8.2
EMP0132,SKILL045,Advanced,5.5
EMP0132,SKILL020,Expert,7.4
EMP0132,SKILL041,Advanced,4.0
EMP0132,SKILL040,Expert,5.4
EMP0132,SKILL024,Intermediate,5.2
EMP0132,SKILL031,Advanced,3.0
EMP0133,SKILL043,Expert,7.0
EMP0133,SKILL045,Advanced,2.4
EMP0133,SKILL025,Advanced,2.2
EMP0133,SKILL031,Advanced,8.3
EMP0133,SKILL020,Intermediate,3.0
EMP0133,SKILL042,Advanced,6.7
EMP0133,SKILL027,Expert,3.3
EMP0134,SKILL007,Expert,10.2
EMP0134,SKILL037,Advanced,8.9
EMP0134,SKILL050,Advanced,4.5
EMP0134,SKILL019,Advanced,6.9
EMP0134,SKILL036,Advanced,5.9
EMP0134,SKILL045,Expert,10.2
EMP0134,SKILL011,Expert,8.8
EMP0134,SKILL020,Intermediate,2.2
EMP0134,SKILL027,Expert,9.2
EMP0134,SKILL023,Advanced,4.0
EMP0134,SKILL025,Advanced,5.4
EMP0135,SKILL040,Advanced,6.5
EMP0135,SKILL024,Advanced,3.4
EMP0135,SKILL031,Advanced,5.5
EMP0135,SKILL020,Expert,3.0
EMP0135,SKILL041,Expert,7.2
EMP0136,SKILL045,Expert,7.7
EMP0136,SKILL019,Beginner,2.4
EMP0136,SKILL027,Advanced,3.0
EMP0136,SKILL037,Advanced,8.0
EMP0136,SKILL036,Advanced,7.9
EMP0136,SKILL020,Beginner,0.7
EMP0136,SKILL023,Expert,8.3
EMP0137,SKILL045,Beginner,2.3
EMP0137,SKILL049,Intermediate,5.9
EMP0137,SKILL019,Advanced,6.7
EMP0137,SKILL011,Intermediate,4.1
EMP0137,SKILL025,Advanced,3.1
EMP0137,SKILL007,Expert,3.5
EMP0137,SKILL037,Expert,5.1
EMP0137,SKILL020,Expert,6.9
EMP0138,SKILL018,Expert,3.5
EMP0138,SKILL045,Expert,8.6
EMP0138,SKILL038,Expert,8.1
EMP0138,SKILL032,Expert,4.0
EMP0138,SKILL024,Advanced,1.6
EMP0138,SKILL023,Intermediate,0.9
EMP0139,SKILL045,Intermediate,1.2
EMP0139,SKILL032,Advanced,3.8
EMP0139,SKILL029,Advanced,3.2
EMP0139,SKILL038,Expert,5.5
EMP0139,SKILL027,Expert,5.7
EMP0139,SKILL028,Advanced,5.9
EMP0140,SKILL006,Advanced,3.8
EMP0140,SKILL025,Advanced,1.0
EMP0140,SKILL007,Intermediate,2.7
EMP0140,SKILL001,Expert,5.3
EMP0140,SKILL012,Advanced,9.7
EMP0140,SKILL011,Expert,7.4
EMP0140,SKILL017,Expert,6.2
EMP0140,SKILL021,Advanced,3.6
EMP0141,SKILL050,Expert,6.8
EMP0141,SKILL011,Expert,4.4
EMP0141,SKILL001,Intermediate,1.9
EMP0141,SKILL021,Advanced,6.7
EMP0141,SKILL004,Intermediate,4.9
EMP0142,SKILL036,Beginner,0.7
EMP0142,SKILL037,Expert,4.0
EMP0142,SKILL019,Expert,4.2
EMP0142,SKILL020,Beginner,1.4
EMP0142,SKILL011,Intermediate,2.4
EMP0142,SKILL025,Intermediate,2.4
EMP0143,SKILL010,Advanced,3.2
EMP0143,SKILL025,Advanced,3.9
EMP0143,SKILL009,Beginner,2.2
EMP0143,SKILL013,Advanced,3.6
EMP0143,SKILL017,Intermediate,1.0
EMP0143,SKILL026,Intermediate,2.2
EMP0143,SKILL043,Expert,4.2
EMP0143,SKILL015,Expert,4.3
EMP0143,SKILL007,Beginner,0.7
EMP0143,SKILL011,Intermediate,1.5
EMP0144,SKILL006,Advanced,2.8
EMP0144,SKILL004,Advanced,4.3
EMP0144,SKILL001,Advanced,4.0
EMP0144,SKILL045,Advanced,3.7
EMP0144,SKILL003,Advanced,4.5
EMP0144,SKILL007,Intermediate,1.6
EMP0144,SKILL015,Expert,4.3
EMP0144,SKILL026,Intermediate,2.6
EMP0144,SKILL011,Intermediate,3.1
EMP0144,SKILL021,Intermediate,2.3
EMP0144,SKILL025,Advanced,2.7
EMP0144,SKILL012,Advanced,4.5
EMP0145,SKILL041,Expert,4.2
EMP0145,SKILL040,Intermediate,1.2
EMP0145,SKILL031,Intermediate,1.5
EMP0145,SKILL027,Intermediate,5.1
EMP0145,SKILL045,Expert,5.8
EMP0145,SKILL024,Advanced,4.7
EMP0145,SKILL020,Intermediate,1.0
EMP0146,SKILL034,Advanced,4.8
EMP0146,SKILL035,Advanced,4.7
EMP0146,SKILL045,Intermediate,2.2
EMP0146,SKILL020,Intermediate,2.5
EMP0146,SKILL029,Intermediate,2.1
EMP0146,SKILL033,Beginner,0.5
EMP0147,SKILL021,Intermediate,1.5
EMP0147,SKILL007,Expert,4.0
EMP0147,SKILL013,Intermediate,2.0
EMP0147,SKILL001,Intermediate,1.5
EMP0147,SKILL009,Intermediate,1.3
EMP0148,SKILL007,Advanced,8.9
EMP0148,SKILL006,Expert,4.2
EMP0148,SKILL001,Expert,4.9
EMP0148,SKILL014,Advanced,6.0
EMP0148,SKILL003,Expert,6.9
EMP0149,SKILL048,Beginner,1.3
EMP0149,SKILL042,Advanced,3.4
EMP0149,SKILL020,Advanced,5.2
EMP0149,SKILL032,Expert,8.3
EMP0149,SKILL045,Advanced,3.9
EMP0149,SKILL023,Expert,8.7
EMP0149,SKILL025,Advanced,2.0
EMP0149,SKILL043,Expert,6.1
EMP0149,SKILL027,Advanced,9.0
EMP0149,SKILL021,Intermediate,1.3
EMP0149,SKILL031,Beginner,1.4
EMP0150,SKILL033,Advanced,5.1
EMP0150,SKILL031,Intermediate,1.2
EMP0150,SKILL020,Beginner,1.5
EMP0150,SKILL045,Advanced,1.7
EMP0150,SKILL024,Advanced,5.5
EMP0150,SKILL032,Advanced,2.7
EMP0150,SKILL034,Intermediate,2.0
EMP0150,SKILL029,Intermediate,2.5
EMP0150,SKILL035,Advanced,4.4
EMP0151,SKILL042,Intermediate,1.1
EMP0151,SKILL043,Expert,4.5
EMP0151,SKILL045,Intermediate,5.5
EMP0151,SKILL025,Advanced,5.4
EMP0151,SKILL027,Intermediate,1.7
EMP0151,SKILL031,Advanced,4.8
EMP0151,SKILL049,Expert,8.0
EMP0151,SKILL020,Expert,6.9
EMP0152,SKILL027,Intermediate,1.3
EMP0152,SKILL023,Advanced,2.4
EMP0152,SKILL029,Intermediate,1.4
EMP0152,SKILL031,Advanced,2.8
EMP0152,SKILL024,Intermediate,4.3
EMP0152,SKILL020,Expert,5.1
EMP0152,SKILL034,Intermediate,2.7
EMP0152,SKILL035,Advanced,3.9
EMP0152,SKILL032,Intermediate,4.0
EMP0152,SKILL045,Advanced,4.2
EMP0152,SKILL033,Advanced,1.3
EMP0153,SKILL011,Advanced,3.6
EMP0153,SKILL020,Intermediate,3.6
EMP0153,SKILL045,Intermediate,2.0
EMP0153,SKILL037,Beginner,0.8
EMP0153,SKILL036,Advanced,4.2
EMP0153,SKILL025,Advanced,3.7
EMP0153,SKILL050,Advanced,4.8
EMP0153,SKILL007,Advanced,4.8
EMP0154,SKILL023,Advanced,3.6
EMP0154,SKILL025,Expert,3.3
EMP0154,SKILL027,Beginner,0.9
EMP0154,SKILL036,Expert,7.8
EMP0154,SKILL007,Advanced,4.3
EMP0154,SKILL011,Advanced,4.7
EMP0154,SKILL045,Beginner,0.5
EMP0155,SKILL027,Intermediate,1.5
EMP0155,SKILL034,Expert,6.2
EMP0155,SKILL031,Expert,3.4
EMP0155,SKILL032,Advanced,2.3
EMP0155,SKILL020,Advanced,1.9
EMP0155,SKILL033,Expert,3.2
EMP0155,SKILL045,Advanced,5.9
EMP0155,SKILL023,Advanced,4.7
EMP0156,SKILL048,Intermediate,4.5
EMP0156,SKILL029,Intermediate,1.3
EMP0156,SKILL038,Expert,6.2
EMP0156,SKILL028,Expert,3.3
EMP0156,SKILL024,Advanced,4.8
EMP0156,SKILL039,Advanced,4.2
EMP0156,SKILL020,Intermediate,2.3
EMP0156,SKILL045,Advanced,3.2
EMP0156,SKILL018,Advanced,3.7
EMP0157,SKILL032,Advanced,2.8
EMP0157,SKILL029,Advanced,6.3
EMP0157,SKILL018,Intermediate,1.6
EMP0157,SKILL038,Advanced,4.9
EMP0157,SKILL023,Expert,8.9
EMP0158,SKILL025,Beginner,0.6
EMP0158,SKILL036,Advanced,4.1
EMP0158,SKILL027,Beginner,0.5
EMP0158,SKILL032,Intermediate,2.8
EMP0158,SKILL037,Intermediate,2.7
EMP0158,SKILL007,Intermediate,2.7
EMP0158,SKILL011,Expert,3.5
EMP0158,SKILL023,Advanced,3.6
EMP0158,SKILL019,Intermediate,1.3
EMP0158,SKILL045,Intermediate,2.0
EMP0158,SKILL020,Intermediate,1.4
EMP0159,SKILL025,Intermediate,2.8
EMP0159,SKILL020,Intermediate,4.4
EMP0159,SKILL043,Beginner,1.7
EMP0159,SKILL031,Expert,7.4
EMP0159,SKILL027,Advanced,5.0
EMP0159,SKILL023,Expert,7.3
EMP0159,SKILL021,Expert,7.3
EMP0159,SKILL042,Advanced,2.5
EMP0160,SKILL041,Beginner,2.0
EMP0160,SKILL031,Expert,3.8
EMP0160,SKILL040,Advanced,1.3
EMP0160,SKILL045,Intermediate,3.5
EMP0160,SKILL020,Beginner,2.8
EMP0161,SKILL045,Beginner,1.6
EMP0161,SKILL029,Advanced,1.0
EMP0161,SKILL023,Intermediate,2.0
EMP0161,SKILL038,Beginner,0.5
EMP0161,SKILL039,Expert,7.7
EMP0162,SKILL023,Intermediate,0.9
EMP0162,SKILL025,Beginner,2.9
EMP0162,SKILL020,Beginner,2.7
EMP0162,SKILL011,Beginner,0.9
EMP0162,SKILL036,Intermediate,4.3
EMP0162,SKILL045,Advanced,3.4
EMP0162,SKILL019,Intermediate,3.4
EMP0162,SKILL032,Expert,3.6
EMP0162,SKILL037,Beginner,1.4
EMP0162,SKILL007,Advanced,2.6
EMP0162,SKILL027,Intermediate,1.6
EMP0163,SKILL045,Advanced,6.3
EMP0163,SKILL021,Intermediate,1.0
EMP0163,SKILL027,Advanced,5.8
EMP0163,SKILL023,Expert,5.4
EMP0163,SKILL049,Advanced,2.9
EMP0164,SKILL031,Intermediate,2.6
EMP0164,SKILL042,Intermediate,4.9
EMP0164,SKILL045,Beginner,0.9
EMP0164,SKILL027,Beginner,1.9
EMP0164,SKILL020,Advanced,5.1
EMP0164,SKILL023,Advanced,3.4
EMP0164,SKILL047,Advanced,3.5
EMP0165,SKILL020,Intermediate,1.0
EMP0165,SKILL011,Intermediate,3.7
EMP0165,SKILL037,Intermediate,3.7
EMP0165,SKILL025,Advanced,2.8
EMP0165,SKILL007,Advanced,4.3
EMP0165,SKILL027,Expert,3.5
EMP0165,SKILL023,Advanced,4.0
EMP0165,SKILL036,Advanced,1.1
EMP0165,SKILL019,Intermediate,2.8
EMP0165,SKILL032,Advanced,4.8
EMP0166,SKILL049,Expert,3.4
EMP0166,SKILL019,Expert,3.3
EMP0166,SKILL037,Advanced,3.8
EMP0166,SKILL011,Intermediate,3.2
EMP0166,SKILL025,Beginner,0.6
EMP0167,SKILL023,Intermediate,1.8
EMP0167,SKILL032,Intermediate,5.4
EMP0167,SKILL046,Beginner,2.8
EMP0167,SKILL038,Beginner,0.9
EMP0167,SKILL028,Advanced,2.7
EMP0167,SKILL018,Beginner,0.6
EMP0167,SKILL039,Advanced,4.0
EMP0168,SKILL021,Expert,5.1
EMP0168,SKILL020,Beginner,0.7
EMP0168,SKILL049,Intermediate,2.8
EMP0168,SKILL032,Intermediate,2.1
EMP0168,SKILL042,Advanced,5.9
EMP0168,SKILL045,Expert,6.7
EMP0168,SKILL025,Advanced,4.4
EMP0168,SKILL023,Intermediate,2.2
EMP0168,SKILL027,Intermediate,1.9
EMP0169,SKILL025,Expert,3.5
EMP0169,SKILL021,Advanced,1.3
EMP0169,SKILL043,Advanced,1.5
EMP0169,SKILL020,Expert,3.8
EMP0169,SKILL045,Intermediate,2.9
EMP0169,SKILL031,Advanced,4.1
EMP0169,SKILL042,Advanced,2.1
EMP0169,SKILL027,Intermediate,1.1
EMP0170,SKILL027,Beginner,0.5
EMP0170,SKILL020,Intermediate,0.9
EMP0170,SKILL041,Advanced,1.8
EMP0170,SKILL040,Advanced,2.6
EMP0170,SKILL024,Intermediate,1.6
EMP0170,SKILL032,Expert,4.5
EMP0170,SKILL045,Expert,4.5
EMP0170,SKILL023,Intermediate,2.6
EMP0170,SKILL031,Intermediate,1.1
EMP0171,SKILL020,Intermediate,0.8
EMP0171,SKILL023,Expert,4.4
EMP0171,SKILL011,Intermediate,2.9
EMP0171,SKILL032,Advanced,4.5
EMP0171,SKILL019,Intermediate,2.4
EMP0171,SKILL045,Advanced,4.0
EMP0171,SKILL037,Beginner,0.6
EMP0171,SKILL007,Intermediate,2.2
EMP0171,SKILL025,Advanced,4.8
EMP0171,SKILL027,Beginner,1.4
EMP0172,SKILL031,Advanced,2.2
EMP0172,SKILL045,Intermediate,2.3
EMP0172,SKILL021,Intermediate,1.0
EMP0172,SKILL025,Intermediate,2.4
EMP0172,SKILL042,Expert,3.0
EMP0172,SKILL020,Expert,8.2
EMP0172,SKILL043,Beginner,0.9
EMP0173,SKILL048,Beginner,0.8
EMP0173,SKILL032,Advanced,5.9
EMP0173,SKILL008,Intermediate,1.8
EMP0173,SKILL003,Advanced,4.2
EMP0173,SKILL027,Beginner,0.9
EMP0173,SKILL044,Advanced,6.0
EMP0173,SKILL007,Intermediate,3.1
EMP0173,SKILL043,Advanced,2.0
EMP0173,SKILL015,Intermediate,1.2
EMP0173,SKILL021,Intermediate,4.6
EMP0173,SKILL025,Beginner,0.6
EMP0173,SKILL009,Expert,6.4
EMP0174,SKILL035,Beginner,2.4
EMP0174,SKILL045,Expert,3.9
EMP0174,SKILL029,Intermediate,0.8
EMP0174,SKILL034,Intermediate,0.5
EMP0174,SKILL033,Advanced,3.5
EMP0174,SKILL047,Advanced,1.1
EMP0175,SKILL036,Advanced,9.4
EMP0175,SKILL037,Expert,7.1
EMP0175,SKILL007,Intermediate,4.4
EMP0175,SKILL011,Expert,7.9
EMP0175,SKILL025,Advanced,3.7
EMP0175,SKILL045,Expert,6.5
EMP0175,SKILL020,Advanced,7.8
EMP0176,SKILL026,Advanced,4.1
EMP0176,SKILL003,Expert,3.0
EMP0176,SKILL010,Intermediate,2.0
EMP0176,SKILL032,Advanced,1.1
EMP0176,SKILL016,Advanced,3.9
EMP0176,SKILL021,Beginner,0.6
EMP0177,SKILL007,Expert,6.4
EMP0177,SKILL020,Expert,6.5
EMP0177,SKILL037,Intermediate,1.1
EMP0177,SKILL036,Beginner,0.9
EMP0177,SKILL011,Advanced,6.7
EMP0177,SKILL019,Advanced,8.7
EMP0177,SKILL045,Expert,6.0
EMP0178,SKILL025,Intermediate,5.1
EMP0178,SKILL007,Expert,5.7
EMP0178,SKILL020,Intermediate,3.7
EMP0178,SKILL011,Advanced,7.0
EMP0178,SKILL036,Expert,5.7
EMP0178,SKILL037,Advanced,3.1
EMP0178,SKILL019,Advanced,1.2
EMP0178,SKILL045,Advanced,4.1
EMP0179,SKILL011,Intermediate,2.8
EMP0179,SKILL043,Intermediate,4.1
EMP0179,SKILL023,Advanced,5.2
EMP0179,SKILL045,Expert,10.5
EMP0179,SKILL001,Advanced,8.7
EMP0179,SKILL017,Expert,4.3
EMP0179,SKILL021,Advanced,9.5
EMP0180,SKILL043,Expert,4.0
EMP0180,SKILL025,Advanced,3.6
EMP0180,SKILL020,Advanced,4.2
EMP0180,SKILL031,Expert,3.8
EMP0180,SKILL027,Advanced,3.6
EMP0180,SKILL023,Advanced,6.9
EMP0180,SKILL021,Expert,6.0
EMP0180,SKILL045,Advanced,3.7
EMP0180,SKILL032,Expert,8.0
EMP0180,SKILL042,Advanced,6.0
EMP0181,SKILL035,Advanced,3.8
EMP0181,SKILL031,Intermediate,2.4
EMP0181,SKILL029,Intermediate,1.9
EMP0181,SKILL024,Intermediate,0.8
EMP0181,SKILL033,Intermediate,1.2
EMP0181,SKILL023,Beginner,0.9
EMP0181,SKILL032,Advanced,3.2
EMP0181,SKILL034,Beginner,1.2
EMP0181,SKILL045,Intermediate,2.7
EMP0181,SKILL020,Intermediate,2.7
EMP0181,SKILL027,Intermediate,1.2
EMP0182,SKILL050,Advanced,2.9
EMP0182,SKILL020,Intermediate,2.7
EMP0182,SKILL037,Advanced,3.4
EMP0182,SKILL045,Advanced,3.4
EMP0182,SKILL036,Intermediate,0.7
EMP0183,SKILL002,Intermediate,3.8
EMP0183,SKILL045,Advanced,8.6
EMP0183,SKILL008,Expert,6.1
EMP0183,SKILL007,Intermediate,2.6
EMP0183,SKILL010,Expert,8.4
EMP0183,SKILL003,Expert,9.0
EMP0183,SKILL044,Intermediate,2.1
EMP0183,SKILL013,Expert,8.8
EMP0183,SKILL001,Advanced,3.9
EMP0184,SKILL042,Advanced,4.0
EMP0184,SKILL032,Beginner,0.6
EMP0184,SKILL027,Intermediate,1.5
EMP0184,SKILL045,Advanced,4.3
EMP0184,SKILL020,Advanced,4.4
EMP0185,SKILL020,Intermediate,3.3
EMP0185,SKILL035,Advanced,2.8
EMP0185,SKILL031,Advanced,3.2
EMP0185,SKILL029,Expert,3.1
EMP0185,SKILL033,Advanced,3.3
EMP0185,SKILL034,Beginner,1.5
EMP0185,SKILL045,Beginner,0.6
EMP0186,SKILL023,Expert,3.7
EMP0186,SKILL020,Advanced,2.7
EMP0186,SKILL031,Intermediate,2.4
EMP0186,SKILL024,Expert,4.1
EMP0186,SKILL040,Beginner,1.9
EMP0186,SKILL045,Intermediate,3.4
EMP0186,SKILL048,Beginner,2.2
EMP0186,SKILL027,Intermediate,4.3
EMP0186,SKILL032,Intermediate,2.4
EMP0187,SKILL045,Intermediate,2.0
EMP0187,SKILL010,Advanced,3.9
EMP0187,SKILL004,Intermediate,1.4
EMP0187,SKILL026,Advanced,3.9
EMP0187,SKILL011,Intermediate,1.4
EMP0187,SKILL016,Expert,7.9
EMP0187,SKILL043,Expert,8.4
EMP0187,SKILL021,Beginner,0.6
EMP0187,SKILL044,Expert,7.3
EMP0187,SKILL001,Advanced,3.4
EMP0188,SKILL045,Advanced,3.2
EMP0188,SKILL033,Advanced,5.4
EMP0188,SKILL020,Advanced,9.8
EMP0188,SKILL024,Advanced,3.9
EMP0188,SKILL035,Expert,9.5
EMP0188,SKILL034,Advanced,3.3
EMP0188,SKILL031,Expert,6.7
EMP0189,SKILL045,Intermediate,2.3
EMP0189,SKILL037,Advanced,5.2
EMP0189,SKILL020,Advanced,6.1
EMP0189,SKILL036,Advanced,9.0
EMP0189,SKILL007,Advanced,5.9
EMP0189,SKILL025,Expert,9.9
EMP0189,SKILL019,Advanced,9.2
EMP0190,SKILL045,Advanced,4.6
EMP0190,SKILL031,Expert,9.2
EMP0190,SKILL027,Expert,7.5
EMP0190,SKILL020,Advanced,6.3
EMP0190,SKILL049,Advanced,7.8
EMP0191,SKILL045,Intermediate,3.6
EMP0191,SKILL010,Expert,4.1
EMP0191,SKILL002,Advanced,4.6
EMP0191,SKILL025,Advanced,3.9
EMP0191,SKILL001,Advanced,3.6
EMP0191,SKILL007,Advanced,3.3
EMP0192,SKILL039,Beginner,1.9
EMP0192,SKILL018,Beginner,1.4
EMP0192,SKILL038,Beginner,1.2
EMP0192,SKILL028,Beginner,0.7
EMP0192,SKILL029,Advanced,1.1
EMP0193,SKILL018,Expert,7.0
EMP0193,SKILL029,Intermediate,5.7
EMP0193,SKILL039,Advanced,1.3
EMP0193,SKILL045,Advanced,5.3
EMP0193,SKILL020,Advanced,2.0
EMP0193,SKILL028,Intermediate,1.8
EMP0194,SKILL020,Intermediate,4.3
EMP0194,SKILL038,Expert,7.4
EMP0194,SKILL039,Expert,4.2
EMP0194,SKILL045,Expert,6.7
EMP0194,SKILL028,Advanced,6.6
EMP0194,SKILL029,Expert,8.4
EMP0195,SKILL023,Advanced,8.9
EMP0195,SKILL031,Beginner,1.8
EMP0195,SKILL043,Advanced,6.3
EMP0195,SKILL025,Advanced,3.7
EMP0195,SKILL021,Expert,6.4
EMP0195,SKILL042,Expert,9.4
EMP0195,SKILL027,Beginner,2.8
EMP0195,SKILL045,Intermediate,1.4
EMP0195,SKILL020,Advanced,4.7
EMP0196,SKILL010,Advanced,3.5
EMP0196,SKILL001,Expert,5.0
EMP0196,SKILL015,Expert,6.7
EMP0196,SKILL002,Beginner,0.7
EMP0196,SKILL011,Advanced,5.8
EMP0196,SKILL008,Advanced,3.2
EMP0197,SKILL020,Beginner,0.8
EMP0197,SKILL007,Beginner,0.9
EMP0197,SKILL023,Intermediate,2.5
EMP0197,SKILL037,Intermediate,2.7
EMP0197,SKILL011,Intermediate,0.9
EMP0197,SKILL025,Intermediate,1.9
EMP0198,SKILL019,Intermediate,2.9
EMP0198,SKILL011,Intermediate,5.0
EMP0198,SKILL025,Advanced,3.5
EMP0198,SKILL007,Intermediate,2.5
EMP0198,SKILL036,Beginner,1.7
EMP0198,SKILL020,Intermediate,1.6
EMP0199,SKILL041,Advanced,6.1
EMP0199,SKILL024,Advanced,3.7
EMP0199,SKILL040,Intermediate,1.5
EMP0199,SKILL031,Advanced,3.9
EMP0199,SKILL020,Intermediate,2.6
EMP0199,SKILL023,Advanced,3.0
EMP0199,SKILL050,Expert,5.1
EMP0199,SKILL027,Advanced,9.5
EMP0200,SKILL038,Intermediate,2.0
EMP0200,SKILL028,Advanced,1.2
EMP0200,SKILL018,Advanced,1.6
EMP0200,SKILL039,Advanced,2.3
EMP0200,SKILL045,Beginner,0.5
