sku,name,description,unitOfMeasure,isCritical,category_L1,category_L2,category_L3,category_L4
PROD-b92c28,Heavy-Duty Wood Pallet,A sturdy wooden pallet designed to safely transport and store heavy goods.,Piece,True,Direct Materials,Packaging Materials,Tertiary Packaging & Shipping Supplies,Pallets & Crates
PROD-3c0eb6,Precision Machined Aluminum Bracket,Durable aluminum bracket designed to withstand high loads and provide structural integrity.,KG,True,Direct Materials,Components & Sub-Assemblies,Fabricated Parts,Machined Parts
PROD-0627c3,EcoShield UV Protection Coating,A durable coating that provides superior protection against harmful UV rays while enhancing the aesthetic appeal of your surfaces.,KG,False,Direct Materials,Raw Materials,Chemicals,"Coatings, Pigments & Dyes"
PROD-5507a4,PolyClean Solvent,A versatile solvent ideal for cleaning electronic components and removing adhesives.,Piece,False,Direct Materials,Raw Materials,Chemicals,Solvents & Adhesives
PROD-6b232f,Industrial Sulfuric Acid,High-purity sulfuric acid suitable for industrial applications requiring strong corrosive properties.,Set,False,Direct Materials,Raw Materials,Chemicals,Bulk & Specialty Chemicals
PROD-6b6de7,Polyester Resin X,High-quality polyester resin ideal for industrial applications and durable packaging solutions.,KG,False,Direct Materials,Raw Materials,Plastics & Polymers,"Resins (PET, HDPE)"
PROD-41272e,Industrial Grade Hydrochloric Acid,A high-purity hydrochloric acid suitable for industrial applications requiring precise chemical reactions.,Box,False,Direct Materials,Raw Materials,Chemicals,Bulk & Specialty Chemicals
PROD-a33bc8,Eternal Gold Bar,"A premium, investment-grade gold bar crafted from 99.9% pure gold, perfect for collectors and investors.",Box,True,Direct Materials,Raw Materials,Metals & Minerals,"Precious Metals (Gold, Silver)"
PROD-0da4f0,Heavy-Duty Hex Bolt,A robust hexagonal bolt designed to withstand high torque and heavy loads in industrial applications.,Set,False,Direct Materials,Components & Sub-Assemblies,Mechanical Components,"Fasteners (Nuts, Bolts, Screws)"
PROD-78e971,Aluminum Alloy Casting,High-quality aluminum alloy casting perfect for intricate parts and components requiring precision.,Set,True,Direct Materials,Components & Sub-Assemblies,Fabricated Parts,Castings & Forgings
PROD-b56381,Quinoa Harvest,Organic quinoa harvested at peak freshness for a nutritious and versatile addition to your meals.,Piece,False,Direct Materials,Raw Materials,Agricultural Products,Grains & Cereals
PROD-a3db61,Clear Acrylic Sheet,Premium quality injection molded acrylic sheets available in various thicknesses and sizes.,Piece,False,Direct Materials,Raw Materials,Plastics & Polymers,Injection Molded Plastics
PROD-df90fc,Premium Grade Anhydrous Hydrogen Peroxide,High-purity hydrogen peroxide suitable for laboratory research and industrial applications.,KG,False,Direct Materials,Raw Materials,Chemicals,Bulk & Specialty Chemicals
PROD-41a7b8,Precision Metal Film Resistor,A high-accuracy resistor ideal for precision analog circuits.,Piece,True,Direct Materials,Components & Sub-Assemblies,Electronic Components,"Passive Components (Resistors, Capacitors)"
PROD-295508,ProMax Electric Motor,A high-performance electric motor designed for precision and efficiency in various industrial applications.,KG,True,Direct Materials,Components & Sub-Assemblies,Mechanical Components,Motors & Pumps
PROD-b675ac,Heavy-Duty Threaded Rod,A robust threaded rod perfect for industrial applications requiring high strength and durability.,Piece,True,Direct Materials,Components & Sub-Assemblies,Mechanical Components,"Fasteners (Nuts, Bolts, Screws)"
PROD-ea2c7d,Acrylic Solvent Clean-Up,"A versatile solvent ideal for cleaning and removing residues from acrylic paint, making it perfect for artists and DIY enthusiasts.",KG,False,Direct Materials,Raw Materials,Chemicals,Solvents & Adhesives
PROD-e59005,Eco-Friendly Travel Pack,A durable and stylish reusable bag perfect for packing essentials during travel.,Piece,True,Direct Materials,Packaging Materials,Primary Packaging,"Bags, Pouches & Wrappers"
PROD-07f10c,Precision Aluminum Bolt,Durable machined aluminum bolts designed for reliable performance in various industrial applications.,KG,True,Direct Materials,Components & Sub-Assemblies,Fabricated Parts,Machined Parts
PROD-63dfa4,Precision 1% Carbon Film Resistor,High-accuracy resistor suitable for precision analog circuits requiring tight tolerance control.,Piece,False,Direct Materials,Components & Sub-Assemblies,Electronic Components,"Passive Components (Resistors, Capacitors)"
PROD-89928f,Precision 1% Carbon Film Resistor,A high-accuracy resistor ideal for precise circuit designs and critical measurements.,Box,False,Direct Materials,Components & Sub-Assemblies,Electronic Components,"Passive Components (Resistors, Capacitors)"
PROD-48826d,Organic Cotton Handkerchief,A soft and durable handkerchief made from ethically sourced organic cotton.,Set,False,Direct Materials,Raw Materials,Agricultural Products,"Fibers (Cotton, Wool)"
PROD-c86fc8,Precision Shaft Assembly,A high-quality machined shaft designed for optimal performance and durability in mechanical applications.,Set,True,Direct Materials,Components & Sub-Assemblies,Fabricated Parts,Machined Parts
PROD-c4a673,Lithium Ion Battery,"High-capacity, rechargeable lithium-ion battery designed for efficient energy storage and powering electronic devices.",Box,False,Direct Materials,Raw Materials,Metals & Minerals,"Non-Ferrous Metals (Aluminum, Copper, Lithium)"
PROD-c121ce,Eco-Friendly Tote Bag,A durable and stylish tote bag made from sustainable materials.,Set,False,Direct Materials,Packaging Materials,Primary Packaging,"Bags, Pouches & Wrappers"
PROD-e7c804,EcoGuard Aluminum Can,Recycled aluminum cans designed to reduce environmental impact while maintaining high-quality performance.,Set,False,Direct Materials,Raw Materials,Metals & Minerals,"Non-Ferrous Metals (Aluminum, Copper, Lithium)"
PROD-3352a0,FlexiWrap Pro,A versatile stretch wrap ideal for packaging fragile items securely while maintaining flexibility.,KG,False,Direct Materials,Packaging Materials,Tertiary Packaging & Shipping Supplies,Stretch & Shrink Wrap
PROD-2ae4fd,Polyethylene Terephthalate (PET) Resin,A versatile and durable PET resin ideal for packaging solutions requiring high clarity and strength.,Piece,False,Direct Materials,Raw Materials,Plastics & Polymers,"Resins (PET, HDPE)"
PROD-1766de,Quinoa Super Seed Blend,"A nutritious blend of quinoa and other high-protein seeds, perfect for enhancing meals with a boost of fiber and essential nutrients.",Box,False,Direct Materials,Raw Materials,Agricultural Products,Grains & Cereals
PROD-d1bc46,Aluminum-Plated FR4 PCB,A robust and cost-effective printed circuit board designed for high-speed electronic applications.,Piece,False,Direct Materials,Components & Sub-Assemblies,Electronic Components,Printed Circuit Boards (PCBs)
PROD-1a3653,Pure Olive Oil Extra Virgin,"A high-quality, cold-pressed olive oil perfect for cooking and dressing salads.",Box,False,Direct Materials,Raw Materials,Agricultural Products,Oils & Fats
PROD-5195a3,Precision Steel Bracket,A high-quality stamped metal bracket designed for structural support applications.,Box,True,Direct Materials,Components & Sub-Assemblies,Fabricated Parts,Stamped Metal Parts
PROD-57a850,Advanced Power Supply IC,A high-efficiency integrated circuit designed to optimize power distribution and reduce energy waste.,Set,False,Direct Materials,Components & Sub-Assemblies,Electronic Components,Semiconductors & Integrated Circuits
PROD-68a166,Organic Quinoa Mix,"A premium blend of quinoa and ancient grains, perfect for healthy meals and snacks.",Set,False,Direct Materials,Raw Materials,Agricultural Products,Grains & Cereals
PROD-f4a905,Precision Carbon Film Resistor,A high-quality carbon film resistor designed for accurate and stable performance in electronic circuits.,KG,False,Direct Materials,Components & Sub-Assemblies,Electronic Components,"Passive Components (Resistors, Capacitors)"
PROD-c98119,UltraClear Sheet,A premium transparent sheet ideal for various industrial applications requiring superior clarity and durability.,Piece,True,Direct Materials,Raw Materials,Plastics & Polymers,Films & Sheeting
PROD-70abd7,Precision Aluminum Bearing,Durable machined aluminum bearing designed for smooth operation and longevity.,Piece,False,Direct Materials,Components & Sub-Assemblies,Fabricated Parts,Machined Parts
PROD-b59bed,Precision Ceramic Capacitor,A high-quality passive component designed for stable performance across various electronic applications.,Box,False,Direct Materials,Components & Sub-Assemblies,Electronic Components,"Passive Components (Resistors, Capacitors)"
PROD-019661,Eco Glass Bottle,A sustainable glass bottle perfect for storing beverages and homemade liquids.,Box,False,Direct Materials,Packaging Materials,Primary Packaging,"Bottles, Jars & Cans"
PROD-462623,Precision Shaft Assembly,High-quality machined shaft assembly designed for optimal performance in industrial applications.,Box,True,Direct Materials,Components & Sub-Assemblies,Fabricated Parts,Machined Parts
PROD-ed3a3e,Custom Silicone Mold Kit,A versatile kit designed to create intricate molds of various materials with ease and precision.,Set,False,Technical Materials,Manufacturing Equipment,Tooling & Molds,Molds & Patterns
PROD-7aead3,Precision CNC Lathe Machine,A high-precision lathe machine designed for intricate machining tasks.,Set,True,Technical Materials,Manufacturing Equipment,Production Machinery,CNC Machines & Lathes
PROD-4ac049,PowerPro 3-Ton Electric Forklift,A versatile electric forklift designed to handle heavy loads efficiently and safely.,Box,False,Technical Materials,Manufacturing Equipment,Material Handling Equipment,Forklifts & Pallet Jacks
PROD-3efe0c,QuantumSpec X1000,A state-of-the-art spectrometer for precise and reliable analysis of chemical compositions.,Box,True,Technical Materials,R&D and Laboratory,Lab Equipment,"Analytical Equipment (Spectrometers, Microscopes)"
PROD-a37158,All-Purpose CleanX,"A powerful, eco-friendly all-purpose cleaner that effectively tackles tough stains and surfaces.",Box,False,Technical Materials,"MRO (Maintenance, Repair & Operations)",Industrial Consumables,Cleaning Agents & Janitorial Supplies
PROD-f29471,Engine Oil Filter,High-quality oil filter designed specifically for automotive engines to ensure optimal performance and longevity.,Piece,False,Technical Materials,"MRO (Maintenance, Repair & Operations)",Spare Parts,Equipment-Specific Spare Parts
PROD-eca6b8,ProGuard Fall Helmet,A durable helmet designed to protect workers from falls and provide respiratory safety.,Set,False,Technical Materials,"MRO (Maintenance, Repair & Operations)",Safety & PPE (Personal Protective Equipment),Fall Protection & Respiratory Gear
PROD-4b12d1,Precision CNC Lathe Machine,Advanced CNC lathe designed for high-speed machining and precision manufacturing applications.,Box,False,Technical Materials,Manufacturing Equipment,Production Machinery,CNC Machines & Lathes
PROD-e181b4,Robo-Finish Pro,An advanced robotic assembly line finisher designed to enhance efficiency and precision.,Set,False,Technical Materials,Manufacturing Equipment,Production Machinery,Assembly Line Automation & Robotics
PROD-0bfdb5,SecureGuard Fall Harness,A durable fall protection harness designed to keep workers safe during hazardous tasks.,KG,False,Technical Materials,"MRO (Maintenance, Repair & Operations)",Safety & PPE (Personal Protective Equipment),Fall Protection & Respiratory Gear
PROD-968c23,Precision Process Mixer,A high-efficiency industrial mixer designed to blend materials uniformly for optimal processing results.,KG,False,Technical Materials,Manufacturing Equipment,Production Machinery,Processing Equipment
PROD-cb7171,PowerPal Lift,A robust electric pallet jack ideal for heavy-duty warehouse operations.,Set,False,Technical Materials,Manufacturing Equipment,Material Handling Equipment,Forklifts & Pallet Jacks
PROD-1fc2bc,Engine Oil Filter - Genuine OEM Part,High-quality engine oil filter designed to ensure optimal performance and longevity of your vehicle's engine.,Piece,False,Technical Materials,"MRO (Maintenance, Repair & Operations)",Spare Parts,Equipment-Specific Spare Parts
PROD-fb54ab,Calibrated Precision Thermometer,A durable thermometer providing accurate temperature readings essential for scientific and industrial testing.,Box,False,Technical Materials,R&D and Laboratory,Lab Equipment,Measurement & Testing Instruments
PROD-55668f,Precision CNC Router,High-precision cutting machine ideal for intricate woodworking and prototyping projects.,Piece,False,Technical Materials,Manufacturing Equipment,Production Machinery,CNC Machines & Lathes
PROD-dec4ff,QuantumSpec Ultra-Advanced Spectrometer,A state-of-the-art spectrometer offering unparalleled precision and versatility for detailed analysis of complex samples.,KG,False,Technical Materials,R&D and Laboratory,Lab Equipment,"Analytical Equipment (Spectrometers, Microscopes)"
PROD-4c157d,3D Print Pro Resin,"Highly durable resin specifically formulated for rapid prototyping applications, offering superior clarity and strength.",Piece,False,Technical Materials,R&D and Laboratory,Prototyping Services & Materials,Rapid Prototyping Materials
PROD-6961a7,Precision Cutting Machine,Advanced industrial cutting equipment designed for high precision and efficiency.,Box,False,Technical Materials,Manufacturing Equipment,Production Machinery,Processing Equipment
PROD-fb12d0,Universal Valve Kit,A set of versatile industrial valves designed to enhance operational efficiency and reliability.,KG,True,Technical Materials,"MRO (Maintenance, Repair & Operations)",Spare Parts,"General Industrial Spares (Valves, Belts)"
PROD-b5bb0d,Diamond Grinding Disc,High-quality diamond grinding disc ideal for surface preparation and polishing.,KG,False,Technical Materials,"MRO (Maintenance, Repair & Operations)",Industrial Consumables,Abrasives & Welding Supplies
PROD-36f55a,BioPure Enzyme Solution,"A high-purity enzyme reagent designed for sensitive biochemical applications, ensuring consistent and reliable results.",KG,False,Technical Materials,R&D and Laboratory,Lab Supplies,Chemicals & Reagents
PROD-1540da,ProMaster Forklift Model X,A durable and efficient industrial lift designed to handle heavy loads with ease.,Piece,True,Technical Materials,Manufacturing Equipment,Material Handling Equipment,Forklifts & Pallet Jacks
PROD-54bf98,Calibrated Multimeter Pro,A precision multimeter designed for accurate voltage and current measurements in professional testing environments.,KG,False,Technical Materials,R&D and Laboratory,Lab Equipment,Measurement & Testing Instruments
PROD-900a39,FusionResin Rapid Prototype Kit,"A versatile resin blend designed for quick and accurate 3D printing, ideal for creating high-quality prototypes.",Set,True,Technical Materials,R&D and Laboratory,Prototyping Services & Materials,Rapid Prototyping Materials
PROD-be8de9,Precision CNC Lathe Machine,A high-precision CNC lathe machine designed for intricate and detailed manufacturing processes.,KG,False,Technical Materials,Manufacturing Equipment,Production Machinery,CNC Machines & Lathes
PROD-3936d4,Heavy Duty LiftMaster Pro,A robust and reliable industrial lift designed to handle heavy loads efficiently.,Piece,False,Technical Materials,Manufacturing Equipment,Material Handling Equipment,Forklifts & Pallet Jacks
PROD-2b4642,Universal Valve Assembly,A reliable valve assembly designed for seamless integration into various industrial systems.,Set,False,Technical Materials,"MRO (Maintenance, Repair & Operations)",Spare Parts,"General Industrial Spares (Valves, Belts)"
PROD-36838f,Precision CNC Lathe Machine,A high-speed precision machining tool ideal for intricate part production and industrial applications.,Box,False,Technical Materials,Manufacturing Equipment,Production Machinery,CNC Machines & Lathes
PROD-0c85df,RoboMaster Conveyor System,"An advanced conveyor system designed to streamline and automate the assembly line process, enhancing efficiency and reducing operational costs.",Set,False,Technical Materials,Manufacturing Equipment,Production Machinery,Assembly Line Automation & Robotics
PROD-a1ea4d,PurityPro Advanced Water Purifier,A high-performance system designed to remove contaminants and ensure pristine water quality for laboratory use.,Box,False,Technical Materials,R&D and Laboratory,Lab Supplies,Chemicals & Reagents
PROD-577379,Precision Grinding Wheel,High-quality grinding wheel designed for efficient material removal and surface finishing.,Set,False,Technical Materials,"MRO (Maintenance, Repair & Operations)",Industrial Consumables,Abrasives & Welding Supplies
PROD-cce732,EcoClean Pro,"A powerful, eco-friendly cleaning solution that effectively removes tough stains and disinfects surfaces.",Set,False,Technical Materials,"MRO (Maintenance, Repair & Operations)",Industrial Consumables,Cleaning Agents & Janitorial Supplies
PROD-2ae2a7,Advanced Polymerase Buffer Kit,A comprehensive buffer system designed for high-efficiency polymerase enzyme reactions.,KG,True,Technical Materials,R&D and Laboratory,Lab Supplies,Chemicals & Reagents
PROD-81acbf,QuickBuild Foam,"A lightweight, easy-to-use foam material ideal for rapid prototyping and creating functional prototypes.",Box,False,Technical Materials,R&D and Laboratory,Prototyping Services & Materials,Rapid Prototyping Materials
PROD-9093ad,Elite Forklift Pro Series,A durable and efficient lift truck designed to handle heavy lifting tasks with ease.,Box,False,Technical Materials,Manufacturing Equipment,Material Handling Equipment,Forklifts & Pallet Jacks
PROD-32bbd5,Engine Oil Filter Replacement,High-quality engine oil filter designed to improve performance and extend the life of your vehicle's engine.,KG,True,Technical Materials,"MRO (Maintenance, Repair & Operations)",Spare Parts,Equipment-Specific Spare Parts
PROD-277e61,FlexiFlow Conveyors,"High-speed, modular conveyors designed to optimize material handling operations with flexible routing and durable construction.",Box,False,Technical Materials,Manufacturing Equipment,Material Handling Equipment,Conveyor Systems
PROD-59310f,Calibrated Precision Thermometer,A reliable tool designed to accurately measure temperature in various environments.,Piece,True,Technical Materials,R&D and Laboratory,Lab Equipment,Measurement & Testing Instruments
PROD-6f4292,Premium Silicone Lubricant,A high-quality silicone-based lubricant perfect for reducing friction and protecting machinery.,Piece,False,Technical Materials,"MRO (Maintenance, Repair & Operations)",Industrial Consumables,"Lubricants, Oils & Greases"
PROD-7c4e8f,ProMax Forklift,A robust and reliable forklift designed to handle heavy lifting tasks efficiently.,KG,False,Technical Materials,Manufacturing Equipment,Material Handling Equipment,Forklifts & Pallet Jacks
PROD-d00a97,Universal Valve Replacement Kit,High-quality replacement valves and spares designed to ensure optimal performance and reliability for industrial applications.,Piece,False,Technical Materials,"MRO (Maintenance, Repair & Operations)",Spare Parts,"General Industrial Spares (Valves, Belts)"
PROD-f2aa5f,Precision Cutting Die Set,High-quality die set designed to ensure accurate and clean cuts on various materials.,KG,False,Technical Materials,Manufacturing Equipment,Tooling & Molds,"Dies, Jigs & Fixtures"
PROD-3eeba4,Precision Grinding Wheel,High-quality grinding wheel designed for efficient and precise material removal during surface preparation and finishing.,KG,False,Technical Materials,"MRO (Maintenance, Repair & Operations)",Industrial Consumables,Abrasives & Welding Supplies
PROD-dc2eb1,Precision Prototyping Solutions,Offering high-quality 3D printing services to create detailed prototypes and functional parts for your projects.,Set,False,Technical Materials,R&D and Laboratory,Prototyping Services & Materials,3D Printing Services
PROD-daab34,Precision Press Die Set,A high-quality press die set designed for efficient manufacturing processes.,Box,False,Technical Materials,Manufacturing Equipment,Tooling & Molds,"Dies, Jigs & Fixtures"
PROD-9965cc,Premium Diamond Grinding Disc,High-quality abrasive disc perfect for surface grinding and finishing.,Set,False,Technical Materials,"MRO (Maintenance, Repair & Operations)",Industrial Consumables,Abrasives & Welding Supplies
PROD-592282,Precision CNC Lathe Machine,A state-of-the-art CNC lathe machine offering unmatched accuracy and efficiency for intricate metalwork projects.,Piece,True,Technical Materials,Manufacturing Equipment,Production Machinery,CNC Machines & Lathes
PROD-de46d5,RoboMaster 5000,An advanced robotic assembly line system designed to streamline production processes and increase efficiency.,Box,False,Technical Materials,Manufacturing Equipment,Production Machinery,Assembly Line Automation & Robotics
PROD-84cab9,Protolight Resin,"A high-quality, UV-curable resin ideal for rapid prototyping of detailed parts and prototypes.",Piece,True,Technical Materials,R&D and Laboratory,Prototyping Services & Materials,Rapid Prototyping Materials
PROD-17e196,Customized 3D Prototypes,"High-quality, on-demand 3D printing services to create functional prototypes for your projects.",Piece,True,Technical Materials,R&D and Laboratory,Prototyping Services & Materials,3D Printing Services
PROD-417194,ProGuard Safety Kit,"A comprehensive set of high-quality safety gloves, goggles, and hard hats designed to protect your hands, eyes, and head during industrial activities.",KG,False,Technical Materials,"MRO (Maintenance, Repair & Operations)",Safety & PPE (Personal Protective Equipment),"Safety Gloves, Goggles & Hard Hats"
PROD-f29fe2,Eco-Friendly Silicone Mold Set,"A set of durable, reusable silicone molds perfect for casting various materials.",KG,True,Technical Materials,Manufacturing Equipment,Tooling & Molds,Molds & Patterns
PROD-c693ff,EcoClean Multi-Surface Cleaner,"A powerful, eco-friendly cleaning solution that effectively cleans and disinfects a wide range of surfaces.",Box,False,Technical Materials,"MRO (Maintenance, Repair & Operations)",Industrial Consumables,Cleaning Agents & Janitorial Supplies
PROD-26ab14,MoldPro Rapid Resin,"A high-quality, fast-setting resin ideal for creating detailed prototypes and functional parts quickly.",KG,False,Technical Materials,R&D and Laboratory,Prototyping Services & Materials,Rapid Prototyping Materials
PROD-25b622,ProGuard Elite Safety Helmet,A durable hard hat designed to protect your head from impact and provide comfort during extended work periods.,Box,False,Technical Materials,"MRO (Maintenance, Repair & Operations)",Safety & PPE (Personal Protective Equipment),"Safety Gloves, Goggles & Hard Hats"
PROD-a1812a,Eco-Friendly Glass Water Bottle,"A durable, reusable glass water bottle designed to reduce plastic waste and keep your beverages cool.",Piece,False,Technical Materials,R&D and Laboratory,Lab Supplies,Glassware & Plasticware
PROD-3b547a,Engine Oil Filter - Genuine Model XYZ,High-quality engine oil filter designed specifically for optimal performance and longevity of your vehicle's engine.,Box,False,Technical Materials,"MRO (Maintenance, Repair & Operations)",Spare Parts,Equipment-Specific Spare Parts
PROD-a66ec4,Precision Cutting Wheel,"High-quality abrasive wheel designed for precise cutting tasks on wood, metal, and plastic.",KG,False,Technical Materials,"MRO (Maintenance, Repair & Operations)",Industrial Consumables,Abrasives & Welding Supplies
PROD-adbb05,Calibrated Digital Thermometer,A precision digital thermometer designed for accurate temperature measurement in various industrial and laboratory applications.,Piece,False,Technical Materials,R&D and Laboratory,Lab Equipment,Measurement & Testing Instruments
PROD-745d36,Acidic Buffer Solution,A pH-sensitive chemical solution used to maintain optimal acidity levels in laboratory experiments.,Box,False,Technical Materials,R&D and Laboratory,Lab Supplies,Chemicals & Reagents
PROD-9c3323,Digital Multimeter Pro,"A versatile digital multimeter that accurately measures voltage, current, and resistance across various applications.",Set,False,Technical Materials,R&D and Laboratory,Lab Equipment,Measurement & Testing Instruments
PROD-4c3ab1,Acidic Buffer Solution,A pH 4.0 buffer solution ideal for biochemical and analytical applications.,Piece,True,Technical Materials,R&D and Laboratory,Lab Supplies,Chemicals & Reagents
PROD-98b1bc,Brake Caliper Piston Rebuild Kit,"A comprehensive set of high-quality components to rebuild and restore your brake calipers efficiently, ensuring optimal braking performance.",Set,True,Technical Materials,"MRO (Maintenance, Repair & Operations)",Spare Parts,Equipment-Specific Spare Parts
PROD-3a3ac7,OptiClean Pro,The OptiClean Pro is an advanced processing equipment designed to enhance efficiency and purity in industrial operations.,Box,False,Technical Materials,Manufacturing Equipment,Production Machinery,Processing Equipment
PROD-90be03,Precision CNC Lathe Machine,A high-precision CNC lathe machine designed for efficient and accurate machining of complex parts.,Set,False,Technical Materials,Manufacturing Equipment,Production Machinery,CNC Machines & Lathes
PROD-f03f55,Elegant Glass Vase,A beautiful handcrafted glass vase perfect for showcasing your favorite flowers or decorative pieces.,Piece,False,Technical Materials,R&D and Laboratory,Lab Supplies,Glassware & Plasticware
PROD-dfb72e,Digital Multimeter Pro,A versatile digital multimeter perfect for electrical testing and measurement needs.,KG,False,Technical Materials,R&D and Laboratory,Lab Equipment,Measurement & Testing Instruments
PROD-73b915,SpeedMaster Pro,An advanced processing equipment designed to enhance productivity through its efficient motor and ergonomic design.,Piece,False,Technical Materials,Manufacturing Equipment,Production Machinery,Processing Equipment
PROD-f6baaf,Mason Jar Glass,A durable glass mason jar perfect for storing food and home goods.,Piece,False,Technical Materials,R&D and Laboratory,Lab Supplies,Glassware & Plasticware
PROD-507899,Guardian Fall Helmet,A durable fall protection helmet designed to enhance safety during construction and outdoor activities.,Set,False,Technical Materials,"MRO (Maintenance, Repair & Operations)",Safety & PPE (Personal Protective Equipment),Fall Protection & Respiratory Gear
PROD-ad3276,All-Purpose Kitchen Cleaner Spray,"A powerful, eco-friendly cleaner that effortlessly removes tough stains and grime from kitchen surfaces.",Piece,False,Technical Materials,"MRO (Maintenance, Repair & Operations)",Industrial Consumables,Cleaning Agents & Janitorial Supplies
PROD-f2cb9e,OptiView Pro,A state-of-the-art spectrometer designed to provide precise and detailed analysis of various materials.,Piece,False,Technical Materials,R&D and Laboratory,Lab Equipment,"Analytical Equipment (Spectrometers, Microscopes)"
PROD-675f65,OptiSpec-2000 Spectrometer,A high-performance spectrometer designed for precise and accurate analysis of various materials.,Set,True,Technical Materials,R&D and Laboratory,Lab Equipment,"Analytical Equipment (Spectrometers, Microscopes)"
PROD-9c154e,Elegant Clear Glass,"Stylish, durable glassware perfect for everyday use and special occasions.",Box,True,Technical Materials,R&D and Laboratory,Lab Supplies,Glassware & Plasticware
PROD-e0f6c3,MaxiMight Pro Forklift,A robust and efficient industrial forklift designed to handle heavy loads with ease.,Set,False,Technical Materials,Manufacturing Equipment,Material Handling Equipment,Forklifts & Pallet Jacks
PROD-4c9c1e,Compact Hydraulic Pump Assembly,A high-performance hydraulic pump assembly designed to provide efficient power transmission and support critical equipment operations.,Set,False,Technical Materials,"MRO (Maintenance, Repair & Operations)",Spare Parts,Equipment-Specific Spare Parts
PROD-8885b8,Precision Drill Bit Holder,A durable jig designed to securely hold and position drill bits during drilling operations.,Set,True,Technical Materials,Manufacturing Equipment,Tooling & Molds,"Dies, Jigs & Fixtures"
PROD-c83d4c,EcoClean Pro,A powerful yet eco-friendly cleaning agent that effectively removes tough stains and grime while being safe for the environment.,Set,False,Technical Materials,"MRO (Maintenance, Repair & Operations)",Industrial Consumables,Cleaning Agents & Janitorial Supplies
PROD-089b5d,Guardian Safety Gear,"Protect your hands, eyes, and head with top-quality safety gloves, goggles, and hard hats designed for maximum comfort and durability.",KG,False,Technical Materials,"MRO (Maintenance, Repair & Operations)",Safety & PPE (Personal Protective Equipment),"Safety Gloves, Goggles & Hard Hats"
PROD-53bc7a,OptiCut Pro,A state-of-the-art cutting machine designed to enhance precision and efficiency in material processing.,Set,False,Technical Materials,Manufacturing Equipment,Production Machinery,Processing Equipment
,TaxPro Advisor,A comprehensive tax planning service that helps businesses and individuals optimize their financial strategies.,Set,False,Indirect Services and Materials,Corporate & Professional Services,Financial Services,"Audit, Tax & Advisory Services"
,EcoClean Pro,"Advanced eco-friendly cleaning service that uses non-toxic, plant-based products to maintain a spotless and healthy environment.",Piece,False,Indirect Services and Materials,Facility Services,Facility Management,Janitorial & Cleaning Services
,PixelMaster Pro Laptop,A high-performance laptop designed for demanding creative work and everyday computing tasks.,KG,False,Indirect Services and Materials,IT & Technology,Hardware,"End-User Computing (Laptops, Desktops, Monitors)"
,Global Logistics Solutions,A comprehensive freight forwarding and customs brokerage service designed to simplify international trade operations.,Set,False,Indirect Services and Materials,Logistics,Transportation & Freight,Freight Forwarding & Customs Brokerage
,Sunny Lease Solutions,Affordable vehicle leasing options tailored to your needs.,Piece,False,Indirect Services and Materials,Logistics,Fleet Management,Vehicle Leasing & Purchase
,Global Logistics Solutions,Streamline your shipping processes with expert freight forwarding and customs brokerage services.,Box,False,Indirect Services and Materials,Logistics,Transportation & Freight,Freight Forwarding & Customs Brokerage
,SecurePay Pro,A cutting-edge payment processing solution designed to enhance security and streamline transactions.,KG,False,Indirect Services and Materials,Corporate & Professional Services,Financial Services,Payment Processing
,Express Delivery Pro,"A premium courier service offering fast, secure, and reliable delivery solutions for time-sensitive parcels.",Set,False,Indirect Services and Materials,Logistics,Transportation & Freight,Parcel & Courier Services
,CityStay Suites,Modern serviced apartments offering comfortable living spaces with kitchen amenities and central location.,Set,False,Indirect Services and Materials,Corporate Travel,Accommodation,Serviced Apartments
,Wellness Wellness Program,"Comprehensive employee wellness program offering health assessments, mental health support, and fitness classes to promote overall well-being.",KG,False,Indirect Services and Materials,Corporate & Professional Services,Human Resources Services,Employee Welfare & Assistance Programs
,EcoFuel Platinum Card,A premium fuel card offering exclusive discounts and rewards at participating gas stations.,Set,False,Indirect Services and Materials,Logistics,Fleet Management,"Fuel, Fuel Cards & Management"
,Dynamic Display Solutions,Tailored merchandising services that enhance store aesthetics and boost sales.,Piece,False,Indirect Services and Materials,Marketing & Sales,Sales Support,Merchandising Services
,Artisan Creative Solutions,"Specializing in bespoke branding, web design, and content strategy to elevate your brand's presence.",Box,False,Indirect Services and Materials,Marketing & Sales,Marketing & Advertising,"Creative, Content & Branding Agencies"
,InsightTrack Pro,A comprehensive tool that offers advanced brand tracking and analytics to help businesses measure their market impact effectively.,KG,True,Indirect Services and Materials,Marketing & Sales,Market Research,Brand Tracking & Analytics
,MasterMind Sales Mastery Course,Unlock your sales potential with proven strategies and techniques designed to boost performance.,Set,False,Indirect Services and Materials,Marketing & Sales,Sales Support,Sales Training
,TechGuard Managed IT Solutions,Comprehensive managed services including helpdesk support and network management to ensure optimal business performance.,Piece,True,Indirect Services and Materials,IT & Technology,IT Services & Telecom,"Managed Services (Helpdesk, Network Management)"
,SecureGuard Pro,A comprehensive home security system that includes advanced monitoring capabilities and alerts to keep your property safe.,KG,False,Indirect Services and Materials,Facility Services,Security Services,Alarm Systems & Monitoring
,ErgoFlex Executive Chair,A high-quality ergonomic chair designed to provide maximum comfort and support for long hours of work.,KG,False,Indirect Services and Materials,Facility Services,Office Supplies & Services,Office Furniture & Fixtures
,Sunny City Car Rental,Offering reliable vehicles with exceptional customer service for all your travel needs.,KG,False,Indirect Services and Materials,Corporate Travel,Transportation,Car Rentals
,SurveyPro Insights,A comprehensive platform that analyzes survey data to provide actionable insights.,Set,True,Indirect Services and Materials,Marketing & Sales,Market Research,"Data, Surveys & Analysis"
,Garden Magic Mulch,"A premium organic mulch blend that enhances soil health and reduces water evaporation, perfect for any garden enthusiast.",Set,True,Indirect Services and Materials,Facility Services,Facility Management,Landscaping & Groundskeeping
,DataInsight Pro,A powerful business intelligence tool that simplifies complex data into actionable insights for enhanced decision-making.,KG,False,Indirect Services and Materials,IT & Technology,Software,"Business Intelligence & Analytics (BI, Data Visualization)"
,GreenPower Solutions,Innovative energy management services to enhance sustainability and reduce operational costs.,Set,False,Indirect Services and Materials,Facility Services,Real Estate & Utilities,Energy Management & Sustainability Services
,SecureLife Insurance,"Comprehensive coverage that includes property, liability, health, and travel insurance tailored to protect your assets and well-being.",KG,False,Indirect Services and Materials,Corporate & Professional Services,Financial Services,"Insurance (Property, Liability, Health, Travel)"
,PatentPro Advisor,"An AI-powered tool that simplifies patent searching and application processes, ensuring comprehensive coverage of your intellectual property.",KG,False,Indirect Services and Materials,Corporate & Professional Services,Legal Services,Intellectual Property & Patents
,ErgoFlex Executive Chair,A modern ergonomic office chair designed to enhance comfort and productivity.,Box,False,Indirect Services and Materials,Facility Services,Office Supplies & Services,Office Furniture & Fixtures
,CloudCore Pro,A scalable and reliable server solution designed to meet the demands of modern data centers.,Piece,False,Indirect Services and Materials,IT & Technology,Hardware,"Data Center (Servers, Storage)"
,SecureDoc Pro,A cutting-edge cloud-based document management system that ensures secure and efficient handling of sensitive information.,Box,False,Indirect Services and Materials,Facility Services,Office Supplies & Services,Mail & Document Management
,Corporate Alliance Program,A comprehensive sponsorship solution designed to enhance brand visibility and community engagement through strategic partnerships.,KG,False,Indirect Services and Materials,Marketing & Sales,Marketing & Advertising,Sponsorships & Partnerships
,SecureLife Coverage,"Comprehensive insurance solutions tailored to safeguard your property, liability, health, and travel needs.",Box,True,Indirect Services and Materials,Corporate & Professional Services,Financial Services,"Insurance (Property, Liability, Health, Travel)"
,SecureVault Storage Solutions,Premium warehouse rental facilities offering state-of-the-art security and climate control.,Piece,False,Indirect Services and Materials,Logistics,Warehousing & Distribution,Warehouse Rental & Storage
,FreshBite Snacks,"A diverse selection of fresh, healthy snacks perfect for office breaks and gatherings.",Box,False,Indirect Services and Materials,Facility Services,Office Supplies & Services,Catering & Vending Services
,BookingFlow,A user-friendly online booking tool that streamlines scheduling and enhances customer engagement.,Piece,False,Indirect Services and Materials,Corporate Travel,Travel Management Services,Online Booking Tools (OBTs)
,Global Visa Express,A comprehensive service offering personalized assistance and expert guidance to navigate complex visa application processes worldwide.,Piece,False,Indirect Services and Materials,Corporate Travel,Travel Management Services,Visa & Immigration Support
,GreenGarden Pro,An advanced lawn care system that optimizes water usage and enhances plant health.,Piece,False,Indirect Services and Materials,Facility Services,Facility Management,Landscaping & Groundskeeping
,OptiCore Pro,A high-performance server solution designed to optimize data processing and storage efficiency.,Set,True,Indirect Services and Materials,IT & Technology,Hardware,"Data Center (Servers, Storage)"
,Eco-Friendly Notebook,A premium notebook made from recycled paper that supports environmental sustainability.,Box,False,Indirect Services and Materials,Facility Services,Office Supplies & Services,Stationery & Consumables
,Ocean View Deluxe,"A luxurious beachfront hotel offering stunning ocean views, premium amenities, and exceptional service.",KG,False,Indirect Services and Materials,Corporate Travel,Accommodation,Hotels & Chains
,EcoFlow Power Monitor,A smart utility monitor that tracks energy consumption and usage patterns to help users save on bills.,KG,False,Indirect Services and Materials,Facility Services,Real Estate & Utilities,"Utilities (Gas, Electricity, Water)"
,ExpressFreight Logistics,Streamlined road freight solutions for efficient and reliable delivery across various distances.,KG,False,Indirect Services and Materials,Logistics,Transportation & Freight,"Road Freight (FTL, LTL)"
,SocialSavvy Insights,A comprehensive analytics tool designed to help influencers and marketers optimize their social media strategies for maximum engagement.,Piece,False,Indirect Services and Materials,Marketing & Sales,Marketing & Advertising,Influencer & Social Media Marketing
,ProHeat Thermostat,A smart thermostat designed to optimize heating efficiency and reduce energy consumption.,Set,True,Indirect Services and Materials,Facility Services,Facility Management,Building Maintenance & HVAC
,AdMax Media Planner,"A comprehensive tool designed to optimize your media buying strategy across various platforms including print, broadcast, and digital channels.",Piece,False,Indirect Services and Materials,Marketing & Sales,Marketing & Advertising,"Media Buying (Print, Broadcast, Digital)"
,LeadGen Pro,A powerful platform that helps businesses identify and connect with potential customers to boost sales.,Piece,False,Indirect Services and Materials,Marketing & Sales,Sales Support,Lead Generation Services
,Luxury Eco Cruiser,"A stylish, environmentally friendly vehicle perfect for eco-conscious travelers seeking comfort and style.",Set,True,Indirect Services and Materials,Corporate Travel,Transportation,Car Rentals
,EcoTech Wireless Keyboard,A sleek and sustainable wireless keyboard designed for optimal typing comfort.,KG,True,Indirect Services and Materials,IT & Technology,Hardware,"Peripherals & Accessories (Printers, Keyboards)"
,SmartStock Pro,A powerful inventory management system that automates tracking of stock levels and alerts you when it's time to reorder.,Set,False,Indirect Services and Materials,Logistics,Warehousing & Distribution,Inventory Management Systems
,ExpoPro Solutions,Professional trade show and exhibition services provider offering innovative solutions to maximize your event's impact.,Set,False,Indirect Services and Materials,Marketing & Sales,Events & Promotions,Trade Show & Exhibition Services
,WorkFlow Solutions,A comprehensive HR consulting service that leverages advanced technology to streamline and enhance organizational processes.,Box,True,Indirect Services and Materials,Corporate & Professional Services,Human Resources Services,HR Consulting & Technology
,HomeSafe Pro,"A comprehensive home security solution featuring advanced motion detection, live video monitoring, and remote access control.",Set,False,Indirect Services and Materials,Facility Services,Security Services,Alarm Systems & Monitoring
,Express Cargo Carrier,A reliable and efficient road freight service offering both FTL and LTL shipping options for time-sensitive deliveries.,Set,False,Indirect Services and Materials,Logistics,Transportation & Freight,"Road Freight (FTL, LTL)"
,SkyFlight Pro,"An advanced airline offering premium seating, in-flight entertainment, and faster flight times.",Set,False,Indirect Services and Materials,Corporate Travel,Transportation,Airlines
,SmartStock Pro,An advanced inventory management system that streamlines tracking of stock levels and automates reorder processes.,Set,False,Indirect Services and Materials,Logistics,Warehousing & Distribution,Inventory Management Systems
,TeamFlow Pro,An all-in-one productivity suite designed to streamline communication and enhance collaboration among teams.,KG,False,Indirect Services and Materials,IT & Technology,Software,"Productivity & Collaboration Suites (Office, Email)"
,SecureVault Digital Wallet,A secure digital wallet designed to offer convenience and security for managing daily transactions.,KG,False,Indirect Services and Materials,Corporate & Professional Services,Financial Services,Banking & Treasury Services
,SecureGuard Pro,A state-of-the-art access control system that combines advanced biometric authentication and robust encryption to ensure secure entry management.,Piece,True,Indirect Services and Materials,Facility Services,Security Services,Access Control Systems
,GuardSecure Elite,Advanced manned guarding services providing top-tier security solutions tailored to your specific needs.,KG,True,Indirect Services and Materials,Facility Services,Security Services,Manned Guarding
,Global PR Solutions,"Elevate your brand's visibility and reputation through strategic, innovative communication strategies.",Set,False,Indirect Services and Materials,Marketing & Sales,Marketing & Advertising,Public Relations (PR) Firms
,EcoFuel Card,A sustainable fuel card designed to reward eco-friendly driving habits and reduce carbon footprint.,Piece,True,Indirect Services and Materials,Logistics,Fleet Management,"Fuel, Fuel Cards & Management"
,WorkFlowPro,An advanced HR technology platform designed to streamline employee management and enhance productivity through automation and data analytics.,Piece,False,Indirect Services and Materials,Corporate & Professional Services,Human Resources Services,HR Consulting & Technology
,Express Trucking Solutions,Streamline your freight logistics with our efficient FTL and LTL services tailored for time-sensitive deliveries.,Set,True,Indirect Services and Materials,Logistics,Transportation & Freight,"Road Freight (FTL, LTL)"
,FlexiDrive Monthly Lease,Affordable monthly lease option with flexible terms and no long-term commitment.,Set,False,Indirect Services and Materials,Logistics,Fleet Management,Vehicle Leasing & Purchase
,SecureGuard Pro,A state-of-the-art security system offering advanced monitoring and real-time alerts to keep your home or business safe.,Box,True,Indirect Services and Materials,Facility Services,Security Services,Alarm Systems & Monitoring
,SnapView Pro,A sleek dual-screen tablet designed for seamless multitasking and enhanced productivity.,Piece,False,Indirect Services and Materials,IT & Technology,Hardware,"Mobile Devices (Tablets, Smartphones, Accessories)"
,Mastering Sales Strategies,A comprehensive guide to mastering effective sales techniques and strategies.,Set,True,Indirect Services and Materials,Marketing & Sales,Sales Support,Sales Training
,SEO Power Suite Pro,"An all-in-one toolset designed to streamline and enhance your digital marketing efforts, including comprehensive keyword research, backlink analysis, content optimization, and real-time SEO monitoring.",Piece,False,Indirect Services and Materials,Marketing & Sales,Marketing & Advertising,Digital Marketing & SEO/SEM
,Express Road Freight,Reliable and efficient transportation solutions tailored to your business needs.,KG,True,Indirect Services and Materials,Logistics,Transportation & Freight,"Road Freight (FTL, LTL)"
,CoolTech Pro,"A high-efficiency, eco-friendly cooling system designed to enhance comfort and reduce energy consumption.",Set,False,Indirect Services and Materials,Facility Services,Facility Management,Building Maintenance & HVAC
,Ergo-WorkDesk,A versatile office desk designed to enhance productivity and comfort.,Box,False,Indirect Services and Materials,Facility Services,Office Supplies & Services,Office Furniture & Fixtures
,EventFlow Pro,"A comprehensive platform that streamlines event management processes from planning to execution, ensuring seamless coordination and flawless execution of your events.",Box,False,Indirect Services and Materials,Marketing & Sales,Events & Promotions,Event Management & Production
,Strategic Insight Solutions,Unlock your organization's full potential through innovative management strategies and expert consulting services.,KG,False,Indirect Services and Materials,Corporate & Professional Services,Consulting,Management & Strategy Consulting
,HirePro,A comprehensive recruitment platform that streamlines the process of finding and hiring top talent for permanent positions.,Piece,False,Indirect Services and Materials,Corporate & Professional Services,Human Resources Services,"Recruitment & Staffing (Permanent, Temporary)"
,CloudX Pro,A robust cloud hosting solution offering scalable IaaS and PaaS services to support your growing business needs.,Box,False,Indirect Services and Materials,IT & Technology,IT Services & Telecom,"Cloud & Hosting (IaaS, PaaS, SaaS)"
,Flex Lease Solutions,Affordable and flexible leasing options to help you drive your dream vehicle without breaking the bank.,Piece,True,Indirect Services and Materials,Logistics,Fleet Management,Vehicle Leasing & Purchase
,GreenPath Solutions,Comprehensive environmental consulting services to help businesses achieve sustainability goals and reduce their carbon footprint.,Piece,True,Indirect Services and Materials,Corporate & Professional Services,Consulting,Environmental & Sustainability Consulting
,SecureNet Pro Firewall,A robust firewall solution designed to protect your network from unauthorized access and cyber threats.,Set,False,Indirect Services and Materials,IT & Technology,Hardware,"Networking (Routers, Switches, Firewalls)"
,ProcessFlow Pro,"A comprehensive software solution designed to streamline operations, optimize workflows, and enhance process efficiency.",Piece,False,Indirect Services and Materials,Corporate & Professional Services,Consulting,Operations & Process Improvement
,WorkFlow Analytics Pro,A cutting-edge HR technology solution that provides deep insights into workforce efficiency and engagement metrics.,Box,False,Indirect Services and Materials,Corporate & Professional Services,Human Resources Services,HR Consulting & Technology
,Streamlined Order Processing Solutions,Efficiently manage orders and enhance customer satisfaction through our comprehensive value-added services.,KG,False,Indirect Services and Materials,Logistics,Warehousing & Distribution,Order Fulfillment & Value-Added Services
,Swift Drive,A premium car rental service offering stylish vehicles for your next adventure.,Set,True,Indirect Services and Materials,Corporate Travel,Transportation,Car Rentals
,ExpoPro Solutions,Professional trade show booth design and setup services to maximize your event impact.,Piece,False,Indirect Services and Materials,Marketing & Sales,Events & Promotions,Trade Show & Exhibition Services
,Enterprise Cloud Fusion,A cutting-edge data center solution that seamlessly integrates advanced servers and storage capabilities to optimize performance and scalability.,KG,True,Indirect Services and Materials,IT & Technology,Hardware,"Data Center (Servers, Storage)"
,ProTemp Thermostat,A smart thermostat designed to optimize home energy efficiency and comfort.,Set,True,Indirect Services and Materials,Facility Services,Facility Management,Building Maintenance & HVAC
,SocialPulse Analytics,Unlock insights that drive your social media marketing strategy to new heights.,Set,False,Indirect Services and Materials,Marketing & Sales,Marketing & Advertising,Influencer & Social Media Marketing
,TravelGuard Pro,"Comprehensive travel insurance covering trip cancellations, medical emergencies, and emergency evacuations.",Set,True,Indirect Services and Materials,Corporate & Professional Services,Financial Services,"Insurance (Property, Liability, Health, Travel)"
,LegalShield Pro,A comprehensive platform offering expert guidance and resources to navigate complex litigation and dispute resolution processes efficiently.,Set,False,Indirect Services and Materials,Corporate & Professional Services,Legal Services,Litigation & Dispute Resolution
,GardenPro Gnome,A whimsical yet functional gnome figurine that can serve as both an ornamental garden decoration and a practical tool for maintaining your landscaping.,KG,False,Indirect Services and Materials,Facility Services,Facility Management,Landscaping & Groundskeeping
,Guardian Pro Smart Security System,An advanced alarm system combining smart home integration and real-time monitoring to ensure maximum safety for your property.,KG,False,Indirect Services and Materials,Facility Services,Security Services,Alarm Systems & Monitoring
,FleetGuard Pro,"A comprehensive telematics solution that provides real-time location tracking, driver behavior monitoring, and maintenance alerts for enhanced fleet management efficiency.",KG,False,Indirect Services and Materials,Logistics,Fleet Management,Telematics & Fleet Tracking
,DataVision Pro,A powerful business intelligence tool that visualizes data to enhance decision-making processes.,KG,False,Indirect Services and Materials,IT & Technology,Software,"Business Intelligence & Analytics (BI, Data Visualization)"
,MarketMind,A comprehensive platform that tracks brand performance and offers actionable insights to enhance marketing strategies.,Box,True,Indirect Services and Materials,Marketing & Sales,Market Research,Brand Tracking & Analytics
,SecureGuard Elite,Elite security personnel providing round-the-clock protection services to ensure safety and peace of mind.,KG,False,Indirect Services and Materials,Facility Services,Security Services,Manned Guarding
,NetGuard Pro,A robust firewall app that enhances your device's security by blocking unwanted traffic and protecting against data leaks.,Box,True,Indirect Services and Materials,IT & Technology,IT Services & Telecom,"Telecommunications (Mobile, Fixed Line, Internet)"
,BookEase Pro,BookEase Pro is an advanced online booking tool designed to streamline reservations and enhance customer experience.,Box,False,Indirect Services and Materials,Corporate Travel,Travel Management Services,Online Booking Tools (OBTs)
,Elegant Event Solutions,Professional event management services tailored to create unforgettable experiences,KG,False,Indirect Services and Materials,Marketing & Sales,Events & Promotions,Event Management & Production
,MediaLink PR Solutions,A leading public relations firm specializing in innovative media strategies and client-centric communication solutions.,Box,True,Indirect Services and Materials,Marketing & Sales,Marketing & Advertising,Public Relations (PR) Firms
,Brand Boost Partnership,Secure high-value sponsorships that amplify your brand's reach and impact.,Box,False,Indirect Services and Materials,Marketing & Sales,Marketing & Advertising,Sponsorships & Partnerships
,ExpoPro Booth Solutions,Professional exhibition services providing innovative booth designs and interactive solutions to maximize engagement at trade shows.,Set,True,Indirect Services and Materials,Marketing & Sales,Events & Promotions,Trade Show & Exhibition Services
,All-Season Tire Inflator,"A compact device that inflates tires to optimal pressure, ensuring safety and performance.",Piece,False,Indirect Services and Materials,Logistics,Fleet Management,Vehicle Maintenance & Repair
,All-In-One Home Protection Plan,"Comprehensive coverage that combines property insurance, liability protection, and health benefits for a seamless home ownership experience.",Set,False,Indirect Services and Materials,Corporate & Professional Services,Financial Services,"Insurance (Property, Liability, Health, Travel)"
,SalesSpike,Boost your sales by harnessing targeted lead generation strategies tailored to increase conversions and ROI.,Box,False,Indirect Services and Materials,Marketing & Sales,Sales Support,Lead Generation Services
,Express Rail Connect,A premium rail service offering high-speed connections between major cities.,KG,False,Indirect Services and Materials,Corporate Travel,Transportation,Rail Services
,Eco-Friendly Merchandise Solutions,A service offering sustainable packaging and customizable eco-friendly products to enhance your brand's environmental credentials.,Piece,False,Indirect Services and Materials,Marketing & Sales,Sales Support,Merchandising Services
,CloudSphere Pro,"A robust cloud infrastructure solution offering scalable IaaS, comprehensive PaaS features, and integrated SaaS applications for seamless business operations.",KG,False,Indirect Services and Materials,IT & Technology,IT Services & Telecom,"Cloud & Hosting (IaaS, PaaS, SaaS)"
,Elite Security Force,A professional security team offering round-the-clock protection services to ensure safety and peace of mind.,Set,False,Indirect Services and Materials,Facility Services,Security Services,Manned Guarding
,FreshBite Snack Station,"A customizable catering service offering a variety of fresh, healthy snack options perfect for offices or events.",KG,False,Indirect Services and Materials,Facility Services,Office Supplies & Services,Catering & Vending Services
,InsightTrack Pro,Advanced analytics tool providing real-time insights into brand performance across multiple platforms.,Set,False,Indirect Services and Materials,Marketing & Sales,Market Research,Brand Tracking & Analytics
,EcoFriendly Reusable Notebook,"A durable, eco-friendly notebook perfect for taking notes or sketching ideas.",KG,False,Indirect Services and Materials,Facility Services,Office Supplies & Services,Stationery & Consumables
,BrightView Pro HD Projector,A high-definition projector offering crystal-clear visuals for presentations and entertainment.,Piece,False,Indirect Services and Materials,IT & Technology,Hardware,"Audio/Visual Equipment (Projectors, Conferencing Systems)"
,EcoClean Pro,A green cleaning service offering eco-friendly solutions to maintain pristine homes and offices.,KG,True,Indirect Services and Materials,Facility Services,Facility Management,Janitorial & Cleaning Services
,Global Logistics Solutions,A comprehensive freight forwarding and customs brokerage service ensuring seamless international trade operations.,Piece,True,Indirect Services and Materials,Logistics,Transportation & Freight,Freight Forwarding & Customs Brokerage
,StockFlow Pro,"An advanced inventory management system that streamlines stock tracking, automates reordering processes, and provides real-time analytics for optimal inventory control.",Piece,False,Indirect Services and Materials,Logistics,Warehousing & Distribution,Inventory Management Systems
,SharpScan Pro,A high-speed scanner offering professional-grade scanning capabilities with advanced features like automatic document recognition and multi-page merging.,Set,True,Indirect Services and Materials,Facility Services,Office Supplies & Services,Print & Copy Services
,EliteGuard Firewall Pro,A robust firewall solution designed to enhance network security and protect against unauthorized access.,Piece,False,Indirect Services and Materials,IT & Technology,Hardware,"Networking (Routers, Switches, Firewalls)"
,HirePro,A comprehensive recruitment platform that connects employers with top talent through streamlined job posting and candidate management.,Box,False,Indirect Services and Materials,Corporate & Professional Services,Human Resources Services,"Recruitment & Staffing (Permanent, Temporary)"
,Elite Security Force,A top-tier security service offering professional armed guards to protect your premises and assets,Box,False,Indirect Services and Materials,Facility Services,Security Services,Manned Guarding
,Insight Sales Mastery,A comprehensive sales training program designed to enhance your selling skills and boost sales performance.,Piece,False,Indirect Services and Materials,Marketing & Sales,Sales Support,Sales Training
,SecurePay Pro,A robust payment processing solution designed to streamline transactions while ensuring maximum security and user satisfaction.,Piece,False,Indirect Services and Materials,Corporate & Professional Services,Financial Services,Payment Processing
,Wellness Wellness Package,"A comprehensive package designed to promote physical health, mental well-being, and work-life balance for all employees.",Box,False,Indirect Services and Materials,Corporate & Professional Services,Human Resources Services,Employee Welfare & Assistance Programs
,ProcessOptimizer Pro,"An advanced software solution designed to streamline operations, reduce bottlenecks, and enhance overall efficiency across various processes.",Box,False,Indirect Services and Materials,Corporate & Professional Services,Consulting,Operations & Process Improvement
,FreshBite Snack Bar,"A mobile snack bar offering fresh, healthy snacks and beverages to cater events or public spaces.",Piece,False,Indirect Services and Materials,Facility Services,Office Supplies & Services,Catering & Vending Services
,FlexiDrive Lease,Affordable monthly leasing options tailored to your lifestyle needs,Box,False,Indirect Services and Materials,Logistics,Fleet Management,Vehicle Leasing & Purchase
,SafeGuard Pro,A comprehensive security solution that ensures compliance and protects sensitive data across all digital environments.,Piece,False,Indirect Services and Materials,IT & Technology,Software,Security & Compliance Software
,ProPrint Pro,Professional print service offering high-quality printing solutions for all your documents and marketing materials.,KG,False,Indirect Services and Materials,Facility Services,Office Supplies & Services,Print & Copy Services
,SalesForce Pro,An advanced CRM tool designed to streamline sales processes and enhance customer engagement.,KG,False,Indirect Services and Materials,Marketing & Sales,Sales Support,Customer Relationship Management (CRM) Tools
,Global Visa Express,"A comprehensive platform offering personalized visa assistance, expert guidance on immigration processes, and real-time updates to ensure a smooth application experience.",Set,False,Indirect Services and Materials,Corporate Travel,Travel Management Services,Visa & Immigration Support
,Flexi Lease Solutions,Affordable monthly leasing plans tailored to your lifestyle needs.,Box,False,Indirect Services and Materials,Logistics,Fleet Management,Vehicle Leasing & Purchase
,Prime Media Package,"A comprehensive media buying package offering optimized placement across print, broadcast, and digital channels to maximize brand exposure.",Box,True,Indirect Services and Materials,Marketing & Sales,Marketing & Advertising,"Media Buying (Print, Broadcast, Digital)"
,Luxury Car Rental,Experience unparalleled comfort and style with our premium selection of luxury vehicles available for rent at competitive rates.,Box,False,Indirect Services and Materials,Corporate Travel,Transportation,Car Rentals
,SecureGuard Pro,A comprehensive security solution that ensures compliance with industry standards and protects your data from threats.,KG,False,Indirect Services and Materials,IT & Technology,Software,Security & Compliance Software
,CollaboraFlow,A comprehensive productivity suite that streamlines email management and enhances team collaboration through integrated tools.,KG,False,Indirect Services and Materials,IT & Technology,Software,"Productivity & Collaboration Suites (Office, Email)"
,Retail Inventory Optimization Solutions,Streamline your inventory management to reduce costs and increase sales efficiency.,KG,False,Indirect Services and Materials,Marketing & Sales,Sales Support,Merchandising Services
,Luxury Concierge Car Rental,High-end rental service offering personalized attention and access to premium vehicles.,Set,False,Indirect Services and Materials,Corporate Travel,Transportation,Car Rentals
,Global Supply Chain Solutions,Comprehensive third-party logistics services optimizing your supply chain efficiency and cost-effectiveness.,Piece,False,Indirect Services and Materials,Logistics,Warehousing & Distribution,3rd Party Logistics (3PL) Services
,FreshBite Snack Box,"Compact and portable snack boxes offering a variety of healthy, delicious options for on-the-go enjoyment.",Box,False,Indirect Services and Materials,Facility Services,Office Supplies & Services,Catering & Vending Services
,ExpoPro Solutions,"A comprehensive suite of trade show services including booth design, logistics management, and marketing strategies to maximize your event's impact.",KG,False,Indirect Services and Materials,Marketing & Sales,Events & Promotions,Trade Show & Exhibition Services
,EcoClean Pro,A premium eco-friendly cleaning service offering thorough and sustainable cleaning solutions.,Set,True,Indirect Services and Materials,Facility Services,Facility Management,Janitorial & Cleaning Services
,PixelMate Pro,A sleek dual-screen tablet designed for multitasking and productivity.,Set,False,Indirect Services and Materials,IT & Technology,Hardware,"Mobile Devices (Tablets, Smartphones, Accessories)"
,Luxury Stay,Experience unparalleled comfort and elegance in our luxurious accommodations.,Box,False,Indirect Services and Materials,Corporate Travel,Accommodation,Hotels & Chains
,SpeedBoost Pro,An advanced mobile internet booster that enhances your signal strength and speeds for an unparalleled browsing experience.,Piece,False,Indirect Services and Materials,IT & Technology,IT Services & Telecom,"Telecommunications (Mobile, Fixed Line, Internet)"
,SecureGuard Pro,"A comprehensive cybersecurity solution offering advanced penetration testing, real-time monitoring, and a fully staffed Security Operations Center (SOC).",Box,False,Indirect Services and Materials,IT & Technology,IT Services & Telecom,"Cybersecurity Services (Pen Testing, Monitoring, SOC)"
,SalesForce Pro,A comprehensive CRM tool designed to streamline sales processes and enhance customer engagement.,Piece,False,Indirect Services and Materials,Marketing & Sales,Sales Support,Customer Relationship Management (CRM) Tools
,Mastering Sales: The Ultimate Toolkit,"A comprehensive sales training package featuring interactive modules, real-life case studies, and actionable strategies to boost your sales performance.",Piece,False,Indirect Services and Materials,Marketing & Sales,Sales Support,Sales Training
,EcoStay Suites,Modern eco-friendly accommodations offering sustainable amenities and serene environments,KG,False,Indirect Services and Materials,Corporate Travel,Accommodation,Hotels & Chains
,CareerBridge Solutions,A comprehensive recruitment platform offering permanent and temporary staffing solutions tailored to meet diverse organizational needs.,Box,False,Indirect Services and Materials,Corporate & Professional Services,Human Resources Services,"Recruitment & Staffing (Permanent, Temporary)"
,MasterMind Sales Mastery,A comprehensive sales training program designed to enhance your skills and boost your confidence in closing deals.,Piece,False,Indirect Services and Materials,Marketing & Sales,Sales Support,Sales Training
,EcoBin Reusable Bin,"A durable, reusable waste bin designed to streamline recycling processes and reduce plastic waste.",Piece,False,Indirect Services and Materials,Facility Services,Real Estate & Utilities,Waste Management & Recycling
,CoolMaster Pro Thermostat,An advanced thermostat designed to optimize energy efficiency and comfort in residential and commercial buildings.,Piece,False,Indirect Services and Materials,Facility Services,Facility Management,Building Maintenance & HVAC
,Elite Guardian Security,Offering top-tier security services to protect your premises and assets.,Box,True,Indirect Services and Materials,Facility Services,Security Services,Manned Guarding
,Wellness Wellness,"A comprehensive employee wellness program offering health screenings, mental health support, and personalized fitness plans.",Box,False,Indirect Services and Materials,Corporate & Professional Services,Human Resources Services,Employee Welfare & Assistance Programs
,Global Visa Express,A comprehensive online platform offering expert guidance and streamlined processes to simplify visa applications and immigration procedures worldwide.,Box,False,Indirect Services and Materials,Corporate Travel,Travel Management Services,Visa & Immigration Support
,Wellness Hub,"A comprehensive wellness platform offering resources, virtual counseling, and fitness challenges to promote mental and physical health among employees.",KG,False,Indirect Services and Materials,Corporate & Professional Services,Human Resources Services,Employee Welfare & Assistance Programs
,UberX Pro,A premium ride-sharing service offering luxury vehicles and enhanced customer support.,KG,False,Indirect Services and Materials,Corporate Travel,Transportation,Taxi & Ride-Sharing Services
,SkyJet Premier,"The SkyJet Premier offers luxury seating, gourmet meals, and complimentary entertainment on long-haul flights.",Box,False,Indirect Services and Materials,Corporate Travel,Transportation,Airlines
,FlexDrive Lease,Enjoy flexible leasing options tailored to your lifestyle.,Set,False,Indirect Services and Materials,Logistics,Fleet Management,Vehicle Leasing & Purchase
,Eco-Friendly Stationery Set,A set of reusable notebooks and pens designed to reduce paper waste.,Piece,False,Indirect Services and Materials,Marketing & Sales,Sales Support,Merchandising Services
,Optima Enterprise Rack Server,A high-performance server designed to efficiently manage large-scale data operations and storage needs.,Piece,True,Indirect Services and Materials,IT & Technology,Hardware,"Data Center (Servers, Storage)"
,SwiftShip Express,A fast and reliable courier service offering secure delivery solutions for your parcels.,Box,False,Indirect Services and Materials,Logistics,Transportation & Freight,Parcel & Courier Services
,GreenPath Consultants,Specializing in sustainable business practices and environmental impact assessments to help companies reduce their carbon footprint.,KG,False,Indirect Services and Materials,Corporate & Professional Services,Consulting,Environmental & Sustainability Consulting
,Global Logistics Solutions,Efficient freight forwarding and customs brokerage services to streamline your global supply chain operations.,Piece,False,Indirect Services and Materials,Logistics,Transportation & Freight,Freight Forwarding & Customs Brokerage
,Global Visa Navigator,A comprehensive online platform offering step-by-step guidance and tools to streamline your visa application process.,Box,False,Indirect Services and Materials,Corporate Travel,Travel Management Services,Visa & Immigration Support
,SkyStream One-Click Travel,Effortless booking and seamless travel experience tailored to your preferences.,Set,False,Indirect Services and Materials,Corporate Travel,Transportation,Airlines
,DocumentVault Pro,"Securely store, organize, and share your important documents with advanced encryption and user access controls.",Set,False,Indirect Services and Materials,Facility Services,Office Supplies & Services,Mail & Document Management
,CloudSphere Pro,A robust cloud hosting solution offering unlimited storage and bandwidth for businesses of all sizes.,Box,False,Indirect Services and Materials,IT & Technology,IT Services & Telecom,"Cloud & Hosting (IaaS, PaaS, SaaS)"
,Legal Compliance Suite,A comprehensive software solution that streamlines compliance processes for businesses of all sizes.,Set,False,Indirect Services and Materials,Corporate & Professional Services,Legal Services,Corporate & Commercial Law
,SecureGuard Pro,A cutting-edge alarm system that provides comprehensive monitoring and immediate alerts to ensure your home or business is always protected.,Box,False,Indirect Services and Materials,Facility Services,Security Services,Alarm Systems & Monitoring
,LogiMaster Solutions,"Comprehensive third-party logistics services offering end-to-end solutions for inventory management, warehousing, and global shipping.",Box,False,Indirect Services and Materials,Logistics,Warehousing & Distribution,3rd Party Logistics (3PL) Services
,EcoClean Pro,A top-tier cleaning service using eco-friendly products to ensure sparkling clean spaces.,Piece,False,Indirect Services and Materials,Facility Services,Facility Management,Janitorial & Cleaning Services
,TechEdge Solutions,Specializing in strategic IT consulting and seamless implementation to enhance your business efficiency.,Box,False,Indirect Services and Materials,IT & Technology,IT Services & Telecom,IT Consulting & Implementation
,SecureGuard Pro,"Advanced Security & Compliance Software that monitors threats, automates compliance tasks, and ensures data protection for businesses of all sizes.",Set,False,Indirect Services and Materials,IT & Technology,Software,Security & Compliance Software
,SafeGuard Security Solutions,Comprehensive security consulting services to assess risks and implement effective measures tailored to your unique needs.,Box,False,Indirect Services and Materials,Facility Services,Security Services,Security Consulting & Risk Assessment
,Premium AdSpace Pro,"A comprehensive media buying platform offering optimized placements across print, broadcast, and digital channels for enhanced brand visibility.",Piece,True,Indirect Services and Materials,Marketing & Sales,Marketing & Advertising,"Media Buying (Print, Broadcast, Digital)"
,PatentPro Advisor,"An AI-powered platform that simplifies the process of filing, managing, and tracking patent applications.",Box,False,Indirect Services and Materials,Corporate & Professional Services,Legal Services,Intellectual Property & Patents
,SmartStock Pro,"A comprehensive inventory management system that streamlines stock tracking, automates reordering processes, and provides real-time analytics for optimizing supply chain efficiency.",Box,False,Indirect Services and Materials,Logistics,Warehousing & Distribution,Inventory Management Systems
,ProDesign Suite,An advanced CAD software that streamlines engineering and design processes for enhanced productivity.,Box,False,Indirect Services and Materials,IT & Technology,Software,"Engineering & Design (CAD, PLM)"
,Global Trade Solutions,A comprehensive freight forwarding and customs brokerage service streamlining international trade logistics.,KG,False,Indirect Services and Materials,Logistics,Transportation & Freight,Freight Forwarding & Customs Brokerage
,IT Support Pro,A comprehensive suite of managed services that includes helpdesk support and network management for enhanced operational efficiency.,Box,False,Indirect Services and Materials,IT & Technology,IT Services & Telecom,"Managed Services (Helpdesk, Network Management)"
,EcoGuard Lawn Mower,"A durable, eco-friendly lawn mower designed to maintain lush, healthy grass while minimizing environmental impact.",Box,False,Indirect Services and Materials,Facility Services,Facility Management,Landscaping & Groundskeeping
,SecureGuard Pro,"A comprehensive cybersecurity suite offering advanced penetration testing, real-time monitoring, and a fully staffed Security Operations Center to protect your digital assets.",Piece,False,Indirect Services and Materials,IT & Technology,IT Services & Telecom,"Cybersecurity Services (Pen Testing, Monitoring, SOC)"
,Express Freight Solutions,Efficient road freight services tailored to your logistics needs.,Piece,True,Indirect Services and Materials,Logistics,Transportation & Freight,"Road Freight (FTL, LTL)"
,EcoFuel Pro Card,A premium fuel card designed to help businesses save on fuel costs while offering real-time spending tracking and secure transactions.,KG,False,Indirect Services and Materials,Logistics,Fleet Management,"Fuel, Fuel Cards & Management"
,Express Road Freight Service,A reliable service offering efficient FTL and LTL transportation solutions for your cargo needs.,KG,False,Indirect Services and Materials,Logistics,Transportation & Freight,"Road Freight (FTL, LTL)"
,EnergyGuard Pro,A comprehensive fuel management solution that tracks expenses and optimizes spending for businesses.,Set,False,Indirect Services and Materials,Logistics,Fleet Management,"Fuel, Fuel Cards & Management"
,Eco-Friendly Reusable Notebook,"A sustainable notebook made from recycled materials that allows you to jot down notes, plans, and ideas while reducing your environmental footprint.",Set,False,Indirect Services and Materials,Facility Services,Office Supplies & Services,Stationery & Consumables
,Retail Inventory Optimization System,A cutting-edge software solution that enhances inventory management and boosts retail merchandising efficiency.,Piece,True,Indirect Services and Materials,Marketing & Sales,Sales Support,Merchandising Services
,Express Road Freight Solutions,A reliable service offering efficient FTL and LTL shipping solutions to streamline your logistics needs.,Set,False,Indirect Services and Materials,Logistics,Transportation & Freight,"Road Freight (FTL, LTL)"
,Garden Oasis Sprinkler System,"A durable and efficient sprinkler system designed to maintain lush, green lawns effortlessly.",Set,False,Indirect Services and Materials,Facility Services,Facility Management,Landscaping & Groundskeeping
,Insight Sentinel,A comprehensive competitor intelligence service providing real-time data analysis and strategic insights to stay ahead of market trends.,Box,True,Indirect Services and Materials,Marketing & Sales,Market Research,Competitor Intelligence Services
,Eco-Friendly Water Bottle,A stylish reusable water bottle made from sustainable materials to promote environmental awareness.,Box,False,Indirect Services and Materials,Marketing & Sales,Events & Promotions,Promotional Goods & Branded Merchandise
,SecureGuard Pro,A comprehensive security solution that ensures compliance with industry standards and protects your data from threats.,Set,False,Indirect Services and Materials,IT & Technology,Software,Security & Compliance Software
,SkyJet Express,An eco-friendly airline offering comfortable seating and affordable fares.,Box,False,Indirect Services and Materials,Corporate Travel,Transportation,Airlines
,Leadership Mastery Course,Unlock your potential as an effective leader through practical exercises and expert insights.,Box,False,Indirect Services and Materials,Corporate & Professional Services,Human Resources Services,Training & Development
,CloudConnect Support,A comprehensive suite of managed services including helpdesk support and network management to ensure your IT infrastructure runs smoothly.,KG,True,Indirect Services and Materials,IT & Technology,IT Services & Telecom,"Managed Services (Helpdesk, Network Management)"
,Wellness Wellness,"A comprehensive employee wellness program offering health screenings, fitness classes, and mental health support.",KG,False,Indirect Services and Materials,Corporate & Professional Services,Human Resources Services,Employee Welfare & Assistance Programs
,IntelliBiz Suite,A comprehensive suite of enterprise applications designed to streamline business processes and enhance customer relationships.,KG,False,Indirect Services and Materials,IT & Technology,Software,"Enterprise Applications (ERP, CRM, SCM)"
,SpendTrack Pro,"A comprehensive expense management software that simplifies tracking, categorizing, and reporting business expenses.",KG,False,Indirect Services and Materials,Corporate Travel,Travel Management Services,Expense Management Software
,Career Accelerator Masterclass,A comprehensive online course designed to accelerate your career growth through proven strategies and expert insights.,Set,True,Indirect Services and Materials,Corporate & Professional Services,Human Resources Services,Training & Development
,ProcessFlow Pro,A comprehensive software solution designed to streamline operations and enhance process efficiency.,Set,False,Indirect Services and Materials,Corporate & Professional Services,Consulting,Operations & Process Improvement
,Scalable Cloud Server Suite,A flexible server solution designed to support seamless scaling and efficient data management for modern enterprises.,KG,False,Indirect Services and Materials,IT & Technology,Hardware,"Data Center (Servers, Storage)"
,Premium Ink Gel Pens Set,"High-quality gel pens with smooth ink flow and vibrant colors, perfect for writing notes or adding flair to your projects.",Box,False,Indirect Services and Materials,Facility Services,Office Supplies & Services,Stationery & Consumables
,DataInsight Dashboard Pro,A powerful business intelligence tool that transforms raw data into actionable insights through advanced analytics and interactive visualizations.,Piece,False,Indirect Services and Materials,IT & Technology,Software,"Business Intelligence & Analytics (BI, Data Visualization)"
,Strategic Growth Solutions,A comprehensive management consulting firm dedicated to driving sustainable business growth through innovative strategies and expert guidance.,Piece,False,Indirect Services and Materials,Corporate & Professional Services,Consulting,Management & Strategy Consulting
,ErgoFlex Task Chair,"A comfortable, adjustable office chair designed to support long hours of sitting and enhance productivity.",Piece,False,Indirect Services and Materials,Facility Services,Office Supplies & Services,Office Furniture & Fixtures
,SalaryPro,"A comprehensive payroll solution that simplifies salary calculations, tax filings, and benefits management for businesses of all sizes.",KG,False,Indirect Services and Materials,Corporate & Professional Services,Human Resources Services,Payroll & Benefits Administration
,Wellness Hub,"A comprehensive employee wellness platform offering fitness challenges, mental health resources, and personalized health coaching.",Set,True,Indirect Services and Materials,Corporate & Professional Services,Human Resources Services,Employee Welfare & Assistance Programs
,Global Impact Alliance,Empower your brand's reach by aligning with organizations dedicated to making a positive global impact.,KG,False,Indirect Services and Materials,Marketing & Sales,Marketing & Advertising,Sponsorships & Partnerships
,Global Freight Solutions,A comprehensive freight forwarding and customs brokerage service ensuring seamless international logistics.,Piece,False,Indirect Services and Materials,Logistics,Transportation & Freight,Freight Forwarding & Customs Brokerage
,SecurePay Pro,A reliable payment processing solution designed to secure your transactions and streamline financial operations.,Box,False,Indirect Services and Materials,Corporate & Professional Services,Financial Services,Payment Processing
,Pro-Clenx Engine Degreaser,"A powerful engine degreaser that effectively cleans and prevents buildup, ensuring optimal performance for your vehicle's engine.",KG,False,Indirect Services and Materials,Logistics,Fleet Management,Vehicle Maintenance & Repair
,PatentPro Software Suite,"A comprehensive software suite designed to streamline patent filing, management, and protection processes.",Box,False,Indirect Services and Materials,Corporate & Professional Services,Legal Services,Intellectual Property & Patents
,OceanStream Air Freight Tracker,A comprehensive platform that monitors real-time tracking and delivery statuses of air freight shipments.,Box,False,Indirect Services and Materials,Logistics,Transportation & Freight,Air & Ocean Freight
,TechSolutions Pro,Expert IT consulting services tailored to enhance your organization's digital capabilities and drive innovation.,Box,False,Indirect Services and Materials,IT & Technology,IT Services & Telecom,IT Consulting & Implementation
,SecureGuard Pro,"A comprehensive cybersecurity service offering penetration testing, real-time monitoring, and a dedicated Security Operations Center to ensure your digital assets remain protected.",Piece,True,Indirect Services and Materials,IT & Technology,IT Services & Telecom,"Cybersecurity Services (Pen Testing, Monitoring, SOC)"
,ProcessFlow Pro,An advanced software solution designed to streamline operations and enhance process efficiency across various departments.,KG,False,Indirect Services and Materials,Corporate & Professional Services,Consulting,Operations & Process Improvement
,WorkFlowPro HR Analytics,A cutting-edge HR consulting platform that leverages advanced analytics to optimize workforce management and enhance organizational performance.,KG,True,Indirect Services and Materials,Corporate & Professional Services,Human Resources Services,HR Consulting & Technology
,SpendSmart,"SpendSmart is an intuitive expense management software that simplifies tracking and categorizing business expenses, ensuring compliance and optimizing budgets.",Piece,True,Indirect Services and Materials,Corporate Travel,Travel Management Services,Expense Management Software
,SleekDrive Compact Rental,A stylish and efficient compact car rental perfect for urban exploration.,Piece,False,Indirect Services and Materials,Corporate Travel,Transportation,Car Rentals
,EcoDrive Lease,Affordable eco-friendly leasing options for stylish and fuel-efficient vehicles.,Piece,False,Indirect Services and Materials,Logistics,Fleet Management,Vehicle Leasing & Purchase
,LegalCaseManager,"An advanced software solution designed to streamline litigation and dispute resolution processes, enhancing efficiency and accuracy.",Box,False,Indirect Services and Materials,Corporate & Professional Services,Legal Services,Litigation & Dispute Resolution
,SpendingSync,A user-friendly expense management software that simplifies tracking and categorizing personal or business expenses.,KG,True,Indirect Services and Materials,Corporate Travel,Travel Management Services,Expense Management Software
,FreshBite Catering,"Providing fresh, delicious food options for any event or office environment.",Piece,False,Indirect Services and Materials,Facility Services,Office Supplies & Services,Catering & Vending Services
,NetGuard Firewall Pro,A robust and secure firewall solution designed to protect your network from cyber threats while optimizing performance.,Set,False,Indirect Services and Materials,IT & Technology,Hardware,"Networking (Routers, Switches, Firewalls)"
,SocialBuzz Pro,"A comprehensive toolset designed to enhance your influencer marketing strategy, offering analytics, content optimization, and engagement tracking.",Piece,False,Indirect Services and Materials,Marketing & Sales,Marketing & Advertising,Influencer & Social Media Marketing
,Commuter Express,"An efficient and eco-friendly rail service designed to connect urban centers to suburban areas, offering comfortable seating and real-time updates.",KG,False,Indirect Services and Materials,Corporate Travel,Transportation,Rail Services
,Retail Space Maximizer,A comprehensive merchandising service that optimizes store layouts to enhance customer shopping experience and boost sales.,KG,False,Indirect Services and Materials,Marketing & Sales,Sales Support,Merchandising Services
,PatentPro Advisor,"A comprehensive tool that simplifies the process of filing and managing patents, ensuring your innovations are protected effectively.",Set,False,Indirect Services and Materials,Corporate & Professional Services,Legal Services,Intellectual Property & Patents
,EcoBin Pro,"A durable, stackable recycling bin designed to simplify waste management and promote sustainable living.",Piece,False,Indirect Services and Materials,Facility Services,Real Estate & Utilities,Waste Management & Recycling
,Compact Printer Pro,"A versatile, high-speed printer perfect for home or office use.",Piece,False,Indirect Services and Materials,IT & Technology,Hardware,"Peripherals & Accessories (Printers, Keyboards)"
,Eco-Friendly Merchandise Solutions,Offering sustainable packaging options and eco-conscious designs to enhance your brand's visibility while reducing environmental impact.,KG,False,Indirect Services and Materials,Marketing & Sales,Sales Support,Merchandising Services
,SecureNet Firewall,A robust firewall solution that ensures data protection and compliance with industry standards.,Box,False,Indirect Services and Materials,IT & Technology,Software,Security & Compliance Software
,Professional Print Solutions,"A comprehensive service offering high-quality printing, copying, and scanning to meet all your document needs.",Set,False,Indirect Services and Materials,Facility Services,Office Supplies & Services,Print & Copy Services
,Architectural Insight Suite,An advanced suite of tools designed to enhance architectural design and project management capabilities.,Set,False,Indirect Services and Materials,IT & Technology,Software,"Engineering & Design (CAD, PLM)"
,GreenPath Solutions,Expert environmental consulting services dedicated to helping businesses achieve sustainability goals and reduce their ecological footprint.,KG,False,Indirect Services and Materials,Corporate & Professional Services,Consulting,Environmental & Sustainability Consulting
,Global Visa Assistance,A comprehensive service offering expert guidance on visa applications and immigration processes worldwide.,Piece,False,Indirect Services and Materials,Corporate Travel,Travel Management Services,Visa & Immigration Support
,EcoDrive Monthly Plan,A budget-friendly monthly lease option offering reliable vehicles and eco-friendly features.,Set,False,Indirect Services and Materials,Logistics,Fleet Management,Vehicle Leasing & Purchase
,TrackMaster Pro,A comprehensive analytics tool that monitors brand performance across multiple platforms and provides actionable insights to enhance marketing strategies.,Set,False,Indirect Services and Materials,Marketing & Sales,Market Research,Brand Tracking & Analytics
,SkyConnect TMC,A leading travel management company offering comprehensive solutions to streamline business travel and enhance operational efficiency.,KG,False,Indirect Services and Materials,Corporate Travel,Travel Management Services,Travel Management Companies (TMCs)
,EcoGarden Pro,A versatile all-in-one tool designed to simplify your landscaping and groundskeeping tasks while promoting sustainable gardening practices.,Box,False,Indirect Services and Materials,Facility Services,Facility Management,Landscaping & Groundskeeping
,Eco-Friendly Merchandise Solutions,A sustainable merchandising service offering eco-conscious products and packaging options to enhance brand image.,Box,True,Indirect Services and Materials,Marketing & Sales,Sales Support,Merchandising Services
,LumaTouch Pro,A high-performance tablet designed to enhance productivity and entertainment on-the-go.,Set,False,Indirect Services and Materials,IT & Technology,Hardware,"Mobile Devices (Tablets, Smartphones, Accessories)"
,Engine Diagnostics Pro,A state-of-the-art diagnostic tool that provides detailed insights into your vehicle's engine health and performance.,Piece,True,Indirect Services and Materials,Logistics,Fleet Management,Vehicle Maintenance & Repair
,ProcessFlow Optimizer,An advanced tool designed to streamline and enhance operational processes through automated analytics and workflow customization.,Set,False,Indirect Services and Materials,Corporate & Professional Services,Consulting,Operations & Process Improvement
,LeadWave Solutions,Specializing in generating high-quality leads through targeted marketing strategies and data-driven insights.,Set,False,Indirect Services and Materials,Marketing & Sales,Sales Support,Lead Generation Services
,CloudSphere Enterprise Suite,A comprehensive set of cloud-based applications designed to streamline business processes and enhance collaboration across departments.,Piece,True,Indirect Services and Materials,IT & Technology,Software,"Enterprise Applications (ERP, CRM, SCM)"
,Sunrise Luxury Suites,Offering elegant accommodations with modern amenities in prime locations for both business and leisure travelers.,KG,False,Indirect Services and Materials,Corporate Travel,Accommodation,Hotels & Chains
,ErgoFlex Office Chair,A comfortable office chair designed to promote good posture and enhance productivity.,KG,True,Indirect Services and Materials,Facility Services,Office Supplies & Services,Office Furniture & Fixtures
,HRPro Payroll Suite,"A comprehensive payroll management system designed to streamline pay calculations, tax filings, and employee benefits administration.",Box,False,Indirect Services and Materials,Corporate & Professional Services,Human Resources Services,Payroll & Benefits Administration
,Mindspark Creative Studio,A full-service agency specializing in innovative content creation and branding solutions that elevate your brand's presence.,KG,False,Indirect Services and Materials,Marketing & Sales,Marketing & Advertising,"Creative, Content & Branding Agencies"
,Global Visa Assistance,Comprehensive support services to help you navigate visa applications and requirements worldwide.,Piece,True,Indirect Services and Materials,Corporate Travel,Travel Management Services,Visa & Immigration Support
,SmartPulse Inventory,"An intelligent system that automates inventory tracking, reduces stockouts, and optimizes reorder points.",KG,False,Indirect Services and Materials,Logistics,Warehousing & Distribution,Inventory Management Systems
,SecureGuard Pro,Advanced access control system providing real-time monitoring and multi-factor authentication to ensure only authorized personnel can enter restricted areas.,Box,False,Indirect Services and Materials,Facility Services,Security Services,Access Control Systems
,AdMaster Pro,"A comprehensive platform that streamlines media buying across print, broadcast, and digital channels for optimal campaign performance.",Box,False,Indirect Services and Materials,Marketing & Sales,Marketing & Advertising,"Media Buying (Print, Broadcast, Digital)"
,Streamline Media Solutions,"Offering comprehensive media buying services across print, broadcast, and digital platforms to optimize your marketing reach and ROI.",Piece,True,Indirect Services and Materials,Marketing & Sales,Marketing & Advertising,"Media Buying (Print, Broadcast, Digital)"
,ExpoPro Booth Solutions,Professional booth design and setup services to maximize your presence at trade shows and exhibitions.,Box,False,Indirect Services and Materials,Marketing & Sales,Events & Promotions,Trade Show & Exhibition Services
,SecureDoc Pro,A cutting-edge mail and document management system that ensures secure storage and easy retrieval of sensitive information.,Piece,True,Indirect Services and Materials,Facility Services,Office Supplies & Services,Mail & Document Management
,Legal Compliance Suite,A comprehensive toolset designed to streamline compliance processes for businesses of all sizes.,Box,True,Indirect Services and Materials,Corporate & Professional Services,Legal Services,Corporate & Commercial Law
,Strategic Growth Solutions,A leading management consulting firm specializing in innovative strategies to drive business growth and operational excellence.,Piece,True,Indirect Services and Materials,Corporate & Professional Services,Consulting,Management & Strategy Consulting
,StreamlineSuite Pro,A comprehensive productivity and collaboration suite designed to enhance team communication and workflow efficiency.,KG,False,Indirect Services and Materials,IT & Technology,Software,"Productivity & Collaboration Suites (Office, Email)"
,SocialFlow Insights,A comprehensive analytics tool that helps influencers and brands optimize their social media marketing strategies for maximum engagement.,Box,False,Indirect Services and Materials,Marketing & Sales,Marketing & Advertising,Influencer & Social Media Marketing
,GuardPro Elite,A state-of-the-art manned guarding solution providing unparalleled security and peace of mind.,Set,False,Indirect Services and Materials,Facility Services,Security Services,Manned Guarding
,SecureGuard Pro,"Advanced cybersecurity solution offering continuous monitoring, penetration testing, and real-time threat detection to protect your digital assets.",KG,True,Indirect Services and Materials,IT & Technology,IT Services & Telecom,"Cybersecurity Services (Pen Testing, Monitoring, SOC)"
,SecurePay Pro,A robust payment processing solution designed to enhance security while ensuring seamless transactions.,KG,True,Indirect Services and Materials,Corporate & Professional Services,Financial Services,Payment Processing
,PatentPro Advisor,"An advanced AI-driven platform that streamlines patent filing, monitoring, and management processes to enhance intellectual property protection.",Box,False,Indirect Services and Materials,Corporate & Professional Services,Legal Services,Intellectual Property & Patents
,Global Logistics Solutions,Offering comprehensive logistics management to streamline your supply chain operations globally.,Box,False,Indirect Services and Materials,Logistics,Warehousing & Distribution,3rd Party Logistics (3PL) Services
,SecurePath Advisors,Comprehensive security consulting services to assess risks and develop tailored strategies for enhanced protection.,Box,False,Indirect Services and Materials,Facility Services,Security Services,Security Consulting & Risk Assessment
,CargoLink Express,An advanced logistics platform providing real-time tracking and optimized routing solutions for both FTL and LTL shipments.,KG,False,Indirect Services and Materials,Logistics,Transportation & Freight,"Road Freight (FTL, LTL)"
,SecureVault Treasury Solutions,Advanced banking services offering secure investment management and risk assessment tools.,KG,False,Indirect Services and Materials,Corporate & Professional Services,Financial Services,Banking & Treasury Services
,Artful Solutions Agency,Specializing in innovative branding strategies and compelling visual content to elevate your brand's presence.,Piece,False,Indirect Services and Materials,Marketing & Sales,Marketing & Advertising,"Creative, Content & Branding Agencies"
,Comprehensive Financial Advisory Solutions,"A full suite of accounting, tax, and advisory services designed to optimize your financial health and compliance.",KG,True,Indirect Services and Materials,Corporate & Professional Services,Financial Services,"Audit, Tax & Advisory Services"
,Ocean View Stay,A modern serviced apartment offering stunning ocean views and all amenities needed for an unforgettable stay.,Piece,False,Indirect Services and Materials,Corporate Travel,Accommodation,Serviced Apartments
,Express Delivery Service,"A premium parcel delivery service offering fast, reliable, and secure shipping solutions for businesses and individuals.",KG,False,Indirect Services and Materials,Logistics,Transportation & Freight,Parcel & Courier Services
,TechVision Solutions,Expert IT consulting services to drive your organization's digital transformation and optimize technology infrastructure.,Set,False,Indirect Services and Materials,IT & Technology,IT Services & Telecom,IT Consulting & Implementation
,SecureLife Insurance,"A comprehensive insurance solution offering property protection, liability coverage, health benefits, and travel safety for individuals and families.",Set,False,Indirect Services and Materials,Corporate & Professional Services,Financial Services,"Insurance (Property, Liability, Health, Travel)"
,Streamlined Order Fulfillment Solutions,Enhance your logistics and delivery processes with our comprehensive order fulfillment services.,Set,False,Indirect Services and Materials,Logistics,Warehousing & Distribution,Order Fulfillment & Value-Added Services
,SecureGuard Pro,A state-of-the-art access control system that ensures secure entry and monitoring of restricted areas.,KG,True,Indirect Services and Materials,Facility Services,Security Services,Access Control Systems
,DocuSecure,A secure and efficient system for managing sensitive documents and emails.,Piece,False,Indirect Services and Materials,Facility Services,Office Supplies & Services,Mail & Document Management
,SecureVault Storage,Modern climate-controlled warehouse units offering top-tier security features for your valuable goods.,Box,False,Indirect Services and Materials,Logistics,Warehousing & Distribution,Warehouse Rental & Storage
,Luxury Fleet Rental,A collection of high-end vehicles available for rent to ensure your travel experience is both luxurious and unforgettable.,Set,True,Indirect Services and Materials,Corporate Travel,Transportation,Car Rentals
,FreshBite Delights,"A premium catering service offering gourmet meals and refreshments tailored to any event, ensuring delightful experiences for all guests.",Set,False,Indirect Services and Materials,Facility Services,Office Supplies & Services,Catering & Vending Services
,SalesHawk CRM,An intuitive CRM tool designed to streamline sales processes and enhance customer engagement.,Set,False,Indirect Services and Materials,Marketing & Sales,Sales Support,Customer Relationship Management (CRM) Tools
