orderNumber,supplierVendorCode,orderTotalValue,dateIssued,orderStatus,category,campaign_id,description,deliveryDate,productSku,quantity,unitPrice,item,dateChanged,approvedBy,still_to_be_delivered_qty,still_to_be_delivered_value,still_to_be_invoiced_qty,still_to_be_invoiced_value,contractReference,paymentTerms,requisitioner,costCenter
PO-0583355019,SUP-89ada60c,63626.02,2024-04-25 23:47:57,completed,Motors & Pumps,,A high-performance electric motor designed for industrial applications requiring reliability and efficiency.,2025-11-14 23:47:57,PROD-569e5f,1,63626.02,1,2024-05-14 23:47:57,Andrew Brown,0,0.0,0,0.0,CTR-d3dbd65111,Net 60,John Wright,CC-151
PO-8c6058e45c,SUP-370d249a,52367.31,2025-10-30 00:02:22,completed,"Resins (PET, HDPE)",CAMP-020,High-quality PET resin ideal for producing durable plastic containers and bottles.,2025-12-09 00:02:22,PROD-cc00c6,1,52367.31,1,2025-11-03 00:02:22,Joseph Chen,0,0.0,0,0.0,,Net 30,Krista Murray,CC-164
PO-6a94eb4092,SUP-dcb82063,9947.01,2024-04-12 00:14:11,completed,Molds & Patterns,,A high-quality mold kit designed to provide accurate and durable molds for various crafting projects.,2025-07-23 00:14:11,PROD-41b13e,1,9947.01,1,2024-04-21 00:14:11,Tara Schwartz,0,0.0,0,0.0,,Net 30,Laura Camacho,CC-136
PO-f562507651,SUP-079df3c3,14626.56,2025-09-26 00:00:15,completed,Glassware & Plasticware,,A stylish set of premium glassware perfect for any dining occasion.,2025-10-12 00:00:15,PROD-efb0ef,1,14626.56,1,2025-10-25 00:00:15,Sarah Wu,0,0.0,0,0.0,CTR-36f0db3bf1,Net 30,Scott Pace,CC-171
PO-f62e596fa1,SUP-2fd5614d,6097.96,2023-11-29 00:05:20,completed,Processing Equipment,,A high-speed processor designed to enhance efficiency and performance in various industrial applications.,2023-12-10 00:05:20,PROD-85ab70,1,6097.96,1,2023-12-08 00:05:20,Tamara Ortega,0,0.0,0,0.0,,Net 90,Brandon White,CC-107
PO-f07e9af07c,SUP-3ce24001,3894.81,2023-04-28 23:44:12,completed,CNC Machines & Lathes,CAMP-011,A high-precision CNC lathe machine designed for efficient and accurate machining of metal components.,2023-06-25 23:44:12,PROD-feb520,1,3894.81,1,2023-05-10 23:44:12,Patrick Lawson,0,0.0,0,0.0,,Net 90,Clarence Moore,CC-179
PO-deba30f7e9,SUP-7b629e8f,29334.19,2025-11-24 23:54:46,completed,Forklifts & Pallet Jacks,CAMP-010,A robust and efficient industrial forklift designed for heavy-duty material handling tasks.,2025-12-11 23:54:46,PROD-6c9fa7,1,29334.19,1,2025-11-29 23:54:46,David Hoffman,0,0.0,0,0.0,CTR-4743d830c5,Net 60,David Lane,CC-167
PO-02f971cb37,SUP-9d317167,150000.0,2025-12-26 23:56:53,completed,"Safety Gloves, Goggles & Hard Hats",,"Durable safety gloves, goggles, and hard hats designed to protect your hands, eyes, and head during hazardous work environments.",2026-02-23 23:56:53,PROD-e519b4,1,150000.0,1,2026-01-08 23:56:53,Ricardo Jefferson,0,0.0,0,0.0,,Net 30,Michael Parker,CC-126
PO-265df61324,SUP-367a66a5,150000.0,2023-05-26 00:02:13,completed,Intellectual Property & Patents,,"An advanced AI-powered tool that simplifies patent filing, monitoring, and enforcement processes.",2023-06-15 00:02:13,PROD-b9bd93,1,150000.0,1,2023-06-11 00:02:13,Patricia Harvey,0,0.0,0,0.0,,Net 60,Carol Fowler,CC-110
PO-f36ca008b5,SUP-01f93fb5,24035.72,2025-11-27 00:05:13,pending,"Non-Ferrous Metals (Aluminum, Copper, Lithium)",,High-quality copper coil springs designed for durability and flexibility.,2026-01-23 00:05:13,PROD-f8ef5e,1,24035.72,1,2025-12-07 00:05:13,Robert Hamilton,0,0.0,0,0.0,,Net 30,Heather Brown,CC-104
PO-3fe9543064,SUP-469e0830,150000.0,2024-12-27 23:53:40,completed,Oils & Fats,CAMP-001,"A premium, cold-pressed olive oil perfect for cooking and enhancing your favorite dishes.",2025-09-05 23:53:40,PROD-de7ded,1,150000.0,1,2025-01-13 23:53:40,Gabriel Wheeler,0,0.0,0,0.0,,Net 90,Rachel Mitchell,CC-142
PO-657ab2bc7f,SUP-53a4d4ee,150000.0,2024-08-23 00:11:42,completed,"Peripherals & Accessories (Printers, Keyboards)",CAMP-008,A set of eco-friendly accessories designed to enhance your printing experience while reducing environmental impact.,2025-04-02 00:11:42,PROD-9dc125,1,150000.0,1,2024-08-25 00:11:42,Andrew Dawson,0,0.0,0,0.0,CTR-8ac6b3e679,Net 60,April Morris,CC-113
PO-086a23f83a,SUP-5a0d18b0,8952.93,2023-12-05 00:08:00,completed,Abrasives & Welding Supplies,,High-quality abrasive grinding disc suitable for precision metal removal and surface finishing.,2023-12-26 00:08:00,PROD-fcc722,1,8952.93,1,2023-12-09 00:08:00,Robert Watts,0,0.0,0,0.0,,Net 60,Kayla Howard,CC-132
PO-f91bc0ee0d,SUP-86769f90,150000.0,2023-06-19 23:55:57,completed,"Data, Surveys & Analysis",CAMP-018,A comprehensive platform offering advanced data analysis tools and survey templates to streamline your research process.,2023-08-02 23:55:57,PROD-095e83,1,150000.0,1,2023-07-07 23:55:57,Jerry Cooper,0,0.0,0,0.0,CTR-7e811e80e9,Net 30,Sabrina Travis,CC-137
PO-6e2e9358d9,SUP-08d1195f,18516.8,2024-03-05 23:47:31,completed,Molds & Patterns,,A high-quality mold kit designed to provide accurate and durable molds for various crafting projects.,2025-08-06 23:47:31,PROD-41b13e,1,18516.8,1,2024-03-11 23:47:31,Maureen Dougherty,0,0.0,0,0.0,,Net 30,Rebecca Oneal,CC-140
PO-6f62f5e9f1,SUP-25229fbe,27959.31,2024-10-10 23:50:47,completed,"General Industrial Spares (Valves, Belts)",,High-quality steel valve assembly designed for reliable performance in industrial applications.,2025-11-23 23:50:47,PROD-37b68c,1,27959.31,1,2024-10-17 23:50:47,Daniel Woods,0,0.0,0,0.0,,Net 60,Matthew Fletcher,CC-176
PO-d00dd80e98,SUP-b0bf7037,150000.0,2025-08-22 00:13:20,approved,Processing Equipment,CAMP-019,A versatile cutting machine designed for precision tasks in manufacturing environments.,2025-10-07 00:13:20,PROD-64ad85,1,150000.0,1,2025-09-08 00:13:20,Tyler Edwards,0,0.0,0,0.0,CTR-d9a667bd12,Net 60,Mitchell Murphy,CC-171
PO-e3f15f4338,SUP-df3be7dc,150000.0,2025-01-31 00:12:54,approved,"Recruitment & Staffing (Permanent, Temporary)",CAMP-015,A comprehensive platform offering streamlined recruitment solutions for both permanent and temporary staffing needs.,2025-03-06 00:12:54,PROD-4b1177,1,150000.0,1,2025-02-02 00:12:54,Amanda Austin,0,0.0,0,0.0,,Net 90,Caleb Johnson,CC-147
PO-511fc9d2b3,SUP-e987fae9,14321.01,2024-10-30 23:57:07,completed,Abrasives & Welding Supplies,CAMP-028,High-quality grinding wheel designed for efficient material removal and surface finishing.,2025-04-18 23:57:07,PROD-69b9ac,1,14321.01,1,2024-11-16 23:57:07,Diamond Glenn,0,0.0,0,0.0,CTR-e3cf41df2c,Net 30,Melissa Reyes,CC-163
PO-76227e84c1,SUP-89ada60c,150000.0,2024-06-27 00:06:07,completed,Merchandising Services,,A comprehensive merchandising service that optimizes inventory and enhances sales through data-driven strategies.,2025-10-15 00:06:07,PROD-8cf522,1,150000.0,1,2024-07-09 00:06:07,Michael Mccullough,0,0.0,0,0.0,,Net 60,Tracy Shields,CC-132
PO-82655c33d4,SUP-b87367a4,6615.19,2025-10-13 00:12:04,approved,Abrasives & Welding Supplies,,"High-quality abrasive disc perfect for smoothing and shaping metal surfaces, ideal for welding and automotive applications.",2025-11-15 00:12:04,PROD-531405,1,6615.19,1,2025-10-15 00:12:04,James Andrews,0,0.0,0,0.0,CTR-7da0f0815d,Net 90,Christine Hernandez,CC-129
PO-045e199f2b,SUP-a204ecaf,150000.0,2023-10-20 00:13:32,completed,Car Rentals,,A premium car rental service offering top-tier vehicles with seamless booking and flexible rental options.,2023-11-22 00:13:32,PROD-812614,1,150000.0,1,2023-10-21 00:13:32,Margaret Jones,0,0.0,0,0.0,,Net 30,Zachary Fleming,CC-100
PO-0ea1b5270b,SUP-a2410af9,150000.0,2023-11-10 23:55:40,completed,Office Furniture & Fixtures,CAMP-016,A premium ergonomic office chair designed to enhance comfort and productivity.,2024-01-01 23:55:40,PROD-00fe94,1,150000.0,1,2023-11-29 23:55:40,Cynthia Hayes,0,0.0,0,0.0,CTR-bd696f5ac6,Net 30,Timothy Shelton,CC-141
PO-265fb85b92,SUP-a60d618a,25723.78,2024-06-28 23:50:55,completed,Processing Equipment,CAMP-027,A versatile cutting machine designed for precision tasks in manufacturing environments.,2025-11-01 23:50:55,PROD-64ad85,1,25723.78,1,2024-07-13 23:50:55,Julie Martinez,0,0.0,0,0.0,,Net 90,Matthew Stevens,CC-151
PO-b2951c4e02,SUP-a60d618a,6017.51,2025-07-26 00:15:10,completed,Measurement & Testing Instruments,CAMP-009,A precise digital multimeter designed for accurate voltage and resistance measurements.,2025-09-18 00:15:10,PROD-ab8b3a,1,6017.51,1,2025-07-28 00:15:10,Anthony Jones,0,0.0,0,0.0,,Net 90,Kirk Hayes,CC-148
PO-eef93ae57b,SUP-582db558,27862.19,2023-09-28 00:06:45,completed,Bulk & Specialty Chemicals,,Premium bulk specialty chemicals designed for high-performance laboratory and industrial applications.,2023-10-26 00:06:45,PROD-fe7369,1,27862.19,1,2023-09-30 00:06:45,Sara Solis,0,0.0,0,0.0,CTR-bb3000d1da,Net 90,Anne Carroll,CC-154
PO-10c9f6e706,SUP-e5263d4c,150000.0,2023-06-26 23:51:01,completed,Energy Management & Sustainability Services,CAMP-018,Optimize your energy usage and reduce costs with sustainable practices tailored to your business.,2023-07-22 23:51:01,PROD-09ed6b,1,150000.0,1,2023-07-16 23:51:01,Jamie Allen,0,0.0,0,0.0,,Net 90,Brandon Wright,CC-139
PO-f8799da00d,SUP-558dded2,89131.26,2023-06-23 00:02:22,completed,Bearings & Gears,CAMP-013,"A high-quality, durable roller bearing designed to enhance machinery performance and reduce friction.",2023-08-03 00:02:22,PROD-64756c,1,89131.26,1,2023-07-13 00:02:22,Melissa Johnson,0,0.0,0,0.0,,Net 90,Lisa Jackson,CC-172
PO-396ab98458,SUP-b05d574a,5704.61,2023-05-31 00:02:44,completed,Abrasives & Welding Supplies,,"High-quality abrasive disc perfect for smoothing and shaping metal surfaces, ideal for welding and automotive applications.",2023-06-24 00:02:44,PROD-531405,1,5704.61,1,2023-06-28 00:02:44,Keith Lowery,0,0.0,0,0.0,,Net 60,Kayla Mann,CC-150
PO-f981d1f12a,SUP-53a4d4ee,36545.46,2024-04-30 00:13:35,completed,Forklifts & Pallet Jacks,,A robust and efficient forklift designed for heavy-duty industrial use.,2025-04-23 00:13:35,PROD-215cd6,1,36545.46,1,2024-05-23 00:13:35,Tracey Hamilton,0,0.0,0,0.0,CTR-87056de5f3,Net 60,Michael Williams,CC-131
PO-2447dcba1c,SUP-e9616727,150000.0,2025-09-01 23:59:37,approved,Semiconductors & Integrated Circuits,CAMP-017,A high-performance integrated circuit designed for advanced semiconductor applications.,2025-10-23 23:59:37,PROD-33fd4e,1,150000.0,1,2025-09-07 23:59:37,Justin Sanders,0,0.0,0,0.0,CTR-8319f15d56,Net 30,Brendan Cohen,CC-100
PO-50bdb06ff5,SUP-313f1ddd,66180.63,2025-10-03 23:56:52,approved,Forklifts & Pallet Jacks,CAMP-022,A robust and efficient forklift designed for heavy-duty industrial use.,2025-11-28 23:56:52,PROD-215cd6,1,66180.63,1,2025-10-31 23:56:52,Kristen Davis,0,0.0,0,0.0,,Net 90,Sheila Cross,CC-128
PO-75e9ca34ad,SUP-a8c11e4d,150000.0,2024-09-09 23:59:33,completed,Inventory Management Systems,CAMP-020,An advanced inventory management system that streamlines stock tracking and optimization.,2025-05-15 23:59:33,PROD-ad824e,1,150000.0,1,2024-09-12 23:59:33,Brenda Rodriguez,0,0.0,0,0.0,,Net 60,Dr. Robert Bailey,CC-162
PO-395fc3777d,SUP-92efbcaa,8452.4,2025-04-04 23:50:40,completed,"Resins (PET, HDPE)",,"A versatile, high-performance PET resin suitable for a variety of industrial applications.",2025-05-10 23:50:40,PROD-7fb37b,1,8452.4,1,2025-04-28 23:50:40,Charles Cook,0,0.0,0,0.0,CTR-98027b0ebc,Net 90,Angela Garner,CC-170
PO-1a6f2edceb,SUP-3a3d874c,88969.66,2025-12-12 00:11:43,completed,Semiconductors & Integrated Circuits,,Advanced integrated circuits designed for high-performance computing applications.,2026-01-06 00:11:43,PROD-8e4cfd,1,88969.66,1,2025-12-31 00:11:43,Jessica Todd,0,0.0,0,0.0,,Net 30,Steven Rodriguez,CC-127
PO-f343f568a5,SUP-95570252,147359.34,2023-07-26 00:14:17,completed,"Road Freight (FTL, LTL)",,Efficient road freight services offering flexible options for both FTL and LTL shipments.,2023-09-03 00:14:17,PROD-bb3798,1,147359.34,1,2023-08-02 00:14:17,Megan Cordova,0,0.0,0,0.0,CTR-99c1baff45,Net 30,James Curry,CC-126
PO-5d34171f7a,SUP-53a4d4ee,150000.0,2023-10-12 23:54:04,completed,Payment Processing,,A robust payment processing solution designed to ensure secure transactions while providing seamless integration across multiple platforms.,2023-12-06 23:54:04,PROD-54661a,1,150000.0,1,2023-10-29 23:54:04,Andrew Edwards,0,0.0,0,0.0,CTR-62e4d5b6fc,Net 60,Ronald Smith,CC-154
PO-7368519174,SUP-df3be7dc,7875.59,2025-01-03 23:53:31,completed,Abrasives & Welding Supplies,,High-quality abrasive grinding disc suitable for precision metal removal and surface finishing.,2025-02-17 23:53:31,PROD-fcc722,1,7875.59,1,2025-01-31 23:53:31,Daniel Maynard,0,0.0,0,0.0,CTR-95bdf6a2b8,Net 90,Nicholas Williams,CC-156
PO-cf761ee680,SUP-3abe9a93,150000.0,2024-09-17 23:58:36,completed,Customer Relationship Management (CRM) Tools,,SalesNavigator Pro is an advanced CRM tool designed to streamline sales processes and boost customer engagement.,2025-01-13 23:58:36,PROD-576e73,1,150000.0,1,2024-09-18 23:58:36,Amber Krueger,0,0.0,0,0.0,,Net 90,Alicia Bishop,CC-128
PO-c96d6c12e6,SUP-77b65afa,61092.66,2025-11-14 23:52:12,completed,Glassware & Plasticware,,A stylish set of premium glassware perfect for any dining occasion.,2025-12-18 23:52:12,PROD-efb0ef,1,61092.66,1,2025-11-30 23:52:12,Amy Johnson,0,0.0,0,0.0,CTR-4081f3080f,Net 60,Cassidy Porter,CC-156
PO-94506ec877,SUP-cdf2db45,27488.46,2023-10-26 00:08:43,completed,Abrasives & Welding Supplies,,High-quality grinding wheel designed for efficient material removal and surface finishing.,2023-12-03 00:08:43,PROD-69b9ac,1,27488.46,1,2023-11-13 00:08:43,Daniel May,0,0.0,0,0.0,,Net 60,Cameron Henson,CC-160
PO-0d1f1f64e8,SUP-8b102488,19411.49,2025-11-17 00:07:38,cancelled,Processing Equipment,,A high-speed processor designed to enhance efficiency and performance in various industrial applications.,2026-01-07 00:07:38,PROD-85ab70,1,19411.49,1,2025-11-23 00:07:38,Tina Taylor,0,0.0,0,0.0,,Net 90,Steven Martinez,CC-122
PO-faa9e04b25,SUP-063cac08,150000.0,2024-03-29 23:57:32,completed,"Engineering & Design (CAD, PLM)",,A comprehensive suite of tools that streamline architectural design and engineering documentation.,2025-08-11 23:57:32,PROD-8648b6,1,150000.0,1,2024-04-17 23:57:32,Jordan Todd,0,0.0,0,0.0,CTR-641c85abda,Net 30,Sue Garcia,CC-121
PO-a5bdb5e51a,SUP-06ffe34e,5211.87,2025-04-16 23:59:02,completed,CNC Machines & Lathes,,A versatile CNC lathe designed for high-precision machining of complex parts.,2025-06-03 23:59:02,PROD-8e1172,1,5211.87,1,2025-05-03 23:59:02,Justin Preston,0,0.0,0,0.0,,Net 30,Donald Padilla,CC-102
PO-ca52017cf9,SUP-469e0830,86468.1,2023-06-21 23:52:27,completed,Motors & Pumps,,A high-performance motorized pump designed to deliver reliable and efficient performance in demanding industrial applications.,2023-07-29 23:52:27,PROD-a6b4ba,1,86468.1,1,2023-07-19 23:52:27,Walter Bolton,0,0.0,0,0.0,,Net 90,Jacob Gamble,CC-132
PO-8fe04af568,SUP-ebf108f5,150000.0,2023-07-17 00:08:12,completed,Office Furniture & Fixtures,CAMP-004,"A versatile desk that can be adjusted to your preferred height, promoting better posture and comfort during long work hours.",2023-09-04 00:08:12,PROD-596ee5,1,150000.0,1,2023-08-13 00:08:12,Amber Neal,0,0.0,0,0.0,CTR-eea1c2ea4d,Net 30,William Jennings,CC-109
PO-18df562646,SUP-a22319e3,3630.88,2025-06-30 00:13:02,approved,Abrasives & Welding Supplies,CAMP-023,"High-quality abrasive disc perfect for smoothing and shaping metal surfaces, ideal for welding and automotive applications.",2025-08-11 00:13:02,PROD-531405,1,3630.88,1,2025-07-19 00:13:02,Douglas Johnson,0,0.0,0,0.0,,Net 90,Tiffany Ortega,CC-103
PO-33c10a3f33,SUP-df3be7dc,138101.13,2023-06-28 23:49:17,completed,Forklifts & Pallet Jacks,,A robust and efficient industrial forklift designed for heavy-duty material handling tasks.,2023-07-15 23:49:17,PROD-6c9fa7,1,138101.13,1,2023-07-04 23:49:17,Roberto Petersen,0,0.0,0,0.0,,Net 90,April Moore,CC-177
PO-19a94e4327,SUP-3a7fde11,872.85,2025-11-05 23:54:36,completed,Forklifts & Pallet Jacks,,A robust and efficient forklift designed for heavy-duty industrial use.,2025-11-25 23:54:36,PROD-215cd6,1,872.85,1,2025-12-03 23:54:36,Marilyn Clarke,0,0.0,0,0.0,CTR-7a74056557,Net 60,Timothy Gomez,CC-146
PO-bf1e18e857,SUP-53a4d4ee,80577.86,2023-11-10 23:56:29,completed,Semiconductors & Integrated Circuits,,Advanced semiconductor solution designed for high-performance applications.,2023-12-28 23:56:29,PROD-869a02,1,80577.86,1,2023-11-11 23:56:29,Kelsey Pena,0,0.0,0,0.0,,Net 60,Desiree Ponce,CC-159
PO-698f83f4a7,SUP-dcb82063,129518.14,2024-02-16 00:06:06,completed,Abrasives & Welding Supplies,,High-quality diamond grinding wheel designed for smooth and efficient surface finishing on various materials.,2025-05-14 00:06:06,PROD-a638d8,1,129518.14,1,2024-03-07 00:06:06,Elizabeth Larson,0,0.0,0,0.0,,Net 30,Samuel Adams,CC-117
PO-b0b2261b15,SUP-469e0830,150000.0,2023-08-09 00:05:56,completed,Cleaning Agents & Janitorial Supplies,,"A powerful, eco-friendly all-purpose cleaner that effectively eliminates tough stains and grime.",2023-09-04 00:05:56,PROD-85b4eb,1,150000.0,1,2023-08-16 00:05:56,Donna Wilson,0,0.0,0,0.0,,Net 90,Gregory Wright,CC-156
PO-e96e874630,SUP-992563bf,119974.99,2023-07-21 23:56:57,completed,"Safety Gloves, Goggles & Hard Hats",,"Durable safety gloves, goggles, and hard hats designed to protect your hands, eyes, and head during hazardous work environments.",2023-08-26 23:56:57,PROD-e519b4,1,119974.99,1,2023-07-26 23:56:57,Alfred Perry,0,0.0,0,0.0,,Net 60,David Ellis,CC-104
PO-520e1bd4ae,SUP-f43404ae,41807.14,2023-03-27 00:04:48,completed,CNC Machines & Lathes,,A versatile CNC lathe designed for high-precision machining of complex parts.,2023-04-14 00:04:48,PROD-8e1172,1,41807.14,1,2023-04-20 00:04:48,Gloria Doyle,0,0.0,0,0.0,CTR-c031dc57bc,Net 30,Ryan Bowen,CC-144
PO-727322e42d,SUP-cce712d0,141829.03,2024-12-31 23:59:08,completed,"Road Freight (FTL, LTL)",,Efficient road freight services offering flexible options for both FTL and LTL shipments.,2025-03-01 23:59:08,PROD-bb3798,1,141829.03,1,2025-01-12 23:59:08,Jennifer Cox,0,0.0,0,0.0,CTR-30be6c26b4,Net 90,Kathy Thomas,CC-164
PO-e7d1d1d4c8,SUP-657e4b11,23169.86,2023-08-05 00:11:50,completed,Motors & Pumps,,A high-performance electric motor designed for industrial applications requiring reliability and efficiency.,2023-09-18 00:11:50,PROD-569e5f,1,23169.86,1,2023-08-31 00:11:50,Claudia Lewis,0,0.0,0,0.0,CTR-363bbe2dec,Net 90,Kenneth Reyes,CC-103
PO-ec7431c3a9,SUP-b6458066,10764.91,2023-03-19 23:46:30,completed,Forklifts & Pallet Jacks,,A robust and efficient forklift designed for heavy-duty industrial use.,2023-04-03 23:46:30,PROD-215cd6,1,10764.91,1,2023-03-29 23:46:30,Laura Garcia,0,0.0,0,0.0,,Net 30,Lawrence Morales,CC-123
PO-ece443cabf,SUP-f21564d8,6175.35,2025-01-17 23:55:07,completed,"Fasteners (Nuts, Bolts, Screws)",,High-strength steel bolt ideal for construction and industrial applications.,2025-03-16 23:55:07,PROD-579585,1,6175.35,1,2025-02-12 23:55:07,Christopher Morrison,0,0.0,0,0.0,CTR-88fa12442a,Net 30,Amber Gamble,CC-112
PO-a5c66ebdb7,SUP-26517beb,5899.32,2023-09-28 23:50:10,completed,Processing Equipment,,A state-of-the-art processing equipment designed to handle complex data tasks with precision and speed.,2023-11-19 23:50:10,PROD-1658b2,1,5899.32,1,2023-10-20 23:50:10,Miss Kathy Diaz PhD,0,0.0,0,0.0,,Net 90,Mark Pham,CC-120
PO-8fcd212442,SUP-ede1994d,142260.95,2023-09-22 00:02:09,completed,Brand Tracking & Analytics,,A powerful tool providing comprehensive brand tracking and analytics to enhance market strategies.,2023-11-21 00:02:09,PROD-2eefb3,1,142260.95,1,2023-10-18 00:02:09,Jake Lowe,0,0.0,0,0.0,,Net 90,Michelle Sanders,CC-114
PO-0cc6c1e820,SUP-0a7d8fce,500.0,2023-10-27 00:13:43,completed,Trays & Dividers,,"A versatile tray designed to hold bento boxes and other food items, perfect for meal prep.",2023-12-11 00:13:43,PROD-e776ca,1,500.0,1,2023-11-19 00:13:43,Diana Sanford,0,0.0,0,0.0,,Net 30,Denise Baldwin,CC-132
PO-0eb3f928cd,SUP-dea9abc5,150000.0,2023-06-27 23:49:06,completed,Trade Show & Exhibition Services,CAMP-019,Professional trade show design and exhibition setup services tailored to showcase your products effectively.,2023-07-26 23:49:06,PROD-b706e4,1,150000.0,1,2023-07-08 23:49:06,Eric Mckay,0,0.0,0,0.0,,Net 90,Stephen Pratt,CC-133
PO-c153b4711c,SUP-f1d8eab7,150000.0,2023-01-27 23:55:44,completed,Sales Incentive & Reward Programs,,Customizable incentive programs designed to motivate and reward top-performing employees.,2023-02-19 23:55:44,PROD-7596f2,1,150000.0,1,2023-02-13 23:55:44,Janice Davis,0,0.0,0,0.0,CTR-644cb5885b,Net 30,Sara Hoffman,CC-166
PO-5f69e32e9d,SUP-53a4d4ee,1092.06,2025-06-27 00:01:25,approved,Measurement & Testing Instruments,CAMP-027,A highly accurate and durable thermometer designed for precise temperature measurements in various industrial applications.,2025-08-13 00:01:25,PROD-21df35,1,1092.06,1,2025-07-21 00:01:25,Jason Wilcox,0,0.0,0,0.0,CTR-acbe187541,Net 60,Natalie Figueroa,CC-118
PO-21393afd0d,SUP-fffbfaf4,10501.93,2025-07-16 23:48:51,completed,Stretch & Shrink Wrap,CAMP-024,"Eco-friendly stretch wraps that adapt to any shape, perfect for wrapping gifts or organizing household items.",2025-09-07 23:48:51,PROD-6236a6,1,10501.93,1,2025-07-21 23:48:51,Sarah Walker,0,0.0,0,0.0,CTR-76891f7cbf,Net 30,James Brown,CC-139
PO-80997e409c,SUP-ff6d2275,150000.0,2023-12-07 23:52:50,completed,Sponsorships & Partnerships,,A platform that connects businesses with socially responsible organizations to create impactful partnerships.,2023-12-30 23:52:50,PROD-bfe594,1,150000.0,1,2023-12-13 23:52:50,Laura Alexander,0,0.0,0,0.0,,Net 60,Julie Hodge,CC-148
PO-acc27a6a55,SUP-de1b9e98,6427.11,2025-01-17 23:59:36,completed,Forklifts & Pallet Jacks,CAMP-004,"A durable, high-capacity lift truck designed for efficient material handling in warehouses.",2025-03-03 23:59:36,PROD-dbd252,1,6427.11,1,2025-02-10 23:59:36,Susan Ramirez,0,0.0,0,0.0,CTR-171b2677b5,Net 90,William Velazquez,CC-141
PO-555eab6941,SUP-43bd24df,150000.0,2023-12-22 23:58:52,completed,Fall Protection & Respiratory Gear,,A durable fall protection harness designed to keep you secure while working at heights.,2024-01-22 23:58:52,PROD-7b2fcd,1,150000.0,1,2024-01-21 23:58:52,Nicole Mccarthy,0,0.0,0,0.0,,Net 90,Cory Nguyen,CC-152
PO-562c597b14,SUP-a204ecaf,150000.0,2025-10-07 00:03:14,completed,Stationery & Consumables,,A durable notebook made from recycled paper that encourages sustainable writing habits.,2025-10-27 00:03:14,PROD-96891e,1,150000.0,1,2025-10-29 00:03:14,Scott Vance,0,0.0,0,0.0,CTR-d62d025895,Net 30,Samantha Maddox,CC-107
PO-f0ca0d7d29,SUP-3abe9a93,139985.02,2024-11-29 00:11:29,completed,Landscaping & Groundskeeping,,A high-quality organic mulching solution designed to enhance soil health and reduce water evaporation.,2025-09-17 00:11:29,PROD-1b73b9,1,139985.02,1,2024-12-28 00:11:29,Claudia Sanchez,0,0.0,0,0.0,,Net 90,Karen Escobar,CC-149
PO-451f9f679b,SUP-079df3c3,9271.04,2025-05-20 23:49:37,completed,Fall Protection & Respiratory Gear,CAMP-028,A versatile fall protection system designed to enhance safety during seasonal outdoor activities.,2025-07-18 23:49:37,PROD-175c24,1,9271.04,1,2025-06-03 23:49:37,Lisa Young,0,0.0,0,0.0,,Net 30,Stephanie Cortez,CC-164
PO-b89d519319,SUP-e844a762,93122.97,2025-11-28 00:10:31,completed,"Ferrous Metals (Steel, Iron)",CAMP-011,High-quality steel sheet perfect for construction and industrial applications.,2026-01-13 00:10:31,PROD-00b73c,1,93122.97,1,2025-12-02 00:10:31,Adrian Murray,0,0.0,0,0.0,,Net 90,Nicholas Foley,CC-161
PO-a8d65a1816,SUP-a60d618a,13987.67,2024-12-13 00:11:30,completed,Trays & Dividers,,"A versatile tray designed to hold bento boxes and other food items, perfect for meal prep.",2025-09-01 00:11:30,PROD-e776ca,1,13987.67,1,2024-12-16 00:11:30,Rhonda Salazar,0,0.0,0,0.0,,Net 90,Katie Foster,CC-149
PO-bda48a785e,SUP-d0366f62,64501.12,2024-10-28 00:04:24,completed,"Fasteners (Nuts, Bolts, Screws)",CAMP-010,High-strength steel bolt ideal for construction and industrial applications.,2025-09-28 00:04:24,PROD-579585,1,64501.12,1,2024-11-15 00:04:24,Kelly Tucker,0,0.0,0,0.0,CTR-ff644cc17a,Net 60,Ashley Patel,CC-100
PO-2124327db7,SUP-cdf2db45,50410.93,2024-10-04 00:11:34,completed,Fall Protection & Respiratory Gear,,A versatile fall protection system designed to enhance safety during seasonal outdoor activities.,2025-02-01 00:11:34,PROD-175c24,1,50410.93,1,2024-10-29 00:11:34,Melissa Kirby,0,0.0,0,0.0,CTR-c4d122ee76,Net 60,Emily Blankenship,CC-120
PO-cb863bd110,SUP-f3dcd627,81587.48,2025-11-17 23:57:47,completed,CNC Machines & Lathes,CAMP-024,A state-of-the-art CNC lathe machine designed for precision manufacturing of complex parts.,2025-12-23 23:57:47,PROD-63e472,1,81587.48,1,2025-11-21 23:57:47,Dana Boone,0,0.0,0,0.0,,Net 90,Emily Clark,CC-112
PO-e78e456861,SUP-fbb02420,150000.0,2024-03-28 00:14:45,completed,Energy Management & Sustainability Services,,Optimize your energy usage and reduce costs with sustainable practices tailored to your business.,2025-08-19 00:14:45,PROD-09ed6b,1,150000.0,1,2024-04-08 00:14:45,Rhonda Haynes,0,0.0,0,0.0,,Net 90,Richard Thornton,CC-160
PO-126aecd45b,SUP-f0c3853e,87680.58,2025-05-13 00:01:35,approved,CNC Machines & Lathes,,A high-speed CNC lathe machine designed for precision machining of complex parts.,2025-06-05 00:01:35,PROD-fc1212,1,87680.58,1,2025-06-11 00:01:35,Megan Barrett,0,0.0,0,0.0,CTR-e377675b57,Net 90,Gabrielle Myers,CC-140
PO-cffc398a5a,SUP-ebf108f5,150000.0,2023-04-14 00:15:48,completed,"Productivity & Collaboration Suites (Office, Email)",,Streamline your work processes and collaborate seamlessly with integrated tools designed for maximum productivity.,2023-05-06 00:15:48,PROD-6a6958,1,150000.0,1,2023-05-02 00:15:48,Lauren Turner,0,0.0,0,0.0,,Net 30,Louis Butler,CC-177
PO-d7e2739e84,SUP-e844a762,9168.25,2024-09-27 23:51:56,completed,"Safety Gloves, Goggles & Hard Hats",CAMP-028,Designed for maximum protection and comfort during construction work.,2025-06-20 23:51:56,PROD-b4a203,1,9168.25,1,2024-10-25 23:51:56,Kelly Taylor,0,0.0,0,0.0,,Net 90,Timothy Jenkins,CC-174
PO-e538bb15c9,SUP-53a4d4ee,150000.0,2025-01-10 23:54:56,completed,Taxi & Ride-Sharing Services,CAMP-024,A premium taxi service offering luxury and reliability for all your transportation needs.,2025-01-23 23:54:56,PROD-69ce41,1,150000.0,1,2025-01-19 23:54:56,Larry Rodriguez,0,0.0,0,0.0,CTR-bfaa2a0c2e,Net 60,Jason Dean,CC-167
PO-dfdc7cb8f8,SUP-bee2f58e,150000.0,2023-12-18 00:01:36,completed,Security Consulting & Risk Assessment,,Comprehensive security consulting services to assess risks and implement robust protection measures tailored to your organization.,2023-12-27 00:01:36,PROD-8addb0,1,150000.0,1,2024-01-09 00:01:36,Alexander Carney,0,0.0,0,0.0,,Net 30,Cynthia Lindsey,CC-127
PO-9d518a3f42,SUP-2d911e90,3979.34,2023-03-24 00:11:29,completed,Chemicals & Reagents,,A synthetic azo dye used in industrial applications.,2023-05-13 00:11:29,PROD-c30273,1,3979.34,1,2023-04-01 00:11:29,Shawn Garcia,0,0.0,0,0.0,CTR-b1cd05d628,Net 60,Deborah Rhodes,CC-172
PO-26076dbdd1,SUP-6be519f6,30952.53,2025-05-30 00:12:50,completed,Measurement & Testing Instruments,,A high-accuracy thermometer ideal for scientific and industrial temperature measurements.,2025-06-09 00:12:50,PROD-f338d7,1,30952.53,1,2025-06-18 00:12:50,Christopher Dawson,0,0.0,0,0.0,CTR-985087c46d,Net 90,Christina Neal,CC-126
PO-ede4edb70f,SUP-3a3d874c,144183.74,2023-03-09 00:15:54,completed,"Utilities (Gas, Electricity, Water)",CAMP-017,A user-friendly smart meter that monitors and optimizes your energy consumption to help reduce costs.,2023-04-13 00:15:54,PROD-d0ce10,1,144183.74,1,2023-03-16 00:15:54,Jacqueline Hernandez,0,0.0,0,0.0,CTR-6f5e8c6db5,Net 30,Willie Logan,CC-180
PO-49fb95f999,SUP-65a145ca,150000.0,2024-04-29 00:10:24,completed,Print & Copy Services,,Offering high-quality printing services to meet all your document and image requirements.,2025-07-28 00:10:24,PROD-720125,1,150000.0,1,2024-05-03 00:10:24,Christopher Owens,0,0.0,0,0.0,,Net 30,Sarah Wright,CC-158
PO-21ba44626c,SUP-d5da126d,5938.94,2023-11-23 00:04:40,completed,Abrasives & Welding Supplies,,"High-quality abrasive disc perfect for smoothing and shaping metal surfaces, ideal for welding and automotive applications.",2024-01-02 00:04:40,PROD-531405,1,5938.94,1,2023-11-27 00:04:40,Ashley Salazar,0,0.0,0,0.0,,Net 90,Paul Johns,CC-116
PO-fafc168422,SUP-5a0d18b0,150000.0,2023-04-14 23:55:21,completed,"Audio/Visual Equipment (Projectors, Conferencing Systems)",,A high-definition projector offering crystal-clear visuals for presentations and multimedia experiences.,2023-05-30 23:55:21,PROD-3bb1f2,1,150000.0,1,2023-05-12 23:55:21,William Weber,0,0.0,0,0.0,,Net 60,Christine Taylor,CC-134
PO-196c8ee774,SUP-9f7137eb,35463.28,2023-07-21 00:01:54,completed,Rapid Prototyping Materials,CAMP-023,"A biodegradable, high-performance plastic ideal for fast and efficient rapid prototyping applications.",2023-08-12 00:01:54,PROD-a85eee,1,35463.28,1,2023-08-04 00:01:54,Katie Bass,0,0.0,0,0.0,,Net 30,Earl Mcbride,CC-103
PO-5057ad6052,SUP-a204ecaf,4311.08,2024-04-30 23:46:36,completed,"Lubricants, Oils & Greases",,A high-performance synthetic lubricant designed to reduce friction and protect machinery under extreme conditions.,2025-09-28 23:46:36,PROD-10450d,1,4311.08,1,2024-05-14 23:46:36,Andrew Lee,0,0.0,0,0.0,CTR-1edd86dfe8,Net 30,Patricia Miller,CC-112
PO-96939ddd2f,SUP-7b091946,3867.89,2024-07-19 00:14:29,completed,Fall Protection & Respiratory Gear,,A durable and reliable fall protection harness designed to enhance safety during work at heights.,2025-04-07 00:14:29,PROD-eafa3f,1,3867.89,1,2024-07-30 00:14:29,John Burnett,0,0.0,0,0.0,,Net 30,Rebecca Blair,CC-148
PO-c1a9a6640f,SUP-47d37bde,9724.79,2023-03-07 23:59:46,completed,Processing Equipment,,A state-of-the-art processing equipment designed to handle complex data tasks with precision and speed.,2023-04-03 23:59:46,PROD-1658b2,1,9724.79,1,2023-03-09 23:59:46,Samuel Morgan,0,0.0,0,0.0,,Net 30,Mark Esparza,CC-106
PO-9505cdc0c1,SUP-e987fae9,33168.01,2023-08-13 23:55:50,completed,Glassware & Plasticware,,"A durable, reusable glass water bottle designed to reduce plastic waste.",2023-09-23 23:55:50,PROD-38bea5,1,33168.01,1,2023-09-11 23:55:50,Ashley Price,0,0.0,0,0.0,,Net 30,Dennis Salas,CC-167
PO-f87cb2f69c,SUP-40fa6743,150000.0,2024-12-27 00:08:47,completed,Abrasives & Welding Supplies,,"High-quality abrasive disc perfect for smoothing and shaping metal surfaces, ideal for welding and automotive applications.",2025-03-29 00:08:47,PROD-531405,1,150000.0,1,2025-01-19 00:08:47,Theresa Pierce,0,0.0,0,0.0,,Net 90,Stacy Velasquez,CC-160
PO-b4754b4e29,SUP-313f1ddd,17501.51,2023-03-10 00:15:30,completed,"Bottles, Jars & Cans",,A sustainable glass bottle designed to reduce plastic waste while keeping your drinks fresh and eco-friendly.,2023-03-27 00:15:30,PROD-27520f,1,17501.51,1,2023-03-21 00:15:30,Julie Flowers,0,0.0,0,0.0,,Net 90,Bradley Smith,CC-172
PO-95026c981b,SUP-738d7f09,150000.0,2023-08-04 00:05:03,completed,Inventory Management Systems,,An intuitive system that simplifies tracking stock levels and managing supplier relationships.,2023-08-22 00:05:03,PROD-b0899b,1,150000.0,1,2023-08-21 00:05:03,Mary Taylor,0,0.0,0,0.0,,Net 60,Diana Garrett,CC-162
PO-a048dd85af,SUP-bee2f58e,150000.0,2023-12-15 00:06:58,completed,Building Maintenance & HVAC,CAMP-018,A state-of-the-art air purification system designed to enhance indoor air quality and maintain optimal comfort levels.,2024-01-12 00:06:58,PROD-08bbb7,1,150000.0,1,2023-12-31 00:06:58,Maria Mathis,0,0.0,0,0.0,CTR-43ad372681,Net 30,Danielle Sanchez,CC-132
PO-3f103632f2,SUP-e987fae9,72469.4,2024-08-02 00:05:04,completed,Bulk & Specialty Chemicals,,Advanced catalyst compound designed to enhance industrial reactions efficiently.,2025-03-04 00:05:04,PROD-feffc1,1,72469.4,1,2024-08-17 00:05:04,Amanda Avila,0,0.0,0,0.0,,Net 30,Alicia Kennedy,CC-128
PO-c7979c881e,SUP-582db558,22994.86,2025-04-10 23:51:13,approved,"Safety Gloves, Goggles & Hard Hats",CAMP-012,"Durable safety gloves, goggles, and hard hats designed to protect your hands, eyes, and head during hazardous work environments.",2025-04-19 23:51:13,PROD-e519b4,1,22994.86,1,2025-04-18 23:51:13,Andrew Smith,0,0.0,0,0.0,,Net 90,Maxwell Lambert,CC-103
PO-b30894d289,SUP-43ee33d6,150000.0,2024-12-27 00:04:52,completed,"Lubricants, Oils & Greases",,A high-performance synthetic lubricant designed to reduce friction and protect machinery under extreme conditions.,2025-04-18 00:04:52,PROD-10450d,1,150000.0,1,2024-12-29 00:04:52,Michael Morton,0,0.0,0,0.0,,Net 30,Jessica Mendoza,CC-170
PO-aa604c7af9,SUP-370d249a,6152.73,2024-07-23 00:10:40,completed,Oils & Fats,,"A premium, cold-pressed olive oil perfect for cooking and enhancing your favorite dishes.",2025-11-28 00:10:40,PROD-de7ded,1,6152.73,1,2024-08-17 00:10:40,Rose Wolf,0,0.0,0,0.0,CTR-2016728e3a,Net 30,Susan Gregory,CC-144
PO-7fdf992064,SUP-cce712d0,2266.1,2025-12-22 00:15:21,completed,CNC Machines & Lathes,CAMP-002,A state-of-the-art CNC lathe machine designed for precision manufacturing of complex parts.,2026-01-25 00:15:21,PROD-63e472,1,2266.1,1,2026-01-02 00:15:21,Gordon Hart,0,0.0,0,0.0,,Net 90,Christopher Jones,CC-133
PO-0be92622b7,SUP-08d1195f,74741.29,2023-06-27 00:06:06,completed,"Fasteners (Nuts, Bolts, Screws)",,A robust hexagonal bolt designed to withstand high loads and provide secure fastening in demanding industrial applications.,2023-07-27 00:06:06,PROD-8cda6e,1,74741.29,1,2023-07-22 00:06:06,Walter Smith,0,0.0,0,0.0,,Net 30,Derrick Dixon,CC-131
PO-ac42ab6b73,SUP-47003a7c,23393.45,2023-06-19 23:47:47,completed,Forklifts & Pallet Jacks,CAMP-013,A versatile electric lift designed to streamline heavy lifting tasks on any warehouse floor.,2023-06-29 23:47:47,PROD-b09b67,1,23393.45,1,2023-07-07 23:47:47,Kevin Burke,0,0.0,0,0.0,,Net 90,Krystal Burke,CC-106
PO-ece4cc21b1,SUP-f3dcd627,3059.66,2023-11-17 00:15:14,completed,Conveyor Systems,CAMP-018,A versatile conveyor system designed to optimize material handling operations.,2023-12-15 00:15:14,PROD-6dbeef,1,3059.66,1,2023-11-22 00:15:14,Heather Luna,0,0.0,0,0.0,CTR-3546b5b116,Net 90,Aaron Johnson,CC-108
PO-0f6840040b,SUP-de1b9e98,5749.08,2025-11-17 23:55:29,completed,"Safety Gloves, Goggles & Hard Hats",,"A set of durable safety gloves, goggles, and hard hats designed to protect you from workplace hazards.",2026-01-01 23:55:29,PROD-95c448,1,5749.08,1,2025-12-11 23:55:29,Erin Barnes,0,0.0,0,0.0,CTR-25b33cb5db,Net 90,Amanda Lewis,CC-102
PO-ee9e8a2a22,SUP-a8450aa9,2352.46,2023-11-01 00:10:05,completed,"General Industrial Spares (Valves, Belts)",CAMP-001,High-quality steel valve assembly designed for reliable performance in various industrial applications.,2023-11-17 00:10:05,PROD-e60f1e,1,2352.46,1,2023-11-19 00:10:05,Jose Carpenter,0,0.0,0,0.0,,Net 60,Laura Anderson PhD,CC-142
PO-8e4b67ca57,SUP-7b629e8f,41752.63,2025-12-23 00:12:52,approved,Forklifts & Pallet Jacks,,"A powerful, durable lift truck designed to handle heavy loads efficiently.",2026-01-19 00:12:52,PROD-0e0152,1,41752.63,1,2026-01-10 00:12:52,John Hunter,0,0.0,0,0.0,,Net 60,Chris Brown,CC-106
PO-fda6fa9b1f,SUP-3abe9a93,150000.0,2023-04-07 00:13:14,completed,Semiconductors & Integrated Circuits,,A high-performance integrated circuit designed for advanced semiconductor applications.,2023-04-26 00:13:14,PROD-33fd4e,1,150000.0,1,2023-04-18 00:13:14,Thomas Cohen,0,0.0,0,0.0,CTR-52a8a71b3d,Net 90,Andrew Middleton,CC-164
PO-f24c16a388,SUP-5a0d18b0,150000.0,2024-10-03 23:57:18,completed,Forklifts & Pallet Jacks,,"A durable, high-capacity lift truck designed for efficient material handling in warehouses.",2025-11-15 23:57:18,PROD-dbd252,1,150000.0,1,2024-10-11 23:57:18,Katelyn Garcia,0,0.0,0,0.0,CTR-c0343377d0,Net 60,Nathan Thompson,CC-118
PO-33cdaaa539,SUP-f2a4f9c6,150000.0,2025-10-21 00:05:59,approved,Employee Welfare & Assistance Programs,CAMP-009,"A comprehensive wellness program designed to promote physical health, mental well-being, and work-life balance for employees.",2025-12-15 00:05:59,PROD-bde253,1,150000.0,1,2025-11-16 00:05:59,Erin Chen,0,0.0,0,0.0,,Net 60,Amber Mcintosh MD,CC-133
PO-c96b8baa66,SUP-738d7f09,47512.24,2024-10-18 23:56:25,completed,"Ferrous Metals (Steel, Iron)",,High-quality steel sheet perfect for construction and industrial applications.,2025-08-26 23:56:25,PROD-00b73c,1,47512.24,1,2024-11-11 23:56:25,Michael French,0,0.0,0,0.0,,Net 60,James Peck,CC-135
PO-9e4f9a3b39,SUP-fffbfaf4,150000.0,2024-08-06 23:56:12,completed,3D Printing Services,,High-quality 3D printing services that bring your innovative ideas to life with precision and speed.,2025-05-13 23:56:12,PROD-b7ddf8,1,150000.0,1,2024-08-26 23:56:12,Melanie Lopez,0,0.0,0,0.0,,Net 30,Michelle Monroe,CC-151
PO-deda614391,SUP-b05d574a,11100.55,2023-10-09 00:02:08,completed,"Bottles, Jars & Cans",,A sustainable glass bottle designed to reduce plastic waste while keeping your drinks fresh and eco-friendly.,2023-11-07 00:02:08,PROD-27520f,1,11100.55,1,2023-10-25 00:02:08,Jason Hernandez,0,0.0,0,0.0,CTR-6d8657f52f,Net 60,Mark Jones,CC-149
PO-5d8b81e303,SUP-06ffe34e,150000.0,2023-08-18 23:51:34,completed,"Engineering & Design (CAD, PLM)",,The ultimate CAD software solution designed to streamline your engineering and design processes.,2023-08-31 23:51:34,PROD-ff5b21,1,150000.0,1,2023-09-11 23:51:34,John Harris,0,0.0,0,0.0,,Net 30,Tara Ingram,CC-128
PO-3bcec2e792,SUP-df3be7dc,15068.75,2025-03-11 23:54:09,approved,Forklifts & Pallet Jacks,,A robust and efficient forklift designed for heavy-duty industrial use.,2025-03-25 23:54:09,PROD-215cd6,1,15068.75,1,2025-04-02 23:54:09,Scott Macdonald,0,0.0,0,0.0,,Net 90,Donald Delgado,CC-150
PO-4830832561,SUP-f43404ae,1709.08,2023-12-06 23:53:40,completed,Equipment-Specific Spare Parts,,"A durable housing designed to support and protect the transmission valve body, ensuring optimal performance of vehicle drivetrain systems.",2024-02-04 23:53:40,PROD-ac0bd9,1,1709.08,1,2024-01-02 23:53:40,Andrew Holmes,0,0.0,0,0.0,CTR-38a404ca37,Net 30,Lydia Spence,CC-180
PO-f29b8bffec,SUP-46aab4bc,6649.88,2025-11-03 00:02:12,completed,Measurement & Testing Instruments,,A high-accuracy thermometer ideal for scientific and industrial temperature measurements.,2025-11-18 00:02:12,PROD-f338d7,1,6649.88,1,2025-11-23 00:02:12,Amber Gonzalez,0,0.0,0,0.0,CTR-536cd10c36,Net 60,Ashley Ortiz,CC-140
PO-160e730ab1,SUP-079df3c3,8492.49,2023-03-24 23:48:14,completed,CNC Machines & Lathes,,Advanced CNC lathe machine designed for high-precision machining of complex parts.,2023-05-15 23:48:14,PROD-af9719,1,8492.49,1,2023-04-21 23:48:14,Matthew Castaneda,0,0.0,0,0.0,CTR-fc700ff20e,Net 30,Alexander Glenn,CC-146
PO-bb7087cd76,SUP-31f04f23,150000.0,2025-09-05 23:56:50,completed,Glassware & Plasticware,CAMP-007,A stylish set of premium glassware perfect for any dining occasion.,2025-11-02 23:56:50,PROD-efb0ef,1,150000.0,1,2025-10-01 23:56:50,Ms. Lisa Moss MD,0,0.0,0,0.0,,Net 30,Rhonda Logan DVM,CC-125
PO-28353da0d5,SUP-46aab4bc,18545.1,2023-01-11 23:45:52,completed,CNC Machines & Lathes,,A high-precision CNC lathe machine designed for efficient and accurate machining of metal components.,2023-02-21 23:45:52,PROD-feb520,1,18545.1,1,2023-01-29 23:45:52,Terry Davis,0,0.0,0,0.0,,Net 60,Michael Medina,CC-118
PO-21eec39c65,SUP-47cfbef4,150000.0,2025-12-05 23:54:43,completed,"Insurance (Property, Liability, Health, Travel)",CAMP-016,"Comprehensive coverage plans to protect your property, health, and travel needs.",2026-01-30 23:54:43,PROD-a5b396,1,150000.0,1,2025-12-16 23:54:43,Jason May,0,0.0,0,0.0,CTR-117f8a3b44,Net 30,Robin Evans,CC-166
PO-c86e4546a6,SUP-8f7a7ec1,15194.53,2023-06-05 23:53:58,completed,Motors & Pumps,CAMP-002,A high-performance electric motor designed for industrial applications requiring reliability and efficiency.,2023-07-02 23:53:58,PROD-569e5f,1,15194.53,1,2023-06-11 23:53:58,Jack Martin,0,0.0,0,0.0,,Net 30,Erin Mcfarland,CC-123
PO-b7dfb371e8,SUP-b4f51b18,4687.52,2023-12-01 00:13:35,completed,Measurement & Testing Instruments,,A versatile digital multimeter ideal for electrical testing and troubleshooting.,2024-01-06 00:13:35,PROD-431f56,1,4687.52,1,2023-12-22 00:13:35,Timothy Weiss,0,0.0,0,0.0,CTR-bff4914db2,Net 90,Tyler Carrillo,CC-175
PO-479720cb0a,SUP-367a66a5,4460.13,2024-02-28 00:02:26,completed,Processing Equipment,CAMP-002,A state-of-the-art processing equipment designed to handle complex data tasks with precision and speed.,2025-04-22 00:02:26,PROD-1658b2,1,4460.13,1,2024-03-10 00:02:26,Robert Nelson,0,0.0,0,0.0,CTR-14b724c8c4,Net 60,Dennis Mason,CC-179
PO-3cd7817ee9,SUP-8718d112,10415.97,2024-02-28 00:10:03,completed,Chemicals & Reagents,,A synthetic azo dye used in industrial applications.,2025-01-20 00:10:03,PROD-c30273,1,10415.97,1,2024-03-12 00:10:03,Heather Raymond,0,0.0,0,0.0,,Net 30,Lisa Hill,CC-103
PO-bdc95a1857,SUP-a204ecaf,150000.0,2024-11-08 00:13:41,completed,Glassware & Plasticware,CAMP-007,A stylish set of premium glassware perfect for any dining occasion.,2025-12-20 00:13:41,PROD-efb0ef,1,150000.0,1,2024-11-10 00:13:41,Jackie Madden,0,0.0,0,0.0,CTR-7a09dcccfb,Net 30,Jordan Rich,CC-107
PO-45a7699c1a,SUP-079df3c3,150000.0,2024-08-15 00:00:12,completed,Office Furniture & Fixtures,,A spacious desk designed to promote comfort and productivity in executive offices.,2025-11-10 00:00:12,PROD-cdf448,1,150000.0,1,2024-08-23 00:00:12,Trevor Carpenter,0,0.0,0,0.0,,Net 30,Cynthia Fuentes,CC-117
PO-fd7b4df3fd,SUP-5a0d18b0,21435.56,2025-09-01 00:09:35,completed,Semiconductors & Integrated Circuits,,Advanced semiconductor solution designed for high-performance applications.,2025-09-24 00:09:35,PROD-869a02,1,21435.56,1,2025-09-11 00:09:35,Andrew Sims,0,0.0,0,0.0,CTR-381e971020,Net 60,Jean Hendrix,CC-141
PO-b222baf115,SUP-d52c027a,150000.0,2023-11-17 23:56:02,completed,"Non-Ferrous Metals (Aluminum, Copper, Lithium)",,A high-capacity lithium-ion battery designed for portable electronics and renewable energy storage.,2024-01-12 23:56:02,PROD-339edb,1,150000.0,1,2023-11-18 23:56:02,Courtney Daniels,0,0.0,0,0.0,,Net 90,Nicholas Barrera,CC-151
PO-7d350016bc,SUP-77f2b94f,638.12,2023-05-06 00:00:01,completed,"Safety Gloves, Goggles & Hard Hats",,"A set of durable safety gloves, goggles, and hard hats designed to protect you from workplace hazards.",2023-07-05 00:00:01,PROD-95c448,1,638.12,1,2023-05-31 00:00:01,Justin Perez,0,0.0,0,0.0,,Net 60,Marissa Bautista,CC-103
PO-7ee390db8c,SUP-3da38598,150000.0,2024-12-20 00:14:21,completed,Competitor Intelligence Services,CAMP-004,Uncover your competitors' strategies and stay ahead of market trends.,2025-12-02 00:14:21,PROD-bfac4f,1,150000.0,1,2024-12-22 00:14:21,Stephanie Castillo PhD,0,0.0,0,0.0,,Net 90,Brian Garrett,CC-110
PO-b12826f9ee,SUP-7a12c9fa,112066.17,2024-06-24 00:14:34,completed,Solvents & Adhesives,CAMP-005,High-purity isopropyl alcohol perfect for cleaning surfaces and disinfecting tools.,2025-09-24 00:14:34,PROD-1ed873,1,112066.17,1,2024-07-24 00:14:34,Katelyn Arnold,0,0.0,0,0.0,CTR-24aa105627,Net 60,Gabriel Bailey,CC-103
PO-f6c9d41649,SUP-f21564d8,150000.0,2023-10-31 00:15:56,completed,"Networking (Routers, Switches, Firewalls)",CAMP-018,A robust firewall solution designed to protect your network from cyber threats while ensuring seamless connectivity.,2023-12-28 00:15:56,PROD-ba689f,1,150000.0,1,2023-11-18 00:15:56,Tina Hansen,0,0.0,0,0.0,CTR-f99fcda481,Net 30,Jacob Stewart,CC-180
PO-2bc7c5c234,SUP-5a0d18b0,54436.92,2024-02-12 23:44:32,completed,Abrasives & Welding Supplies,,High-quality diamond grinding wheel designed for smooth and efficient surface finishing on various materials.,2025-08-06 23:44:32,PROD-a638d8,1,54436.92,1,2024-02-15 23:44:32,Deborah Wright,0,0.0,0,0.0,,Net 60,Heather Anderson,CC-152
PO-63cb87a627,SUP-dea9abc5,10900.47,2024-02-28 00:08:40,completed,CNC Machines & Lathes,CAMP-030,An advanced CNC lathe machine designed for high precision machining of complex parts.,2025-06-02 00:08:40,PROD-c20aea,1,10900.47,1,2024-03-11 00:08:40,Andrea Rios,0,0.0,0,0.0,CTR-4cafb4068a,Net 90,Carlos Ingram,CC-127
PO-50cc59f60d,SUP-ebf108f5,150000.0,2023-06-30 23:46:22,completed,Online Booking Tools (OBTs),,An advanced online booking tool that streamlines scheduling and enhances customer engagement.,2023-08-07 23:46:22,PROD-4c49da,1,150000.0,1,2023-07-16 23:46:22,Ian Diaz,0,0.0,0,0.0,,Net 30,Darrell Gardner,CC-167
PO-57d145bcaa,SUP-3abe9a93,150000.0,2025-05-23 00:04:13,completed,"Lubricants, Oils & Greases",,A high-performance synthetic lubricant designed to reduce friction and protect machinery under extreme conditions.,2025-05-30 00:04:13,PROD-10450d,1,150000.0,1,2025-06-19 00:04:13,Shannon Collins,0,0.0,0,0.0,CTR-b3a2da83f2,Net 90,Amy Cook,CC-177
PO-955324f5bc,SUP-29651e7b,29083.07,2025-12-25 00:13:19,completed,Semiconductors & Integrated Circuits,CAMP-010,Advanced semiconductor solution designed for high-performance applications.,2026-01-29 00:13:19,PROD-869a02,1,29083.07,1,2026-01-04 00:13:19,Shawn Jones,0,0.0,0,0.0,CTR-862784f843,Net 30,Tina Medina,CC-168
PO-ad9f33350a,SUP-f3355d8c,28986.51,2024-06-28 00:09:08,completed,"Analytical Equipment (Spectrometers, Microscopes)",,A high-performance spectrometer designed for precise and reliable analysis of light spectra across various applications.,2025-06-20 00:09:08,PROD-f13405,1,28986.51,1,2024-07-19 00:09:08,Jessica Collier,0,0.0,0,0.0,CTR-926efbe09b,Net 30,Lisa Greene,CC-122
PO-3596b599f1,SUP-1f8ea7d2,23122.74,2025-12-05 00:12:36,completed,"General Industrial Spares (Valves, Belts)",CAMP-025,High-quality steel valve assembly designed for reliable performance in various industrial applications.,2026-01-01 00:12:36,PROD-e60f1e,1,23122.74,1,2026-01-02 00:12:36,Matthew Gonzalez,0,0.0,0,0.0,,Net 90,Jennifer West,CC-173
PO-d7b2b6efb7,SUP-a60d618a,19299.28,2023-06-27 00:13:34,completed,Rapid Prototyping Materials,,"A biodegradable, high-performance plastic ideal for fast and efficient rapid prototyping applications.",2023-07-08 00:13:34,PROD-a85eee,1,19299.28,1,2023-07-20 00:13:34,Paul Torres,0,0.0,0,0.0,,Net 90,Joseph Curtis,CC-143
PO-b22d80f19f,SUP-ebf108f5,150000.0,2025-01-31 23:56:24,completed,Vehicle Maintenance & Repair,CAMP-024,A comprehensive kit designed to efficiently optimize engine performance and enhance fuel efficiency.,2025-02-22 23:56:24,PROD-965631,1,150000.0,1,2025-02-03 23:56:24,Melissa Black,0,0.0,0,0.0,,Net 30,Larry Vazquez,CC-134
PO-0d2268ae2c,SUP-cdf2db45,146402.4,2025-09-26 23:55:14,completed,3rd Party Logistics (3PL) Services,,Comprehensive third-party logistics services tailored to optimize supply chain efficiency and reduce operational costs.,2025-10-31 23:55:14,PROD-7fa039,1,146402.4,1,2025-10-24 23:55:14,Sarah Martin,0,0.0,0,0.0,CTR-0c98f88b09,Net 60,Tony Morris,CC-125
PO-1e10e41476,SUP-dcb82063,18711.35,2025-12-31 00:15:14,pending,Molds & Patterns,,A reusable silicone mat that offers non-stick baking surface and easy cleanup.,2026-01-14 00:15:14,PROD-eaaf87,1,18711.35,1,2026-01-29 00:15:14,Jeffrey Allen,0,0.0,0,0.0,,Net 30,Scott Livingston,CC-134
PO-a3e7c2c205,SUP-c2a5b13e,18998.87,2024-10-25 23:56:26,completed,Pallets & Crates,,Durable steel pallets designed to withstand heavy loads and harsh environments.,2025-09-16 23:56:26,PROD-511d12,1,18998.87,1,2024-11-10 23:56:26,Pamela Gonzales,0,0.0,0,0.0,,Net 60,Maria Carroll,CC-103
PO-5409e6f3a6,SUP-a22319e3,150000.0,2025-09-16 00:14:29,completed,Event Management & Production,CAMP-028,A comprehensive tool designed to streamline event planning processes and enhance overall organization.,2025-11-06 00:14:29,PROD-6dd8f7,1,150000.0,1,2025-10-10 00:14:29,Roy Pham,0,0.0,0,0.0,CTR-167541d3da,Net 90,Matthew Barron,CC-146
PO-24cc48f312,SUP-df3be7dc,150000.0,2024-06-28 00:03:52,completed,Glassware & Plasticware,CAMP-008,A stylish set of premium glassware perfect for any dining occasion.,2025-06-05 00:03:52,PROD-efb0ef,1,150000.0,1,2024-07-11 00:03:52,Travis Foster,0,0.0,0,0.0,,Net 90,Terri Dodson,CC-124
PO-ce1059993c,SUP-5a0d18b0,150000.0,2025-07-08 23:49:03,approved,"Fuel, Fuel Cards & Management",,A premium fuel card designed to provide eco-friendly options and transparent spending insights.,2025-08-02 23:49:03,PROD-50abec,1,150000.0,1,2025-07-09 23:49:03,Anthony Taylor,0,0.0,0,0.0,CTR-80bd6a3fbc,Net 60,Cynthia Parks,CC-122
PO-cb23cffe32,SUP-df3be7dc,150000.0,2024-04-30 00:11:50,completed,Vehicle Maintenance & Repair,,A durable digital tire pressure gauge designed to ensure optimal tire performance and safety across various weather conditions.,2025-08-14 00:11:50,PROD-608c6e,1,150000.0,1,2024-05-14 00:11:50,Omar Baird,0,0.0,0,0.0,,Net 90,Rebecca Mills,CC-150
PO-8a3d0738f9,SUP-ede1994d,150000.0,2023-10-26 23:55:12,completed,Molds & Patterns,,A reusable silicone mat that offers non-stick baking surface and easy cleanup.,2023-11-19 23:55:12,PROD-eaaf87,1,150000.0,1,2023-10-29 23:55:12,Brianna Thompson,0,0.0,0,0.0,,Net 90,Miranda Nelson,CC-126
PO-ab8724bbd0,SUP-c8778007,150000.0,2023-07-20 00:09:53,completed,Public Relations (PR) Firms,,A leading public relations firm specializing in brand management and media strategy to enhance client visibility.,2023-09-04 00:09:53,PROD-78ebf9,1,150000.0,1,2023-08-06 00:09:53,Stacey Howard,0,0.0,0,0.0,,Net 30,Brian Watkins,CC-125
PO-55fb86d2ef,SUP-ede1994d,9161.54,2025-08-14 23:58:31,cancelled,Forklifts & Pallet Jacks,CAMP-024,"A durable, high-capacity lift truck designed for efficient material handling in warehouses.",2025-08-28 23:58:31,PROD-dbd252,1,9161.54,1,2025-08-24 23:58:31,Dr. Ray Petty MD,0,0.0,0,0.0,,Net 90,Robert Copeland,CC-162
PO-da84f4982b,SUP-5677bc35,150000.0,2023-01-27 23:59:43,completed,Digital Marketing & SEO/SEM,CAMP-026,A powerful tool to enhance your website's search engine visibility and rankings.,2023-03-27 23:59:43,PROD-4f21dd,1,150000.0,1,2023-02-04 23:59:43,Tammy Dunlap,0,0.0,0,0.0,,Net 60,David Ward,CC-176
PO-4960c3c0d1,SUP-89ada60c,46299.91,2024-04-12 23:44:05,completed,Trays & Dividers,,"A versatile tray designed to hold bento boxes and other food items, perfect for meal prep.",2025-11-09 23:44:05,PROD-e776ca,1,46299.91,1,2024-05-02 23:44:05,Traci Webb,0,0.0,0,0.0,,Net 60,Benjamin Kramer Jr.,CC-119
PO-f040ffbafc,SUP-079df3c3,150000.0,2023-12-29 00:15:42,completed,"Enterprise Applications (ERP, CRM, SCM)",,A comprehensive ERP solution designed to streamline operations and enhance productivity across departments.,2024-01-16 00:15:42,PROD-d2e961,1,150000.0,1,2024-01-21 00:15:42,Jack Ballard,0,0.0,0,0.0,,Net 30,Gabriela Martin,CC-129
PO-98285b9028,SUP-378e2b57,15899.75,2025-07-31 00:04:04,completed,Conveyor Systems,,A versatile conveyor system designed to optimize material handling operations.,2025-08-21 00:04:04,PROD-6dbeef,1,15899.75,1,2025-08-01 00:04:04,Elizabeth Kennedy,0,0.0,0,0.0,,Net 60,Bruce Bennett,CC-150
PO-9eeb44023e,SUP-b1eff380,14215.01,2024-04-19 00:00:39,completed,Equipment-Specific Spare Parts,,High-quality engine oil filter designed to maintain optimal engine performance and extend its lifespan.,2025-05-20 00:00:39,PROD-96995f,1,14215.01,1,2024-05-19 00:00:39,Barbara Benson,0,0.0,0,0.0,,Net 90,Mr. Brian Collins,CC-150
PO-c93c596007,SUP-df3be7dc,5295.34,2025-04-29 23:47:45,approved,CNC Machines & Lathes,CAMP-012,A high-speed CNC lathe machine designed for precision machining of complex parts.,2025-06-07 23:47:45,PROD-fc1212,1,5295.34,1,2025-05-17 23:47:45,Andrew Oliver,0,0.0,0,0.0,,Net 90,Lisa Mccann,CC-103
PO-78b5bf2116,SUP-9a5998a2,140976.3,2025-08-29 00:00:59,approved,Building Maintenance & HVAC,,Professional installation and maintenance of modern HVAC systems to improve energy efficiency and indoor air quality.,2025-09-20 00:00:59,PROD-c71a58,1,140976.3,1,2025-09-04 00:00:59,Hunter Miller,0,0.0,0,0.0,CTR-7346c83254,Net 90,Samantha Hernandez,CC-166
PO-dee1da3d2c,SUP-c2a5b13e,150000.0,2024-06-28 00:00:05,completed,"Resins (PET, HDPE)",,High-quality PET resin ideal for producing durable plastic containers and bottles.,2025-10-29 00:00:05,PROD-cc00c6,1,150000.0,1,2024-07-21 00:00:05,Heather Rowland,0,0.0,0,0.0,CTR-595fb87789,Net 60,Keith Fletcher,CC-179
PO-0621a51e00,SUP-cdf2db45,30043.21,2024-12-06 00:04:01,completed,"Passive Components (Resistors, Capacitors)",,A high-precision resistor with tight tolerance for critical applications requiring exact resistance values.,2025-10-02 00:04:01,PROD-27f283,1,30043.21,1,2024-12-27 00:04:01,Elizabeth Williamson,0,0.0,0,0.0,,Net 60,Kendra Jackson,CC-153
PO-9217e8e47e,SUP-378e2b57,53357.68,2024-12-27 00:07:30,completed,Semiconductors & Integrated Circuits,,Advanced integrated circuits designed for high-performance computing applications.,2025-07-02 00:07:30,PROD-8e4cfd,1,53357.68,1,2025-01-24 00:07:30,Madison Hughes,0,0.0,0,0.0,,Net 60,Michael Archer,CC-159
PO-3ca5888683,SUP-9edbcdb0,137525.49,2023-12-27 23:55:26,completed,Access Control Systems,,"State-of-the-art access control system offering seamless integration, advanced authentication methods, and real-time monitoring for unparalleled security.",2024-02-25 23:55:26,PROD-398566,1,137525.49,1,2023-12-29 23:55:26,Joshua Perez,0,0.0,0,0.0,,Net 30,Kristen Day,CC-105
PO-81256ce86d,SUP-997c11fc,16048.23,2024-12-19 00:09:46,completed,Processing Equipment,,A high-speed processor designed to enhance efficiency and performance in various industrial applications.,2025-06-12 00:09:46,PROD-85ab70,1,16048.23,1,2025-01-13 00:09:46,Erik Miller,0,0.0,0,0.0,,Net 60,Kyle Murphy,CC-167
PO-0dfe7623e0,SUP-b6673668,5511.8,2025-01-24 23:53:04,completed,"Bottles, Jars & Cans",,A sustainable glass bottle designed to reduce plastic waste while keeping your drinks fresh and eco-friendly.,2025-03-05 23:53:04,PROD-27520f,1,5511.8,1,2025-02-15 23:53:04,David Reyes,0,0.0,0,0.0,,Net 90,Scott Gentry,CC-145
PO-322610012a,SUP-a8855b97,22621.33,2024-10-11 00:06:27,completed,"Non-Ferrous Metals (Aluminum, Copper, Lithium)",,"A high-quality, pure lithium metal capsule for advanced wellness supplements.",2025-01-12 00:06:27,PROD-0342fd,1,22621.33,1,2024-10-27 00:06:27,Monique Thomas,0,0.0,0,0.0,,Net 90,David Barron,CC-148
PO-5e538bd8a1,SUP-719998ea,150000.0,2025-11-18 00:03:49,pending,Measurement & Testing Instruments,,A high-accuracy thermometer ideal for scientific and industrial temperature measurements.,2026-01-12 00:03:49,PROD-f338d7,1,150000.0,1,2025-11-20 00:03:49,Christopher Jackson,0,0.0,0,0.0,,Net 90,Ms. Cynthia Bowman,CC-126
PO-c9660957cd,SUP-b05d574a,150000.0,2025-10-17 00:12:36,approved,Print & Copy Services,,Offering high-quality printing services to meet all your document and image requirements.,2025-11-10 00:12:36,PROD-720125,1,150000.0,1,2025-11-13 00:12:36,Michelle King,0,0.0,0,0.0,,Net 60,Taylor Hall,CC-104
PO-f9185e904d,SUP-08d1195f,31363.72,2023-10-10 23:58:18,completed,Semiconductors & Integrated Circuits,CAMP-018,Advanced semiconductor solution designed for high-performance applications.,2023-11-19 23:58:18,PROD-869a02,1,31363.72,1,2023-10-22 23:58:18,Noah Avery,0,0.0,0,0.0,,Net 30,Karen Moore,CC-139
PO-3776547496,SUP-b87367a4,9588.01,2025-01-28 23:58:43,completed,Solvents & Adhesives,CAMP-026,"A non-toxic, environmentally friendly solvent suitable for cleaning electronic components and delicate surfaces.",2025-02-12 23:58:43,PROD-6eed2d,1,9588.01,1,2025-02-14 23:58:43,Andrew Stevenson,0,0.0,0,0.0,CTR-ae19d8fc08,Net 90,April Alvarado,CC-135
PO-db8b33783f,SUP-77b65afa,81582.41,2024-08-09 00:09:10,completed,CNC Machines & Lathes,CAMP-001,A high-precision CNC lathe machine designed for efficient and accurate machining of metal components.,2025-03-19 00:09:10,PROD-feb520,1,81582.41,1,2024-09-03 00:09:10,Stephanie Wilson,0,0.0,0,0.0,CTR-72037107d8,Net 60,Patricia Stevens,CC-128
PO-d43ef62a05,SUP-2fd5614d,4784.86,2025-01-03 23:51:41,approved,"Dies, Jigs & Fixtures",,"A durable, adjustable fixture designed to securely hold camshafts during machining and assembly processes.",2025-01-20 23:51:41,PROD-a9dfd1,1,4784.86,1,2025-01-08 23:51:41,Lisa Love,0,0.0,0,0.0,CTR-7c763f306b,Net 90,Barbara Lloyd,CC-180
PO-afc37e5d07,SUP-3abe9a93,1225.57,2023-10-31 00:04:02,completed,Molds & Patterns,CAMP-007,A reusable silicone mat that offers non-stick baking surface and easy cleanup.,2023-12-15 00:04:02,PROD-eaaf87,1,1225.57,1,2023-11-15 00:04:02,Austin Owens,0,0.0,0,0.0,,Net 90,Antonio Jones,CC-165
PO-54ac56d7f5,SUP-de1b9e98,69223.01,2025-06-13 23:48:02,completed,CNC Machines & Lathes,CAMP-027,A versatile CNC lathe designed for high-precision machining of complex parts.,2025-07-06 23:48:02,PROD-8e1172,1,69223.01,1,2025-07-04 23:48:02,Vincent Best,0,0.0,0,0.0,,Net 90,Jeremy Olson,CC-110
PO-76a7395760,SUP-079df3c3,136262.71,2024-05-30 00:04:29,completed,3rd Party Logistics (3PL) Services,CAMP-017,Comprehensive third-party logistics services tailored to optimize supply chain efficiency and reduce operational costs.,2025-01-28 00:04:29,PROD-7fa039,1,136262.71,1,2024-06-14 00:04:29,Ryan Holmes,0,0.0,0,0.0,,Net 30,Kendra Carson,CC-180
PO-0fd70b5df8,SUP-582db558,150000.0,2025-05-26 23:49:57,completed,Semiconductors & Integrated Circuits,CAMP-026,A high-performance integrated circuit designed for advanced semiconductor applications.,2025-07-13 23:49:57,PROD-33fd4e,1,150000.0,1,2025-06-02 23:49:57,Stephanie Wells,0,0.0,0,0.0,,Net 90,Kent Rivers,CC-134
PO-bdc4f2bace,SUP-4494cf42,32290.57,2024-11-05 00:05:18,completed,Bulk & Specialty Chemicals,CAMP-003,Premium bulk specialty chemicals designed for high-performance laboratory and industrial applications.,2025-06-18 00:05:18,PROD-fe7369,1,32290.57,1,2024-12-02 00:05:18,James Lopez,0,0.0,0,0.0,,Net 90,Stephanie Miller,CC-127
PO-147a5e60b5,SUP-7a01cf5d,149067.31,2024-09-13 23:50:02,completed,"Cybersecurity Services (Pen Testing, Monitoring, SOC)",,"A comprehensive cybersecurity service platform offering advanced penetration testing, real-time threat monitoring, and a fully staffed Security Operations Center.",2025-03-20 23:50:02,PROD-24223b,1,149067.31,1,2024-10-12 23:50:02,Terry Smith,0,0.0,0,0.0,,Net 90,Andrew Burgess,CC-128
PO-6cd2ff691e,SUP-370d249a,1586.81,2024-07-31 00:06:39,completed,Processing Equipment,,A versatile cutting machine designed for precision tasks in manufacturing environments.,2025-12-26 00:06:39,PROD-64ad85,1,1586.81,1,2024-08-16 00:06:39,Jason Cox,0,0.0,0,0.0,CTR-bbc5e0cde3,Net 30,Heather Burton,CC-168
PO-7cfca13b13,SUP-5209f8ea,150000.0,2024-10-21 00:02:11,completed,Airlines,,"The SkyJet Premier offers luxurious seating, gourmet meals, and exceptional customer service for an unforgettable travel experience.",2025-01-30 00:02:11,PROD-76d293,1,150000.0,1,2024-11-04 00:02:11,Vanessa Barber,0,0.0,0,0.0,,Net 90,Virginia Andrews,CC-133
PO-bb7f3cbd66,SUP-89ada60c,18606.63,2023-03-14 00:07:31,completed,Bulk & Specialty Chemicals,,Advanced catalyst compound designed to enhance industrial reactions efficiently.,2023-03-27 00:07:31,PROD-feffc1,1,18606.63,1,2023-04-06 00:07:31,Patrick Ramirez,0,0.0,0,0.0,,Net 60,Lucas Gray,CC-161
PO-c4cf45cb4a,SUP-06b776d7,72342.04,2025-06-27 00:05:18,completed,Solvents & Adhesives,CAMP-018,"A non-toxic, environmentally friendly solvent suitable for cleaning electronic components and delicate surfaces.",2025-08-22 00:05:18,PROD-6eed2d,1,72342.04,1,2025-07-07 00:05:18,Christine Walker,0,0.0,0,0.0,,Net 60,Terry Wilkinson,CC-145
PO-b6b36b0e79,SUP-c2a5b13e,146928.89,2023-12-28 23:56:27,completed,Litigation & Dispute Resolution,CAMP-021,"A comprehensive software solution designed to streamline and optimize litigation processes, reducing costs and accelerating resolution times.",2024-02-24 23:56:27,PROD-4011c4,1,146928.89,1,2024-01-05 23:56:27,Juan Zimmerman,0,0.0,0,0.0,CTR-dcfdd76666,Net 60,Travis Singh,CC-173
PO-728749c9ee,SUP-29651e7b,105017.15,2023-08-11 23:59:20,completed,"Safety Gloves, Goggles & Hard Hats",,"Durable safety gloves, goggles, and hard hats designed to protect your hands, eyes, and head during hazardous work environments.",2023-09-29 23:59:20,PROD-e519b4,1,105017.15,1,2023-08-26 23:59:20,Amanda Howard,0,0.0,0,0.0,,Net 30,Justin Hall,CC-116
PO-1acdf1a14b,SUP-b1215581,16627.65,2025-12-01 00:07:20,completed,Equipment-Specific Spare Parts,CAMP-016,High-grade steel alloy rod designed for precision engineering applications.,2026-01-13 00:07:20,PROD-f81e14,1,16627.65,1,2025-12-15 00:07:20,James Johnson,0,0.0,0,0.0,,Net 30,Kyle Parker MD,CC-176
PO-734355f00d,SUP-3e3ecbe0,37363.32,2024-03-28 23:47:05,completed,"Passive Components (Resistors, Capacitors)",,High-precision film resistors designed for accurate and stable performance in electronic circuits.,2025-07-26 23:47:05,PROD-6a1c9d,1,37363.32,1,2024-04-22 23:47:05,Miranda Solis,0,0.0,0,0.0,,Net 60,Dennis Walls,CC-100
PO-579c138c14,SUP-c2a5b13e,150000.0,2024-03-28 00:13:12,completed,Brand Tracking & Analytics,,A powerful tool providing comprehensive brand tracking and analytics to enhance market strategies.,2025-12-06 00:13:12,PROD-2eefb3,1,150000.0,1,2024-04-05 00:13:12,Peter Ford,0,0.0,0,0.0,CTR-47def758dc,Net 60,Curtis Bradley,CC-162
PO-34cc853564,SUP-5a0d18b0,4942.77,2025-10-27 23:50:02,approved,"Analytical Equipment (Spectrometers, Microscopes)",CAMP-028,A high-performance spectrometer designed for precise and reliable analysis of light spectra across various applications.,2025-12-23 23:50:02,PROD-f13405,1,4942.77,1,2025-11-16 23:50:02,Danielle Peterson PhD,0,0.0,0,0.0,,Net 60,Briana Gilbert,CC-125
PO-801ac29c7b,SUP-ebf108f5,124479.42,2024-12-28 00:02:15,completed,Forklifts & Pallet Jacks,,A versatile electric lift designed to streamline heavy lifting tasks on any warehouse floor.,2025-07-12 00:02:15,PROD-b09b67,1,124479.42,1,2025-01-17 00:02:15,Barbara Rice,0,0.0,0,0.0,,Net 30,Kathy Ayers,CC-175
PO-d925b96c78,SUP-a204ecaf,25807.37,2024-08-02 23:53:09,completed,Semiconductors & Integrated Circuits,,Advanced integrated circuits designed for high-performance computing applications.,2025-01-25 23:53:09,PROD-8e4cfd,1,25807.37,1,2024-08-11 23:53:09,Steven Frey,0,0.0,0,0.0,,Net 30,Michelle Guzman,CC-102
PO-ad91cf5624,SUP-6be519f6,14782.64,2025-07-04 00:02:49,completed,Motors & Pumps,,A high-performance electric motor designed for industrial applications requiring reliability and efficiency.,2025-08-31 00:02:49,PROD-569e5f,1,14782.64,1,2025-07-13 00:02:49,Michelle Powers,0,0.0,0,0.0,,Net 90,Ronnie Williams,CC-130
PO-e2255f877a,SUP-b1215581,78414.81,2024-06-24 23:48:01,completed,Forklifts & Pallet Jacks,,A robust and efficient industrial forklift designed for heavy-duty material handling tasks.,2025-11-14 23:48:01,PROD-6c9fa7,1,78414.81,1,2024-07-23 23:48:01,Willie Miller,0,0.0,0,0.0,,Net 30,Teresa Campbell,CC-114
PO-cc47e08ed4,SUP-65a145ca,150000.0,2023-09-02 00:13:59,completed,"Analytical Equipment (Spectrometers, Microscopes)",,A high-performance spectrometer designed to deliver precise and reliable analytical results for various applications.,2023-09-26 00:13:59,PROD-f7490b,1,150000.0,1,2023-09-16 00:13:59,Charles Evans,0,0.0,0,0.0,,Net 30,Adam Snow,CC-127
PO-2de0d330bf,SUP-f0c3853e,150000.0,2024-11-08 23:53:05,completed,Litigation & Dispute Resolution,,"A comprehensive software solution designed to streamline and optimize litigation processes, reducing costs and accelerating resolution times.",2025-05-02 23:53:05,PROD-4011c4,1,150000.0,1,2024-11-15 23:53:05,Sherry Robles,0,0.0,0,0.0,,Net 90,Steven Perkins,CC-110
PO-c27dbbd3be,SUP-5a0d18b0,11613.15,2024-11-15 00:06:11,completed,CNC Machines & Lathes,CAMP-028,A high-precision CNC lathe machine designed for efficient and accurate machining of metal components.,2025-09-17 00:06:11,PROD-feb520,1,11613.15,1,2024-11-23 00:06:11,Pamela Greene,0,0.0,0,0.0,,Net 60,David Brown,CC-149
PO-f21413cb4d,SUP-08d1195f,150000.0,2024-01-05 23:50:40,completed,Building Maintenance & HVAC,,A state-of-the-art air purification system designed to enhance indoor air quality and maintain optimal comfort levels.,2025-10-23 23:50:40,PROD-08bbb7,1,150000.0,1,2024-01-24 23:50:40,Sue Johnson,0,0.0,0,0.0,,Net 30,Jessica Velasquez,CC-148
PO-8895ea3ef0,SUP-2fd5614d,13697.89,2024-11-19 00:09:59,completed,Measurement & Testing Instruments,CAMP-017,A high-accuracy thermometer ideal for scientific and industrial temperature measurements.,2025-01-31 00:09:59,PROD-f338d7,1,13697.89,1,2024-12-19 00:09:59,Lori Joseph,0,0.0,0,0.0,,Net 90,John Whitaker,CC-109
PO-c1d09d99fc,SUP-dfe322ae,5898.63,2024-01-04 23:52:55,completed,Semiconductors & Integrated Circuits,,A high-performance integrated circuit designed to efficiently regulate power for advanced semiconductor applications.,2025-08-11 23:52:55,PROD-d4013b,1,5898.63,1,2024-01-22 23:52:55,Dr. Olivia Barnett,0,0.0,0,0.0,,Net 30,Stephanie Townsend,CC-139
PO-c960c71c88,SUP-8f5a9f12,104344.93,2025-02-28 23:59:12,completed,"Non-Ferrous Metals (Aluminum, Copper, Lithium)",CAMP-007,High-quality copper coil springs designed for durability and flexibility.,2025-04-16 23:59:12,PROD-f8ef5e,1,104344.93,1,2025-03-18 23:59:12,Stephen Jordan,0,0.0,0,0.0,,Net 60,Amanda Jordan,CC-128
PO-3e426069f2,SUP-28fe5d35,62364.18,2025-11-28 23:55:01,approved,Fall Protection & Respiratory Gear,CAMP-024,A durable and reliable fall protection harness designed to enhance safety during work at heights.,2025-12-20 23:55:01,PROD-eafa3f,1,62364.18,1,2025-12-11 23:55:01,Aaron Estrada Jr.,0,0.0,0,0.0,,Net 30,Anita Richmond,CC-150
PO-ea761f2617,SUP-b3ebfbc3,6121.24,2025-07-18 00:00:47,completed,"Fasteners (Nuts, Bolts, Screws)",,High-strength steel bolt ideal for construction and industrial applications.,2025-08-12 00:00:47,PROD-579585,1,6121.24,1,2025-07-28 00:00:47,Amber Edwards,0,0.0,0,0.0,,Net 60,Whitney Ball,CC-140
PO-4fa596be02,SUP-41c018fa,44403.82,2023-09-30 00:10:23,completed,"Coatings, Pigments & Dyes",CAMP-009,A durable coating that provides long-lasting protection against UV rays and weather damage.,2023-10-09 00:10:23,PROD-d56e6c,1,44403.82,1,2023-10-10 00:10:23,Matthew Curry,0,0.0,0,0.0,CTR-d0c3ff698c,Net 30,Alison Jones,CC-107
PO-485e66966c,SUP-5a0d18b0,19826.11,2023-10-26 00:13:12,completed,Semiconductors & Integrated Circuits,,A high-performance integrated circuit designed to efficiently regulate power for advanced semiconductor applications.,2023-12-09 00:13:12,PROD-d4013b,1,19826.11,1,2023-11-04 00:13:12,Joseph Nguyen,0,0.0,0,0.0,,Net 60,Kyle Parrish,CC-144
PO-be3ec51311,SUP-313f1ddd,150000.0,2024-11-20 23:53:48,completed,Digital Marketing & SEO/SEM,,A comprehensive digital marketing tool designed to optimize your website's search engine rankings and drive organic traffic.,2025-07-08 23:53:48,PROD-c214fe,1,150000.0,1,2024-12-14 23:53:48,Terrence Williams,0,0.0,0,0.0,CTR-0b46fd9e70,Net 90,Michael Moore,CC-108
PO-03060afff8,SUP-b0bf7037,28215.99,2023-02-27 00:09:58,completed,"Analytical Equipment (Spectrometers, Microscopes)",,A high-performance spectrometer designed to deliver precise and reliable analytical results for various applications.,2023-04-27 00:09:58,PROD-f7490b,1,28215.99,1,2023-03-14 00:09:58,Joseph Lindsey,0,0.0,0,0.0,CTR-6d76868160,Net 60,Eduardo Smith,CC-117
PO-568fd8ca87,SUP-a204ecaf,1777.92,2023-11-15 23:56:06,completed,CNC Machines & Lathes,,A state-of-the-art CNC lathe machine designed for precision manufacturing of complex parts.,2023-11-24 23:56:06,PROD-63e472,1,1777.92,1,2023-12-09 23:56:06,Darren Velasquez,0,0.0,0,0.0,CTR-9ad1c5d01b,Net 30,Amanda Martin,CC-161
PO-2916f2e818,SUP-e844a762,1740.46,2023-11-16 00:02:55,completed,Fall Protection & Respiratory Gear,CAMP-014,A durable and reliable fall protection harness designed to enhance safety during work at heights.,2024-01-06 00:02:55,PROD-eafa3f,1,1740.46,1,2023-11-24 00:02:55,Sarah Carr,0,0.0,0,0.0,CTR-8fa52b43d6,Net 90,Jean Brown,CC-165
PO-a2860eef91,SUP-b87367a4,10987.5,2024-11-28 23:51:16,completed,CNC Machines & Lathes,,Advanced CNC lathe machine designed for high-precision machining of complex parts.,2025-05-06 23:51:16,PROD-af9719,1,10987.5,1,2024-12-20 23:51:16,Michael Watson,0,0.0,0,0.0,,Net 90,Dawn Washington,CC-172
PO-d023f91110,SUP-51c242d5,2385.07,2024-05-10 00:00:22,completed,"Passive Components (Resistors, Capacitors)",,A high-precision resistor with tight tolerance for critical applications requiring exact resistance values.,2025-04-27 00:00:22,PROD-27f283,1,2385.07,1,2024-05-11 00:00:22,Christopher Ross,0,0.0,0,0.0,CTR-8e42936f1e,Net 60,Christina Gutierrez,CC-172
PO-cfca27fb0f,SUP-313f1ddd,612.48,2023-10-26 00:11:06,completed,CNC Machines & Lathes,,Advanced CNC lathe machine designed for high-precision machining of complex parts.,2023-11-13 00:11:06,PROD-af9719,1,612.48,1,2023-11-17 00:11:06,Jacob Gates,0,0.0,0,0.0,CTR-4f4728ea3d,Net 90,Bruce Eaton,CC-139
PO-a2715a7453,SUP-41c018fa,64736.2,2023-09-08 23:49:22,completed,Molds & Patterns,,A high-quality mold kit designed to provide accurate and durable molds for various crafting projects.,2023-09-19 23:49:22,PROD-41b13e,1,64736.2,1,2023-09-20 23:49:22,Kristin Phillips,0,0.0,0,0.0,,Net 30,Haley Beck,CC-106
PO-60a7c9eb7b,SUP-08d1195f,26930.04,2024-01-11 00:09:42,completed,Processing Equipment,,A state-of-the-art processing equipment designed to handle complex data tasks with precision and speed.,2025-08-01 00:09:42,PROD-1658b2,1,26930.04,1,2024-01-12 00:09:42,Ian Ferguson,0,0.0,0,0.0,,Net 30,Regina Romero,CC-116
PO-d6c3f939fb,SUP-738d7f09,150000.0,2025-11-03 23:54:38,pending,Waste Management & Recycling,,"A durable, leak-proof recycling bin designed to streamline waste management and reduce contamination.",2025-12-01 23:54:38,PROD-6c51e5,1,150000.0,1,2025-12-03 23:54:38,Lawrence Richardson,0,0.0,0,0.0,CTR-c5b430aac9,Net 60,Caleb Frey,CC-158
PO-8796df4af2,SUP-5209f8ea,150000.0,2024-05-15 00:05:03,completed,Print & Copy Services,,Professional print services offering high-speed printing solutions for all your document needs.,2025-07-05 00:05:03,PROD-ef6178,1,150000.0,1,2024-05-31 00:05:03,Alexandra Yates,0,0.0,0,0.0,CTR-001a8fd14a,Net 90,Timothy Zamora,CC-148
PO-244379fff6,SUP-7a46a7ca,708.07,2025-01-28 23:58:45,completed,Processing Equipment,CAMP-002,A state-of-the-art processing equipment designed to handle complex data tasks with precision and speed.,2025-02-12 23:58:45,PROD-1658b2,1,708.07,1,2025-02-14 23:58:45,Daniel Lewis,0,0.0,0,0.0,,Net 30,Melissa Craig,CC-171
PO-ADJ-8bba32fa,SUP-5677bc35,3537.2299999999996,2024-07-07 12:45:50,Approved,,,,2024-09-04 12:45:50,PROD-7fb37b,19,186.17,1,2024-07-22 12:45:50,Julie Black,19,3537.2299999999996,19,3537.2299999999996,,Net 90,Mary Meyers,CC-121
PO-ADJ-41fb69a7,SUP-469e0830,20389.2,2024-04-21 05:02:30,Pending Approval,,,,2024-06-07 05:02:30,PROD-6eed2d,26,784.2,1,2024-05-06 05:02:30,Beth Jordan,26,20389.2,26,20389.2,,Net 60,Susan Barron,CC-136
PO-ADJ-e7b76f30,SUP-5b82c6f6,3779.75,2023-11-26 16:20:05,Delivered,,,,2023-12-26 16:20:05,PROD-869a02,13,290.75,1,2023-12-02 16:20:05,Julie Briggs,0,0.0,6,1744.5,,Net 60,Julie Kennedy,CC-107
PO-ADJ-099d65f4,SUP-ad975ee2,27610.079999999998,2024-08-31 08:15:20,Closed,,,,2024-09-24 08:15:20,PROD-00b73c,97,284.64,1,2024-09-30 08:15:20,Joy Thompson,0,0.0,52,14801.279999999999,CTR-d8984a20b4,Net 30,Jennifer Johnson,CC-135
PO-ADJ-d9f47165,SUP-46aab4bc,54634.939999999995,2025-10-01 18:41:21,Closed,,,,2025-10-31 18:41:21,PROD-869a02,86,635.29,1,2025-10-11 18:41:21,Debra Miller,0,0.0,78,49552.619999999995,,Net 30,Rachel Patterson,CC-173
PO-ADJ-529146d0,SUP-79c79079,17009.190000000002,2024-02-03 07:42:08,Closed,,,,2024-03-31 07:42:08,PROD-45bb57,27,629.97,1,2024-02-27 07:42:08,Candice Smith,0,0.0,24,15119.28,,Net 90,Kayla Carpenter,CC-111
PO-ADJ-eacdc90c,SUP-a1ddc063,76925.16,2023-12-15 01:50:27,Closed,,,,2023-12-30 01:50:27,PROD-feffc1,78,986.22,1,2024-01-12 01:50:27,Rachael Carr,0,0.0,75,73966.5,CTR-128a610cb2,Net 30,Sarah Mcneil,CC-100
PO-ADJ-89a74ed4,SUP-7a12c9fa,43986.72,2025-01-12 09:03:05,Closed,,,,2025-02-17 09:03:05,PROD-d56e6c,48,916.39,1,2025-02-03 09:03:05,Kelly Hernandez,0,0.0,16,14662.24,CTR-8564b5dd9d,Net 30,Cindy Hess,CC-128
PO-ADJ-49890dbe,SUP-aee2f52d,74274.04,2024-03-25 16:54:45,Rejected,,,,2024-05-13 16:54:45,PROD-8e4cfd,76,977.29,1,2024-03-28 16:54:45,Matthew Payne,76,74274.04,76,74274.04,CTR-f26b8ea919,Net 60,George Monroe,CC-175
PO-ADJ-9063fa2f,SUP-9d317167,12290.17,2024-09-24 10:16:27,Rejected,,,,2024-10-19 10:16:27,PROD-511d12,53,231.89,1,2024-10-09 10:16:27,Julian Brooks,53,12290.17,53,12290.17,,Net 30,Joseph Castaneda,CC-118
PO-ADJ-8f34546b,SUP-7b629e8f,47833.200000000004,2025-10-06 04:22:49,Partially Received,,,,2025-10-25 04:22:49,PROD-579585,60,797.22,1,2025-10-08 04:22:49,Donald Smith,50,39861.0,60,47833.200000000004,,Net 60,Amy Sutton,CC-156
PO-ADJ-7c8e901f,SUP-41c018fa,3593.4300000000003,2024-09-29 02:28:05,Draft,,,,2024-11-10 02:28:05,PROD-27f283,27,133.09,1,2024-10-16 02:28:05,Jessica Anderson,27,3593.4300000000003,27,3593.4300000000003,,Net 60,Raymond Williams,CC-180
PO-ADJ-37032d5b,SUP-40fa6743,27349.289999999997,2025-10-01 12:26:17,Partially Received,,,,2025-11-25 12:26:17,PROD-de7ded,43,636.03,1,2025-10-17 12:26:17,Paul Bell,38,24169.14,39,24805.17,,Net 90,Laura Green,CC-148
PO-ADJ-1ff3195e,SUP-079df3c3,5034.259999999999,2024-07-17 00:13:31,Approved,,,,2024-09-15 00:13:31,PROD-cc00c6,98,51.37,1,2024-08-12 00:13:31,Christopher Hartman,98,5034.259999999999,98,5034.259999999999,,Net 30,Jonathan Allen,CC-151
PO-ADJ-71005d66,SUP-9e9e8bb2,26670.600000000002,2025-09-05 22:22:39,Issued,,,,2025-10-12 22:22:39,PROD-12ef9d,66,404.1,1,2025-09-16 22:22:39,William Lucero,27,10910.7,46,18588.600000000002,CTR-33178b2bcc,Net 30,Antonio Miller,CC-157
PO-ADJ-b45fddf3,SUP-0d23864d,7661.9400000000005,2024-10-16 05:34:26,Approved,,,,2024-11-11 05:34:26,PROD-27f283,47,163.02,1,2024-11-05 05:34:26,Todd Washington,47,7661.9400000000005,47,7661.9400000000005,,Net 60,Raymond Smith,CC-136
PO-ADJ-aa9fd498,SUP-3a7fde11,10129.96,2025-08-30 09:47:24,Cancelled,,,,2025-09-08 09:47:24,PROD-579585,34,297.94,1,2025-09-14 09:47:24,Mandy Jackson,34,10129.96,34,10129.96,,Net 90,Kathleen Perez,CC-112
PO-ADJ-06d01d10,SUP-b05d574a,4169.5199999999995,2025-10-03 03:11:26,Pending Approval,,,,2025-11-30 03:11:26,PROD-64756c,9,463.28,1,2025-10-23 03:11:26,Joshua Spencer,9,4169.5199999999995,9,4169.5199999999995,,Net 60,Cole Thomas,CC-123
PO-ADJ-f25a9227,SUP-677b883e,7899.84,2025-08-30 00:03:56,Issued,,,,2025-10-23 00:03:56,PROD-e4a688,24,329.16,1,2025-09-01 00:03:56,Christian Ferguson,9,2962.44,15,4937.400000000001,,Net 30,Jonathan Michael,CC-117
PO-ADJ-4f9a1a96,SUP-719998ea,53274.76,2025-10-17 02:44:16,Closed,,,,2025-11-03 02:44:16,PROD-511d12,77,691.88,1,2025-11-09 02:44:16,Daniel Wiley,0,0.0,20,13837.6,,Net 60,Michael Brady,CC-167
PO-ADJ-6cb3ff58,SUP-079df3c3,8106.349999999999,2025-08-10 05:57:38,Closed,,,,2025-09-17 05:57:38,PROD-6236a6,53,152.95,1,2025-09-04 05:57:38,Alfred Bates,0,0.0,44,6729.799999999999,,Net 60,Craig Thompson,CC-168
PO-ADJ-0be80f2d,SUP-b6458066,43439.1,2024-07-17 01:42:30,Approved,,,,2024-09-07 01:42:30,PROD-cc00c6,87,499.3,1,2024-08-05 01:42:30,Thomas Young,87,43439.1,87,43439.1,,Net 90,Jesse Evans,CC-148
PO-ADJ-d5712b7a,SUP-a329c0aa,7971.81,2025-06-26 06:53:01,Issued,,,,2025-08-03 06:53:01,PROD-6236a6,11,724.71,1,2025-07-22 06:53:01,Paul Watson,7,5072.97,8,5797.68,CTR-38419fb006,Net 60,Alexis Cohen,CC-177
PO-ADJ-a331f630,SUP-c8778007,2927.9500000000003,2023-12-13 02:41:17,Cancelled,,,,2024-02-04 02:41:17,PROD-12ef9d,31,94.45,1,2023-12-18 02:41:17,Justin Clark,31,2927.9500000000003,31,2927.9500000000003,,Net 60,Angela Marshall,CC-137
PO-ADJ-1c7da99a,SUP-a71b8347,497.88,2024-11-07 13:20:27,Issued,,,,2024-11-18 13:20:27,PROD-8e4cfd,4,124.47,1,2024-11-18 13:20:27,David Ortega Jr.,4,497.88,4,497.88,,Net 30,Nicholas Rodriguez,CC-113
PO-ADJ-0edd5a25,SUP-8f5a9f12,24158.97,2024-05-19 04:14:53,Delivered,,,,2024-07-14 04:14:53,PROD-f8ef5e,69,350.13,1,2024-06-04 04:14:53,Mary Munoz,0,0.0,40,14005.2,CTR-212d73fed5,Net 90,Kevin Hart,CC-120
PO-ADJ-a43339b3,SUP-59c86bba,5976.96,2024-05-29 14:13:17,Closed,,,,2024-07-07 14:13:17,PROD-6236a6,88,67.92,1,2024-06-03 14:13:17,Terri Gomez,0,0.0,63,4278.96,,Net 30,Casey Murray,CC-139
PO-ADJ-57653d07,SUP-46aab4bc,46344.54,2024-03-01 10:34:12,Rejected,,,,2024-04-11 10:34:12,PROD-e4a688,71,652.74,1,2024-03-10 10:34:12,Holly Zhang,71,46344.54,71,46344.54,,Net 60,Dakota Reed,CC-103
PO-ADJ-0228e517,SUP-2cfc533c,8177.0,2024-10-05 11:37:36,Pending Approval,,,,2024-10-20 11:37:36,PROD-6eed2d,20,408.85,1,2024-10-22 11:37:36,Douglas Cox,20,8177.0,20,8177.0,,Net 30,Steven Wagner,CC-131
PO-ADJ-fb50f26e,SUP-f3dcd627,5982.12,2023-12-22 00:25:14,Issued,,,,2024-01-26 00:25:14,PROD-feffc1,6,997.02,1,2024-01-05 00:25:14,Michelle Fowler,6,5982.12,6,5982.12,CTR-b373d9ff5c,Net 90,Brittney Garcia,CC-178
PO-ADJ-388336ec,SUP-670e0f8f,58078.9,2024-01-13 20:38:17,Issued,,,,2024-02-18 20:38:17,PROD-511d12,74,784.85,1,2024-01-22 20:38:17,Lynn Lee,10,7848.5,53,41597.05,,Net 90,Jodi Powell,CC-177
PO-ADJ-e2472a2c,SUP-fbb02420,21052.63,2025-02-28 08:37:09,Approved,,,,2025-03-24 08:37:09,PROD-27520f,37,568.99,1,2025-03-26 08:37:09,Ethan Murray,37,21052.63,37,21052.63,CTR-ed76bdbb54,Net 60,Marissa White MD,CC-111
PO-ADJ-8fcfc117,SUP-a71b8347,613.2,2025-09-30 21:30:21,Closed,,,,2025-10-22 21:30:21,PROD-8e4cfd,8,76.65,1,2025-10-13 21:30:21,Joshua Charles,0,0.0,0,0.0,,Net 30,Michael Kim,CC-139
PO-ADJ-022b7af2,SUP-47752d48,46172.61,2025-09-10 18:35:37,Partially Received,,,,2025-10-01 18:35:37,PROD-27f283,99,466.39,1,2025-09-30 18:35:37,Felicia Rhodes,96,44773.44,98,45706.22,,Net 60,Dr. Blake Reynolds MD,CC-167
PO-ADJ-7746dfb1,SUP-469e0830,4996.8,2025-04-12 03:44:12,Partially Received,,,,2025-05-15 03:44:12,PROD-64756c,16,312.3,1,2025-04-26 03:44:12,Robin Brock,0,0.0,4,1249.2,,Net 90,Shaun Christian,CC-101
PO-ADJ-69072aa7,SUP-b4f51b18,18345.86,2025-01-22 19:20:54,Closed,,,,2025-03-22 19:20:54,PROD-6eed2d,82,223.73,1,2025-02-08 19:20:54,Christopher Williams,0,0.0,67,14989.91,CTR-58d455c5ae,Net 90,Jeffrey Bray,CC-128
PO-ADJ-935dbb96,SUP-657e4b11,40684.14,2024-07-06 23:52:20,Delivered,,,,2024-08-19 23:52:20,PROD-de7ded,94,432.81,1,2024-07-11 23:52:20,Amanda Valenzuela,0,0.0,79,34191.99,,Net 60,Sara Lee,CC-100
PO-ADJ-a8955f69,SUP-d52c027a,9066.24,2024-07-11 16:54:01,Approved,,,,2024-09-08 16:54:01,PROD-27f283,64,141.66,1,2024-07-12 16:54:01,Sarah Hernandez,64,9066.24,64,9066.24,,Net 90,Christopher Williams,CC-141
PO-ADJ-9bf7fe08,SUP-9edbcdb0,83165.88,2025-10-11 12:26:23,Closed,,,,2025-11-09 12:26:23,PROD-8e4cfd,84,990.07,1,2025-10-28 12:26:23,Tyler Diaz,0,0.0,76,75245.32,CTR-31d665662e,Net 60,Nancy Powell,CC-151
PO-ADJ-d641ae26,SUP-159e15cd,2173.22,2024-06-10 06:30:03,Delivered,,,,2024-08-06 06:30:03,PROD-511d12,38,57.19,1,2024-06-25 06:30:03,Christina Mason,0,0.0,22,1258.1799999999998,CTR-4ec54837d9,Net 90,Kristina Holmes,CC-100
PO-ADJ-49e1cca6,SUP-3ce24001,12062.4,2025-02-10 10:13:14,Closed,,,,2025-03-04 10:13:14,PROD-6236a6,42,287.2,1,2025-02-12 10:13:14,Caitlin Oliver,0,0.0,35,10052.0,CTR-5cbaba4d7b,Net 90,Keith Mcneil,CC-144
PO-ADJ-0cf4f3a0,SUP-02af31f0,33632.939999999995,2025-04-03 10:59:49,Draft,,,,2025-05-10 10:59:49,PROD-e4a688,66,509.59,1,2025-04-12 10:59:49,Ryan Avila,66,33632.939999999995,66,33632.939999999995,,Net 30,Carl Velasquez,CC-154
PO-ADJ-03918223,SUP-f3355d8c,11801.460000000001,2024-05-06 09:21:11,Delivered,,,,2024-05-25 09:21:11,PROD-64756c,66,178.81,1,2024-05-17 09:21:11,Deborah Lopez,0,0.0,53,9476.93,,Net 60,Miguel Jefferson,CC-171
PO-ADJ-657ff3c9,SUP-2cfc533c,1938.44,2025-05-01 17:19:08,Closed,,,,2025-05-30 17:19:08,PROD-1ed873,49,39.56,1,2025-05-14 17:19:08,Philip Travis,0,0.0,1,39.56,,Net 90,Steven Daniel,CC-121
PO-ADJ-e33d0e8e,SUP-dcb82063,18967.76,2024-03-06 21:18:14,Delivered,,,,2024-03-14 21:18:14,PROD-6eed2d,28,677.42,1,2024-03-16 21:18:14,Lisa Owens,0,0.0,19,12870.98,,Net 30,Kimberly West,CC-100
PO-ADJ-25441b9c,SUP-0995d758,18054.41,2025-01-28 09:42:09,Closed,,,,2025-03-22 09:42:09,PROD-8cda6e,43,419.87,1,2025-02-23 09:42:09,Charles Crawford,0,0.0,13,5458.31,CTR-9212999fb6,Net 30,Andrew Perez,CC-167
PO-ADJ-642f1fab,SUP-3abe9a93,448.65000000000003,2024-04-09 17:39:24,Delivered,,,,2024-04-22 17:39:24,PROD-7fb37b,5,89.73,1,2024-04-28 17:39:24,Cory Johnson,0,0.0,0,0.0,,Net 90,Samantha Robinson,CC-176
PO-ADJ-365cc30e,SUP-367a66a5,21576.17,2024-06-04 04:00:03,Pending Approval,,,,2024-07-07 04:00:03,PROD-d4013b,77,280.21,1,2024-07-02 04:00:03,Tristan Pierce,77,21576.17,77,21576.17,,Net 60,Darrell Smith,CC-112
PO-ADJ-0b6b3899,SUP-5a0ffd38,34248.24,2025-05-01 05:55:11,Closed,,,,2025-06-17 05:55:11,PROD-339edb,39,878.16,1,2025-05-28 05:55:11,Holly Wheeler,0,0.0,34,29857.44,,Net 30,Annette Jimenez,CC-164
PO-ADJ-2ab8b743,SUP-f3dcd627,17892.0,2025-01-25 14:46:06,Closed,,,,2025-02-27 14:46:06,PROD-869a02,28,639.0,1,2025-02-10 14:46:06,Paula Davis,0,0.0,19,12141.0,,Net 90,Debra Jordan,CC-167
PO-ADJ-17ee4042,SUP-68d927d2,32352.82,2024-08-10 22:46:44,Issued,,,,2024-09-21 22:46:44,PROD-33fd4e,38,851.39,1,2024-08-22 22:46:44,Edward Jones,26,22136.14,26,22136.14,,Net 30,James Smith,CC-120
PO-ADJ-e7a6dd62,SUP-47d37bde,3071.92,2025-06-25 01:39:10,Issued,,,,2025-07-27 01:39:10,PROD-33fd4e,38,80.84,1,2025-07-17 01:39:10,Linda Morales,26,2101.84,37,2991.08,,Net 30,Laura Cortez,CC-167
PO-ADJ-86f5f753,SUP-47d37bde,13620.06,2024-09-14 11:33:56,Delivered,,,,2024-11-10 11:33:56,PROD-8e4cfd,17,801.18,1,2024-10-13 11:33:56,Kendra Marsh,0,0.0,3,2403.54,CTR-dbf1f70872,Net 60,James Flores,CC-148
PO-ADJ-bcbe8c53,SUP-26517beb,35192.76,2025-03-08 08:26:02,Issued,,,,2025-04-17 08:26:02,PROD-feffc1,69,510.04,1,2025-03-27 08:26:02,Melvin Smith,41,20911.64,67,34172.68,,Net 30,James Anderson,CC-177
PO-ADJ-ec496170,SUP-89ada60c,11288.55,2024-05-05 21:39:38,Closed,,,,2024-05-19 21:39:38,PROD-fe7369,35,322.53,1,2024-06-03 21:39:38,Matthew Simmons,0,0.0,25,8063.249999999999,CTR-ef94ce60c2,Net 90,Sherri Myers,CC-127
PO-ADJ-d3a77301,SUP-30adb487,33238.92,2024-05-18 13:58:56,Partially Received,,,,2024-07-13 13:58:56,PROD-33fd4e,52,639.21,1,2024-06-03 13:58:56,Jacob Norris,25,15980.25,25,15980.25,CTR-40dd3da99d,Net 90,Cynthia Gonzalez,CC-107
PO-ADJ-0e9beb51,SUP-677b883e,1146.78,2025-03-28 00:28:40,Draft,,,,2025-04-23 00:28:40,PROD-8cda6e,6,191.13,1,2025-04-12 00:28:40,Michael May,6,1146.78,6,1146.78,,Net 90,Jason Smith PhD,CC-155
PO-ADJ-59163344,SUP-f0820b68,71344.0,2024-06-10 19:44:10,Closed,,,,2024-07-20 19:44:10,PROD-33fd4e,80,891.8,1,2024-07-09 19:44:10,Cynthia Taylor,0,0.0,60,53508.0,CTR-cc31bee63c,Net 90,Sean Hood,CC-125
PO-ADJ-8e0a7378,SUP-cfff7967,8881.22,2024-10-10 07:31:31,Partially Received,,,,2024-11-04 07:31:31,PROD-8cda6e,43,206.54,1,2024-10-20 07:31:31,Stephen Kim,7,1445.78,17,3511.18,,Net 30,Austin Jacobson,CC-173
PO-ADJ-62fa2773,SUP-e925e86a,25631.440000000002,2024-12-17 07:33:46,Closed,,,,2025-01-23 07:33:46,PROD-6236a6,86,298.04,1,2025-01-15 07:33:46,Joel Booker,0,0.0,43,12815.720000000001,,Net 30,Christina Lester,CC-172
PO-ADJ-9c13f791,SUP-677b883e,67007.74,2024-06-27 02:19:47,Approved,,,,2024-07-22 02:19:47,PROD-8e4cfd,74,905.51,1,2024-07-25 02:19:47,Emily Martinez,74,67007.74,74,67007.74,,Net 90,Anthony Moore,CC-123
PO-ADJ-b2a7eef3,SUP-10bd4282,15491.840000000002,2025-05-06 15:03:51,Approved,,,,2025-06-19 15:03:51,PROD-cc00c6,49,316.16,1,2025-05-27 15:03:51,Brooke Collins,49,15491.840000000002,49,15491.840000000002,,Net 60,Alex Castillo,CC-153
PO-ADJ-bf70648a,SUP-5209f8ea,16035.84,2024-09-13 13:11:10,Delivered,,,,2024-11-05 13:11:10,PROD-fe7369,29,552.96,1,2024-09-16 13:11:10,Mr. Jeffrey Anderson,0,0.0,16,8847.36,,Net 60,Mrs. Regina Wilson,CC-140
PO-ADJ-ad69bc16,SUP-657e4b11,14238.17,2023-12-16 17:26:20,Issued,,,,2024-02-07 17:26:20,PROD-fe7369,79,180.23,1,2024-01-02 17:26:20,Mr. Jake Dennis,13,2342.99,56,10092.88,,Net 90,Jacob Davis,CC-123
